company,statement_type,compare_basis,period,period_role,source_file,item_raw,item,item_en,item_code,level_1,level_2,level_3,parent_section,row_type,is_total,sign,value,source_period_col,currency
Luxshare,BS,qoq,2026Q2,current,002475_Luxshare_2026_Q2_??????????.csv,????????,????????,Cash and Cash Equivalents,BS_CA_CASH,Assets,Current Assets,Cash and Cash Equivalents,Current Assets,detail,N,1,71812397443,????????,CNY
Luxshare,BS,qoq,2026Q2,current,002475_Luxshare_2026_Q2_??????????.csv,??????????????,??????????????,Trading Financial Assets,BS_CA_TRAD_FINA_ASSE,Assets,Current Assets,Trading Financial Assets,Current Assets,detail,N,1,3541721336,????????,CNY
Luxshare,BS,qoq,2026Q2,current,002475_Luxshare_2026_Q2_??????????.csv,????????????,????????????,Derivative Financial Assets,BS_CA_DERI_FINA_ASSE,Assets,Current Assets,Derivative Financial Assets,Current Assets,detail,N,1,66535220.81,????????,CNY
Luxshare,BS,qoq,2026Q2,current,002475_Luxshare_2026_Q2_??????????.csv,????????,????????,Notes Receivable,BS_CA_NOTE_RECE,Assets,Current Assets,Notes Receivable,Current Assets,detail,N,1,1488082075,????????,CNY
Luxshare,BS,qoq,2026Q2,current,002475_Luxshare_2026_Q2_??????????.csv,????????,????????,Accounts Receivable,BS_CA_AR,Assets,Current Assets,Accounts Receivable,Current Assets,detail,N,1,47666294605,????????,CNY
Luxshare,BS,qoq,2026Q2,current,002475_Luxshare_2026_Q2_??????????.csv,????????????,????????????,Financing Receivables,BS_CA_FINA_RECE,Assets,Current Assets,Financing Receivables,Current Assets,detail,N,1,1853162843,????????,CNY
Luxshare,BS,qoq,2026Q2,current,002475_Luxshare_2026_Q2_??????????.csv,????????,????????,Prepayments,BS_CA_PREP,Assets,Current Assets,Prepayments,Current Assets,detail,N,1,3351182013,????????,CNY
Luxshare,BS,qoq,2026Q2,current,002475_Luxshare_2026_Q2_??????????.csv,??????????,??????????,Other Receivables,BS_CA_OTHE_RECE,Assets,Current Assets,Other Receivables,Current Assets,detail,N,1,1254518271,????????,CNY
Luxshare,BS,qoq,2026Q2,current,002475_Luxshare_2026_Q2_??????????.csv,????????,????????,Dividends Receivable,BS_CA_DIVI_RECE,Assets,Current Assets,Dividends Receivable,Current Assets,detail,N,1,0,????????,CNY
Luxshare,BS,qoq,2026Q2,current,002475_Luxshare_2026_Q2_??????????.csv,????,????,Inventories,BS_CA_INV,Assets,Current Assets,Inventories,Current Assets,detail,N,1,50367311995,????????,CNY
Luxshare,BS,qoq,2026Q2,current,002475_Luxshare_2026_Q2_??????????.csv,????????,????????,Contract Assets,BS_CA_CONT_ASSE,Assets,Current Assets,Contract Assets,Current Assets,detail,N,1,1160206061,????????,CNY
Luxshare,BS,qoq,2026Q2,current,002475_Luxshare_2026_Q2_??????????.csv,????????????,????????????,Assets Held for Sale,BS_CA_ASSE_HELD_SALE,Assets,Current Assets,Assets Held for Sale,Current Assets,detail,N,1,0,????????,CNY
Luxshare,BS,qoq,2026Q2,current,002475_Luxshare_2026_Q2_??????????.csv,??????????????????????,??????????????????????,Current Portion of Non-current Assets,BS_CA_CURR_PORT_NON_CURR,Assets,Current Assets,Current Portion of Non-current Assets,Non-current Assets,detail,N,1,9767361357,????????,CNY
Luxshare,BS,qoq,2026Q2,current,002475_Luxshare_2026_Q2_??????????.csv,????????????,????????????,Other Current Assets,BS_CA_OTHE_CURR_ASSE,Assets,Current Assets,Other Current Assets,Current Assets,detail,N,1,32928928306,????????,CNY
Luxshare,BS,qoq,2026Q2,current,002475_Luxshare_2026_Q2_??????????.csv,????????????,????????????,Total Current Assets,BS_CA_TOTAL_CURR_ASSE,Assets,Current Assets,Subtotal,Current Assets,total,Y,1,2.25E+11,????????,CNY
Luxshare,BS,qoq,2026Q2,current,002475_Luxshare_2026_Q2_??????????.csv,????????????,????????????,Long-term Equity Investments,BS_NCA_LONG_TERM_EQUI_INVE,Assets,Non-current Assets,Long-term Equity Investments,Non-current Assets,detail,N,1,14896150447,????????,CNY
Luxshare,BS,qoq,2026Q2,current,002475_Luxshare_2026_Q2_??????????.csv,????????????????,????????????????,Other Equity Instrument Investments,BS_NCA_OTHE_EQUI_INST_INVE,Assets,Non-current Assets,Other Equity Instrument Investments,Non-current Assets,detail,N,1,781943204,????????,CNY
Luxshare,BS,qoq,2026Q2,current,002475_Luxshare_2026_Q2_??????????.csv,??????????????????,??????????????????,Other Non-current Financial Assets,BS_NCA_OTHE_NON_CURR_FINA,Assets,Non-current Assets,Other Non-current Financial Assets,Non-current Assets,detail,N,1,69091714.9,????????,CNY
Luxshare,BS,qoq,2026Q2,current,002475_Luxshare_2026_Q2_??????????.csv,????????????,????????????,Investment Property,BS_NCA_INVE_PROP,Assets,Non-current Assets,Investment Property,Non-current Assets,detail,N,1,93154968.58,????????,CNY
Luxshare,BS,qoq,2026Q2,current,002475_Luxshare_2026_Q2_??????????.csv,????????,????????,Intangible Assets,BS_NCA_INTA_ASSE,Assets,Non-current Assets,Intangible Assets,Non-current Assets,detail,N,1,3672633197,????????,CNY
Luxshare,BS,qoq,2026Q2,current,002475_Luxshare_2026_Q2_??????????.csv,????????,????????,Development Expenditures,BS_NCA_DEVE_EXPE,Assets,Non-current Assets,Development Expenditures,Non-current Assets,detail,N,1,149636982,????????,CNY
Luxshare,BS,qoq,2026Q2,current,002475_Luxshare_2026_Q2_??????????.csv,????,????,Goodwill,BS_NCA_GOOD,Assets,Non-current Assets,Goodwill,Non-current Assets,detail,N,1,2239173156,????????,CNY
Luxshare,BS,qoq,2026Q2,current,002475_Luxshare_2026_Q2_??????????.csv,????????????,????????????,Long-term Deferred Expenses,BS_NCA_LONG_TERM_DEFE_EXPE,Assets,Non-current Assets,Long-term Deferred Expenses,Non-current Assets,detail,N,1,1061783214,????????,CNY
Luxshare,BS,qoq,2026Q2,current,002475_Luxshare_2026_Q2_??????????.csv,??????????????,??????????????,Other Non-current Assets,BS_NCA_OTHE_NON_CURR_ASSE,Assets,Non-current Assets,Other Non-current Assets,Non-current Assets,detail,N,1,26214593931,????????,CNY
Luxshare,BS,qoq,2026Q2,current,002475_Luxshare_2026_Q2_??????????.csv,??????????????,??????????????,Total Non-current Assets,BS_NCA_TOTAL_NON_CURR_ASSE,Assets,Non-current Assets,Subtotal,Non-current Assets,total,Y,1,1.25E+11,????????,CNY
Luxshare,BS,qoq,2026Q2,current,002475_Luxshare_2026_Q2_??????????.csv,????????,????????,Total Assets,BS_TOTAL_ASSETS,Assets,Assets,Total,Non-current Assets,total,Y,1,3.50E+11,????????,CNY
Luxshare,BS,qoq,2026Q2,current,002475_Luxshare_2026_Q2_??????????.csv,????????,????????,Short-term Borrowings,BS_CL_SHOR_TERM_BORR,Liabilities,Current Liabilities,Short-term Borrowings,Current Liabilities,detail,N,1,93569419706,????????,CNY
Luxshare,BS,qoq,2026Q2,current,002475_Luxshare_2026_Q2_??????????.csv,??????????????,??????????????,Trading Financial Liabilities,BS_CL_TRAD_FINA_LIAB,Liabilities,Current Liabilities,Trading Financial Liabilities,Current Liabilities,detail,N,1,177477638.8,????????,CNY
Luxshare,BS,qoq,2026Q2,current,002475_Luxshare_2026_Q2_??????????.csv,????????????,????????????,Derivative Financial Liabilities,BS_CL_DERI_FINA_LIAB,Liabilities,Current Liabilities,Derivative Financial Liabilities,Current Liabilities,detail,N,1,22195946.68,????????,CNY
Luxshare,BS,qoq,2026Q2,current,002475_Luxshare_2026_Q2_??????????.csv,????????,????????,Notes Payable,BS_CL_NOTE_PAYA,Liabilities,Current Liabilities,Notes Payable,Current Liabilities,detail,N,1,2101946840,????????,CNY
Luxshare,BS,qoq,2026Q2,current,002475_Luxshare_2026_Q2_??????????.csv,????????,????????,Accounts Payable,BS_CL_ACCO_PAYA,Liabilities,Current Liabilities,Accounts Payable,Current Liabilities,detail,N,1,74533334608,????????,CNY
Luxshare,BS,qoq,2026Q2,current,002475_Luxshare_2026_Q2_??????????.csv,????????,????????,Advances from Customers,BS_CL_ADVA_CUST,Liabilities,Current Liabilities,Advances from Customers,Current Liabilities,detail,N,1,0,????????,CNY
Luxshare,BS,qoq,2026Q2,current,002475_Luxshare_2026_Q2_??????????.csv,????????,????????,Contract Liabilities,BS_CL_CONT_LIAB,Liabilities,Current Liabilities,Contract Liabilities,Current Liabilities,detail,N,1,1004201352,????????,CNY
Luxshare,BS,qoq,2026Q2,current,002475_Luxshare_2026_Q2_??????????.csv,????????????,????????????,Employee Benefits Payable,BS_CL_EMPL_BENE_PAYA,Liabilities,Current Liabilities,Employee Benefits Payable,Current Liabilities,detail,N,1,3852158214,????????,CNY
Luxshare,BS,qoq,2026Q2,current,002475_Luxshare_2026_Q2_??????????.csv,????????,????????,Taxes Payable,BS_CL_TAXE_PAYA,Liabilities,Current Liabilities,Taxes Payable,Current Liabilities,detail,N,1,2804528939,????????,CNY
Luxshare,BS,qoq,2026Q2,current,002475_Luxshare_2026_Q2_??????????.csv,??????????,??????????,Other Payables,BS_CL_OTHE_PAYA,Liabilities,Current Liabilities,Other Payables,Current Liabilities,detail,N,1,2108855128,????????,CNY
Luxshare,BS,qoq,2026Q2,current,002475_Luxshare_2026_Q2_??????????.csv,????????,????????,Dividends Payable,BS_CL_DIVI_PAYA,Liabilities,Current Liabilities,Dividends Payable,Current Liabilities,detail,N,1,1079404826,????????,CNY
Luxshare,BS,qoq,2026Q2,current,002475_Luxshare_2026_Q2_??????????.csv,??????????????????????,??????????????????????,Current Portion of Non-current Liabilities,BS_CL_CURR_PORT_NON_CURR,Liabilities,Current Liabilities,Current Portion of Non-current Liabilities,Non-current Liabilities,detail,N,1,10277541767,????????,CNY
Luxshare,BS,qoq,2026Q2,current,002475_Luxshare_2026_Q2_??????????.csv,????????????,????????????,Other Current Liabilities,BS_CL_OTHE_CURR_LIAB,Liabilities,Current Liabilities,Other Current Liabilities,Current Liabilities,detail,N,1,8660946397,????????,CNY
Luxshare,BS,qoq,2026Q2,current,002475_Luxshare_2026_Q2_??????????.csv,????????????,????????????,Total Current Liabilities,BS_CL_TOTAL_CURR_LIAB,Liabilities,Current Liabilities,Subtotal,Current Liabilities,total,Y,1,1.99E+11,????????,CNY
Luxshare,BS,qoq,2026Q2,current,002475_Luxshare_2026_Q2_??????????.csv,????????,????????,Long-term Borrowings,BS_NCL_LONG_TERM_BORR,Liabilities,Non-current Liabilities,Long-term Borrowings,Non-current Liabilities,detail,N,1,24543001876,????????,CNY
Luxshare,BS,qoq,2026Q2,current,002475_Luxshare_2026_Q2_??????????.csv,????????,????????,Bonds Payable,BS_NCL_BOND_PAYA,Liabilities,Non-current Liabilities,Bonds Payable,Non-current Liabilities,detail,N,1,6426076927,????????,CNY
Luxshare,BS,qoq,2026Q2,current,002475_Luxshare_2026_Q2_??????????.csv,????????,????????,Lease Liabilities,BS_NCL_LEAS_LIAB,Liabilities,Non-current Liabilities,Lease Liabilities,Non-current Liabilities,detail,N,1,2276281001,????????,CNY
Luxshare,BS,qoq,2026Q2,current,002475_Luxshare_2026_Q2_??????????.csv,??????????,??????????,Long-term Payables,BS_NCL_LONG_TERM_PAYA,Liabilities,Non-current Liabilities,Long-term Payables,Non-current Liabilities,detail,N,1,0,????????,CNY
Luxshare,BS,qoq,2026Q2,current,002475_Luxshare_2026_Q2_??????????.csv,????????????????,????????????????,Long-term Employee Benefits Payable,BS_NCL_LONG_TERM_EMPL_BENE,Liabilities,Non-current Liabilities,Long-term Employee Benefits Payable,Non-current Liabilities,detail,N,1,714386659.6,????????,CNY
Luxshare,BS,qoq,2026Q2,current,002475_Luxshare_2026_Q2_??????????.csv,????????,????????,Provisions,BS_NCL_PROV,Liabilities,Non-current Liabilities,Provisions,Non-current Liabilities,detail,N,1,508788963.2,????????,CNY
Luxshare,BS,qoq,2026Q2,current,002475_Luxshare_2026_Q2_??????????.csv,????????,????????,Deferred Income,BS_NCL_DEFE_INCO,Liabilities,Non-current Liabilities,Deferred Income,Non-current Liabilities,detail,N,1,1235362087,????????,CNY
Luxshare,BS,qoq,2026Q2,current,002475_Luxshare_2026_Q2_??????????.csv,??????????????,??????????????,Other Non-current Liabilities,BS_NCL_OTHE_NON_CURR_LIAB,Liabilities,Non-current Liabilities,Other Non-current Liabilities,Non-current Liabilities,detail,N,1,35838604.93,????????,CNY
Luxshare,BS,qoq,2026Q2,current,002475_Luxshare_2026_Q2_??????????.csv,??????????????,??????????????,Total Non-current Liabilities,BS_NCL_TOTAL_NON_CURR_LIAB,Liabilities,Non-current Liabilities,Subtotal,Non-current Liabilities,total,Y,1,36851155655,????????,CNY
Luxshare,BS,qoq,2026Q2,current,002475_Luxshare_2026_Q2_??????????.csv,????????,????????,Total Liabilities,BS_TOTAL_LIAB,Liabilities,Liabilities,Total,Non-current Liabilities,total,Y,1,2.36E+11,????????,CNY
Luxshare,BS,qoq,2026Q2,current,002475_Luxshare_2026_Q2_??????????.csv,????,????,Share Capital,BS_EQ_SHAR_CAPI,Equity,Equity,Share Capital,Equity,detail,N,1,7315290139,????????,CNY
Luxshare,BS,qoq,2026Q2,current,002475_Luxshare_2026_Q2_??????????.csv,????????????,????????????,Other Equity Instruments,BS_EQ_OTHE_EQUI_INST,Equity,Equity,Other Equity Instruments,Equity,detail,N,1,524785458.5,????????,CNY
Luxshare,BS,qoq,2026Q2,current,002475_Luxshare_2026_Q2_??????????.csv,????????,????????,Capital Reserve,BS_EQ_CAPI_RESE,Equity,Equity,Capital Reserve,Equity,detail,N,1,13366389485,????????,CNY
Luxshare,BS,qoq,2026Q2,current,002475_Luxshare_2026_Q2_??????????.csv,??:??????,??????,Treasury Shares,BS_EQ_TREA_SHAR,Equity,Equity,Treasury Shares,Equity,detail,N,-1,1000010031,????????,CNY
Luxshare,BS,qoq,2026Q2,current,002475_Luxshare_2026_Q2_??????????.csv,????????????,????????????,Other Comprehensive Income,BS_EQ_OTHE_COMP_INCO,Equity,Equity,Other Comprehensive Income,Equity,detail,N,1,-2189837740,????????,CNY
Luxshare,BS,qoq,2026Q2,current,002475_Luxshare_2026_Q2_??????????.csv,????????,????????,Special Reserve,BS_EQ_SPEC_RESE,Equity,Equity,Special Reserve,Equity,detail,N,1,20118904.65,????????,CNY
Luxshare,BS,qoq,2026Q2,current,002475_Luxshare_2026_Q2_??????????.csv,????????,????????,Surplus Reserve,BS_EQ_SURP_RESE,Equity,Equity,Surplus Reserve,Equity,detail,N,1,2125232698,????????,CNY
Luxshare,BS,qoq,2026Q2,current,002475_Luxshare_2026_Q2_??????????.csv,??????????,??????????,Retained Earnings,BS_EQ_RETA_EARN,Equity,Equity,Retained Earnings,Equity,detail,N,1,73445155283,????????,CNY
Luxshare,BS,qoq,2026Q2,current,002475_Luxshare_2026_Q2_??????????.csv,??????????????????????????,??????????????????????????,Total Equity Attributable to Owners of the Parent,BS_EQ_TOTAL_EQUI_ATTR_OWNE_PARE,Equity,Equity,Subtotal,Equity,total,Y,1,93607124197,????????,CNY
Luxshare,BS,qoq,2026Q2,current,002475_Luxshare_2026_Q2_??????????.csv,????????????,????????????,Non-controlling Interests,BS_NCI_NON_CONT_INTE,Equity,Non-controlling Interests,Non-controlling Interests,Equity,detail,N,1,20318742627,????????,CNY
Luxshare,BS,qoq,2026Q2,current,002475_Luxshare_2026_Q2_??????????.csv,??????????????,??????????????,Total Equity,BS_TOTAL_EQUITY,Equity,Equity,Total,Equity,total,Y,1,1.14E+11,????????,CNY
Luxshare,BS,qoq,2026Q2,current,002475_Luxshare_2026_Q2_??????????.csv,????????????????????,????????????????????,Total Liabilities and Equity,BS_TOTAL_LIAB_EQ,Balance Sheet,Balance Sheet,Grand Total,Equity,total,Y,1,3.50E+11,????????,CNY
Luxshare,BS,qoq,2026Q1,comparison,002475_Luxshare_2026_Q2_??????????.csv,????????,????????,Cash and Cash Equivalents,BS_CA_CASH,Assets,Current Assets,Cash and Cash Equivalents,Current Assets,detail,N,1,61159176580,????????,CNY
Luxshare,BS,qoq,2026Q1,comparison,002475_Luxshare_2026_Q2_??????????.csv,??????????????,??????????????,Trading Financial Assets,BS_CA_TRAD_FINA_ASSE,Assets,Current Assets,Trading Financial Assets,Current Assets,detail,N,1,2842065118,????????,CNY
Luxshare,BS,qoq,2026Q1,comparison,002475_Luxshare_2026_Q2_??????????.csv,????????????,????????????,Derivative Financial Assets,BS_CA_DERI_FINA_ASSE,Assets,Current Assets,Derivative Financial Assets,Current Assets,detail,N,1,102963566.2,????????,CNY
Luxshare,BS,qoq,2026Q1,comparison,002475_Luxshare_2026_Q2_??????????.csv,????????,????????,Notes Receivable,BS_CA_NOTE_RECE,Assets,Current Assets,Notes Receivable,Current Assets,detail,N,1,521886908.1,????????,CNY
Luxshare,BS,qoq,2026Q1,comparison,002475_Luxshare_2026_Q2_??????????.csv,????????,????????,Accounts Receivable,BS_CA_AR,Assets,Current Assets,Accounts Receivable,Current Assets,detail,N,1,48438796114,????????,CNY
Luxshare,BS,qoq,2026Q1,comparison,002475_Luxshare_2026_Q2_??????????.csv,????????????,????????????,Financing Receivables,BS_CA_FINA_RECE,Assets,Current Assets,Financing Receivables,Current Assets,detail,N,1,1263239985,????????,CNY
Luxshare,BS,qoq,2026Q1,comparison,002475_Luxshare_2026_Q2_??????????.csv,????????,????????,Prepayments,BS_CA_PREP,Assets,Current Assets,Prepayments,Current Assets,detail,N,1,1440690784,????????,CNY
Luxshare,BS,qoq,2026Q1,comparison,002475_Luxshare_2026_Q2_??????????.csv,??????????,??????????,Other Receivables,BS_CA_OTHE_RECE,Assets,Current Assets,Other Receivables,Current Assets,detail,N,1,1909308881,????????,CNY
Luxshare,BS,qoq,2026Q1,comparison,002475_Luxshare_2026_Q2_??????????.csv,????????,????????,Dividends Receivable,BS_CA_DIVI_RECE,Assets,Current Assets,Dividends Receivable,Current Assets,detail,N,1,148345542.8,????????,CNY
Luxshare,BS,qoq,2026Q1,comparison,002475_Luxshare_2026_Q2_??????????.csv,????,????,Inventories,BS_CA_INV,Assets,Current Assets,Inventories,Current Assets,detail,N,1,42332782449,????????,CNY
Luxshare,BS,qoq,2026Q1,comparison,002475_Luxshare_2026_Q2_??????????.csv,????????,????????,Contract Assets,BS_CA_CONT_ASSE,Assets,Current Assets,Contract Assets,Current Assets,detail,N,1,1138331189,????????,CNY
Luxshare,BS,qoq,2026Q1,comparison,002475_Luxshare_2026_Q2_??????????.csv,????????????,????????????,Assets Held for Sale,BS_CA_ASSE_HELD_SALE,Assets,Current Assets,Assets Held for Sale,Current Assets,detail,N,1,0,????????,CNY
Luxshare,BS,qoq,2026Q1,comparison,002475_Luxshare_2026_Q2_??????????.csv,??????????????????????,??????????????????????,Current Portion of Non-current Assets,BS_CA_CURR_PORT_NON_CURR,Assets,Current Assets,Current Portion of Non-current Assets,Non-current Assets,detail,N,1,9638642107,????????,CNY
Luxshare,BS,qoq,2026Q1,comparison,002475_Luxshare_2026_Q2_??????????.csv,????????????,????????????,Other Current Assets,BS_CA_OTHE_CURR_ASSE,Assets,Current Assets,Other Current Assets,Current Assets,detail,N,1,25229093286,????????,CNY
Luxshare,BS,qoq,2026Q1,comparison,002475_Luxshare_2026_Q2_??????????.csv,????????????,????????????,Total Current Assets,BS_CA_TOTAL_CURR_ASSE,Assets,Current Assets,Subtotal,Current Assets,total,Y,1,1.96E+11,????????,CNY
Luxshare,BS,qoq,2026Q1,comparison,002475_Luxshare_2026_Q2_??????????.csv,????????????,????????????,Long-term Equity Investments,BS_NCA_LONG_TERM_EQUI_INVE,Assets,Non-current Assets,Long-term Equity Investments,Non-current Assets,detail,N,1,12009696667,????????,CNY
Luxshare,BS,qoq,2026Q1,comparison,002475_Luxshare_2026_Q2_??????????.csv,????????????????,????????????????,Other Equity Instrument Investments,BS_NCA_OTHE_EQUI_INST_INVE,Assets,Non-current Assets,Other Equity Instrument Investments,Non-current Assets,detail,N,1,219461635.2,????????,CNY
Luxshare,BS,qoq,2026Q1,comparison,002475_Luxshare_2026_Q2_??????????.csv,??????????????????,??????????????????,Other Non-current Financial Assets,BS_NCA_OTHE_NON_CURR_FINA,Assets,Non-current Assets,Other Non-current Financial Assets,Non-current Assets,detail,N,1,37637104.39,????????,CNY
Luxshare,BS,qoq,2026Q1,comparison,002475_Luxshare_2026_Q2_??????????.csv,????????????,????????????,Investment Property,BS_NCA_INVE_PROP,Assets,Non-current Assets,Investment Property,Non-current Assets,detail,N,1,98487570.14,????????,CNY
Luxshare,BS,qoq,2026Q1,comparison,002475_Luxshare_2026_Q2_??????????.csv,????????,????????,Intangible Assets,BS_NCA_INTA_ASSE,Assets,Non-current Assets,Intangible Assets,Non-current Assets,detail,N,1,3820742996,????????,CNY
Luxshare,BS,qoq,2026Q1,comparison,002475_Luxshare_2026_Q2_??????????.csv,????????,????????,Development Expenditures,BS_NCA_DEVE_EXPE,Assets,Non-current Assets,Development Expenditures,Non-current Assets,detail,N,1,118778094.4,????????,CNY
Luxshare,BS,qoq,2026Q1,comparison,002475_Luxshare_2026_Q2_??????????.csv,????,????,Goodwill,BS_NCA_GOOD,Assets,Non-current Assets,Goodwill,Non-current Assets,detail,N,1,2239173156,????????,CNY
Luxshare,BS,qoq,2026Q1,comparison,002475_Luxshare_2026_Q2_??????????.csv,????????????,????????????,Long-term Deferred Expenses,BS_NCA_LONG_TERM_DEFE_EXPE,Assets,Non-current Assets,Long-term Deferred Expenses,Non-current Assets,detail,N,1,1015219091,????????,CNY
Luxshare,BS,qoq,2026Q1,comparison,002475_Luxshare_2026_Q2_??????????.csv,??????????????,??????????????,Other Non-current Assets,BS_NCA_OTHE_NON_CURR_ASSE,Assets,Non-current Assets,Other Non-current Assets,Non-current Assets,detail,N,1,15474762814,????????,CNY
Luxshare,BS,qoq,2026Q1,comparison,002475_Luxshare_2026_Q2_??????????.csv,??????????????,??????????????,Total Non-current Assets,BS_NCA_TOTAL_NON_CURR_ASSE,Assets,Non-current Assets,Subtotal,Non-current Assets,total,Y,1,1.11E+11,????????,CNY
Luxshare,BS,qoq,2026Q1,comparison,002475_Luxshare_2026_Q2_??????????.csv,????????,????????,Total Assets,BS_TOTAL_ASSETS,Assets,Assets,Total,Non-current Assets,total,Y,1,3.07E+11,????????,CNY
Luxshare,BS,qoq,2026Q1,comparison,002475_Luxshare_2026_Q2_??????????.csv,????????,????????,Short-term Borrowings,BS_CL_SHOR_TERM_BORR,Liabilities,Current Liabilities,Short-term Borrowings,Current Liabilities,detail,N,1,60137739468,????????,CNY
Luxshare,BS,qoq,2026Q1,comparison,002475_Luxshare_2026_Q2_??????????.csv,??????????????,??????????????,Trading Financial Liabilities,BS_CL_TRAD_FINA_LIAB,Liabilities,Current Liabilities,Trading Financial Liabilities,Current Liabilities,detail,N,1,424219343.6,????????,CNY
Luxshare,BS,qoq,2026Q1,comparison,002475_Luxshare_2026_Q2_??????????.csv,????????????,????????????,Derivative Financial Liabilities,BS_CL_DERI_FINA_LIAB,Liabilities,Current Liabilities,Derivative Financial Liabilities,Current Liabilities,detail,N,1,38121564.96,????????,CNY
Luxshare,BS,qoq,2026Q1,comparison,002475_Luxshare_2026_Q2_??????????.csv,????????,????????,Notes Payable,BS_CL_NOTE_PAYA,Liabilities,Current Liabilities,Notes Payable,Current Liabilities,detail,N,1,3102096141,????????,CNY
Luxshare,BS,qoq,2026Q1,comparison,002475_Luxshare_2026_Q2_??????????.csv,????????,????????,Accounts Payable,BS_CL_ACCO_PAYA,Liabilities,Current Liabilities,Accounts Payable,Current Liabilities,detail,N,1,80910608803,????????,CNY
Luxshare,BS,qoq,2026Q1,comparison,002475_Luxshare_2026_Q2_??????????.csv,????????,????????,Advances from Customers,BS_CL_ADVA_CUST,Liabilities,Current Liabilities,Advances from Customers,Current Liabilities,detail,N,1,0,????????,CNY
Luxshare,BS,qoq,2026Q1,comparison,002475_Luxshare_2026_Q2_??????????.csv,????????,????????,Contract Liabilities,BS_CL_CONT_LIAB,Liabilities,Current Liabilities,Contract Liabilities,Current Liabilities,detail,N,1,931291965.2,????????,CNY
Luxshare,BS,qoq,2026Q1,comparison,002475_Luxshare_2026_Q2_??????????.csv,????????????,????????????,Employee Benefits Payable,BS_CL_EMPL_BENE_PAYA,Liabilities,Current Liabilities,Employee Benefits Payable,Current Liabilities,detail,N,1,4951859420,????????,CNY
Luxshare,BS,qoq,2026Q1,comparison,002475_Luxshare_2026_Q2_??????????.csv,????????,????????,Taxes Payable,BS_CL_TAXE_PAYA,Liabilities,Current Liabilities,Taxes Payable,Current Liabilities,detail,N,1,2819622236,????????,CNY
Luxshare,BS,qoq,2026Q1,comparison,002475_Luxshare_2026_Q2_??????????.csv,??????????,??????????,Other Payables,BS_CL_OTHE_PAYA,Liabilities,Current Liabilities,Other Payables,Current Liabilities,detail,N,1,2320728982,????????,CNY
Luxshare,BS,qoq,2026Q1,comparison,002475_Luxshare_2026_Q2_??????????.csv,????????,????????,Dividends Payable,BS_CL_DIVI_PAYA,Liabilities,Current Liabilities,Dividends Payable,Current Liabilities,detail,N,1,1173208756,????????,CNY
Luxshare,BS,qoq,2026Q1,comparison,002475_Luxshare_2026_Q2_??????????.csv,??????????????????????,??????????????????????,Current Portion of Non-current Liabilities,BS_CL_CURR_PORT_NON_CURR,Liabilities,Current Liabilities,Current Portion of Non-current Liabilities,Non-current Liabilities,detail,N,1,13700930087,????????,CNY
Luxshare,BS,qoq,2026Q1,comparison,002475_Luxshare_2026_Q2_??????????.csv,????????????,????????????,Other Current Liabilities,BS_CL_OTHE_CURR_LIAB,Liabilities,Current Liabilities,Other Current Liabilities,Current Liabilities,detail,N,1,7150917176,????????,CNY
Luxshare,BS,qoq,2026Q1,comparison,002475_Luxshare_2026_Q2_??????????.csv,????????????,????????????,Total Current Liabilities,BS_CL_TOTAL_CURR_LIAB,Liabilities,Current Liabilities,Subtotal,Current Liabilities,total,Y,1,1.76E+11,????????,CNY
Luxshare,BS,qoq,2026Q1,comparison,002475_Luxshare_2026_Q2_??????????.csv,????????,????????,Long-term Borrowings,BS_NCL_LONG_TERM_BORR,Liabilities,Non-current Liabilities,Long-term Borrowings,Non-current Liabilities,detail,N,1,16441982591,????????,CNY
Luxshare,BS,qoq,2026Q1,comparison,002475_Luxshare_2026_Q2_??????????.csv,????????,????????,Bonds Payable,BS_NCL_BOND_PAYA,Liabilities,Non-current Liabilities,Bonds Payable,Non-current Liabilities,detail,N,1,3491837425,????????,CNY
Luxshare,BS,qoq,2026Q1,comparison,002475_Luxshare_2026_Q2_??????????.csv,????????,????????,Lease Liabilities,BS_NCL_LEAS_LIAB,Liabilities,Non-current Liabilities,Lease Liabilities,Non-current Liabilities,detail,N,1,2352692974,????????,CNY
Luxshare,BS,qoq,2026Q1,comparison,002475_Luxshare_2026_Q2_??????????.csv,??????????,??????????,Long-term Payables,BS_NCL_LONG_TERM_PAYA,Liabilities,Non-current Liabilities,Long-term Payables,Non-current Liabilities,detail,N,1,2999320.76,????????,CNY
Luxshare,BS,qoq,2026Q1,comparison,002475_Luxshare_2026_Q2_??????????.csv,????????????????,????????????????,Long-term Employee Benefits Payable,BS_NCL_LONG_TERM_EMPL_BENE,Liabilities,Non-current Liabilities,Long-term Employee Benefits Payable,Non-current Liabilities,detail,N,1,796046633.6,????????,CNY
Luxshare,BS,qoq,2026Q1,comparison,002475_Luxshare_2026_Q2_??????????.csv,????????,????????,Provisions,BS_NCL_PROV,Liabilities,Non-current Liabilities,Provisions,Non-current Liabilities,detail,N,1,607657462.1,????????,CNY
Luxshare,BS,qoq,2026Q1,comparison,002475_Luxshare_2026_Q2_??????????.csv,????????,????????,Deferred Income,BS_NCL_DEFE_INCO,Liabilities,Non-current Liabilities,Deferred Income,Non-current Liabilities,detail,N,1,1138420510,????????,CNY
Luxshare,BS,qoq,2026Q1,comparison,002475_Luxshare_2026_Q2_??????????.csv,??????????????,??????????????,Other Non-current Liabilities,BS_NCL_OTHE_NON_CURR_LIAB,Liabilities,Non-current Liabilities,Other Non-current Liabilities,Non-current Liabilities,detail,N,1,53526895.87,????????,CNY
Luxshare,BS,qoq,2026Q1,comparison,002475_Luxshare_2026_Q2_??????????.csv,??????????????,??????????????,Total Non-current Liabilities,BS_NCL_TOTAL_NON_CURR_LIAB,Liabilities,Non-current Liabilities,Subtotal,Non-current Liabilities,total,Y,1,26029307820,????????,CNY
Luxshare,BS,qoq,2026Q1,comparison,002475_Luxshare_2026_Q2_??????????.csv,????????,????????,Total Liabilities,BS_TOTAL_LIAB,Liabilities,Liabilities,Total,Non-current Liabilities,total,Y,1,2.03E+11,????????,CNY
Luxshare,BS,qoq,2026Q1,comparison,002475_Luxshare_2026_Q2_??????????.csv,????,????,Share Capital,BS_EQ_SHAR_CAPI,Equity,Equity,Share Capital,Equity,detail,N,1,7284442534,????????,CNY
Luxshare,BS,qoq,2026Q1,comparison,002475_Luxshare_2026_Q2_??????????.csv,????????????,????????????,Other Equity Instruments,BS_EQ_OTHE_EQUI_INST,Equity,Equity,Other Equity Instruments,Equity,detail,N,1,527170634.8,????????,CNY
Luxshare,BS,qoq,2026Q1,comparison,002475_Luxshare_2026_Q2_??????????.csv,????????,????????,Capital Reserve,BS_EQ_CAPI_RESE,Equity,Equity,Capital Reserve,Equity,detail,N,1,9944782587,????????,CNY
Luxshare,BS,qoq,2026Q1,comparison,002475_Luxshare_2026_Q2_??????????.csv,??:??????,??????,Treasury Shares,BS_EQ_TREA_SHAR,Equity,Equity,Treasury Shares,Equity,detail,N,-1,0,????????,CNY
Luxshare,BS,qoq,2026Q1,comparison,002475_Luxshare_2026_Q2_??????????.csv,????????????,????????????,Other Comprehensive Income,BS_EQ_OTHE_COMP_INCO,Equity,Equity,Other Comprehensive Income,Equity,detail,N,1,-1592945544,????????,CNY
Luxshare,BS,qoq,2026Q1,comparison,002475_Luxshare_2026_Q2_??????????.csv,????????,????????,Special Reserve,BS_EQ_SPEC_RESE,Equity,Equity,Special Reserve,Equity,detail,N,1,11780213.61,????????,CNY
Luxshare,BS,qoq,2026Q1,comparison,002475_Luxshare_2026_Q2_??????????.csv,????????,????????,Surplus Reserve,BS_EQ_SURP_RESE,Equity,Equity,Surplus Reserve,Equity,detail,N,1,2125232698,????????,CNY
Luxshare,BS,qoq,2026Q1,comparison,002475_Luxshare_2026_Q2_??????????.csv,??????????,??????????,Retained Earnings,BS_EQ_RETA_EARN,Equity,Equity,Retained Earnings,Equity,detail,N,1,66620640299,????????,CNY
Luxshare,BS,qoq,2026Q1,comparison,002475_Luxshare_2026_Q2_??????????.csv,??????????????????????????,??????????????????????????,Total Equity Attributable to Owners of the Parent,BS_EQ_TOTAL_EQUI_ATTR_OWNE_PARE,Equity,Equity,Subtotal,Equity,total,Y,1,84921103421,????????,CNY
Luxshare,BS,qoq,2026Q1,comparison,002475_Luxshare_2026_Q2_??????????.csv,????????????,????????????,Non-controlling Interests,BS_NCI_NON_CONT_INTE,Equity,Non-controlling Interests,Non-controlling Interests,Equity,detail,N,1,19099129359,????????,CNY
Luxshare,BS,qoq,2026Q1,comparison,002475_Luxshare_2026_Q2_??????????.csv,??????????????,??????????????,Total Equity,BS_TOTAL_EQUITY,Equity,Equity,Total,Equity,total,Y,1,1.04E+11,????????,CNY
Luxshare,BS,qoq,2026Q1,comparison,002475_Luxshare_2026_Q2_??????????.csv,????????????????????,????????????????????,Total Liabilities and Equity,BS_TOTAL_LIAB_EQ,Balance Sheet,Balance Sheet,Grand Total,Equity,total,Y,1,3.07E+11,????????,CNY
HASCO,BS,qoq,2026Q2,current,600741_HASCO_2026_Q2_??????????.csv,????????,????????,Cash and Cash Equivalents,BS_CA_CASH,Assets,Current Assets,Cash and Cash Equivalents,Current Assets,detail,N,1,36893792129,2026??6??30??,CNY
HASCO,BS,qoq,2026Q2,current,600741_HASCO_2026_Q2_??????????.csv,????????????,????????????,Derivative Financial Assets,BS_CA_DERI_FINA_ASSE,Assets,Current Assets,Derivative Financial Assets,Current Assets,detail,N,1,18323758.65,2026??6??30??,CNY
HASCO,BS,qoq,2026Q2,current,600741_HASCO_2026_Q2_??????????.csv,????????,????????,Notes Receivable,BS_CA_NOTE_RECE,Assets,Current Assets,Notes Receivable,Current Assets,detail,N,1,1917056979,2026??6??30??,CNY
HASCO,BS,qoq,2026Q2,current,600741_HASCO_2026_Q2_??????????.csv,????????,????????,Accounts Receivable,BS_CA_AR,Assets,Current Assets,Accounts Receivable,Current Assets,detail,N,1,50022677983,2026??6??30??,CNY
HASCO,BS,qoq,2026Q2,current,600741_HASCO_2026_Q2_??????????.csv,????????????,????????????,Financing Receivables,BS_CA_FINA_RECE,Assets,Current Assets,Financing Receivables,Current Assets,detail,N,1,11547586293,2026??6??30??,CNY
HASCO,BS,qoq,2026Q2,current,600741_HASCO_2026_Q2_??????????.csv,????????,????????,Prepayments,BS_CA_PREP,Assets,Current Assets,Prepayments,Current Assets,detail,N,1,864067989.4,2026??6??30??,CNY
HASCO,BS,qoq,2026Q2,current,600741_HASCO_2026_Q2_??????????.csv,??????????,??????????,Other Receivables,BS_CA_OTHE_RECE,Assets,Current Assets,Other Receivables,Current Assets,detail,N,1,3145914098,2026??6??30??,CNY
HASCO,BS,qoq,2026Q2,current,600741_HASCO_2026_Q2_??????????.csv,????????,????????,Dividends Receivable,BS_CA_DIVI_RECE,Assets,Current Assets,Dividends Receivable,Current Assets,detail,N,1,594410936.2,2026??6??30??,CNY
HASCO,BS,qoq,2026Q2,current,600741_HASCO_2026_Q2_??????????.csv,????,????,Inventories,BS_CA_INV,Assets,Current Assets,Inventories,Current Assets,detail,N,1,21077066772,2026??6??30??,CNY
HASCO,BS,qoq,2026Q2,current,600741_HASCO_2026_Q2_??????????.csv,??????????????????????,??????????????????????,Current Portion of Non-current Assets,BS_CA_CURR_PORT_NON_CURR,Assets,Current Assets,Current Portion of Non-current Assets,Non-current Assets,detail,N,1,2310306529,2026??6??30??,CNY
HASCO,BS,qoq,2026Q2,current,600741_HASCO_2026_Q2_??????????.csv,????????????,????????????,Other Current Assets,BS_CA_OTHE_CURR_ASSE,Assets,Current Assets,Other Current Assets,Current Assets,detail,N,1,1899901681,2026??6??30??,CNY
HASCO,BS,qoq,2026Q2,current,600741_HASCO_2026_Q2_??????????.csv,????????????,????????????,Total Current Assets,BS_CA_TOTAL_CURR_ASSE,Assets,Current Assets,Subtotal,Current Assets,total,Y,1,1.30E+11,2026??6??30??,CNY
HASCO,BS,qoq,2026Q2,current,600741_HASCO_2026_Q2_??????????.csv,????????,????????,Debt Investments,BS_NCA_DEBT_INVE,Assets,Non-current Assets,Debt Investments,Non-current Assets,detail,N,1,9794679167,2026??6??30??,CNY
HASCO,BS,qoq,2026Q2,current,600741_HASCO_2026_Q2_??????????.csv,??????????,??????????,Long-term Receivables,BS_NCA_LONG_TERM_RECE,Assets,Non-current Assets,Long-term Receivables,Non-current Assets,detail,N,1,61971356.95,2026??6??30??,CNY
HASCO,BS,qoq,2026Q2,current,600741_HASCO_2026_Q2_??????????.csv,????????????,????????????,Long-term Equity Investments,BS_NCA_LONG_TERM_EQUI_INVE,Assets,Non-current Assets,Long-term Equity Investments,Non-current Assets,detail,N,1,13159617605,2026??6??30??,CNY
HASCO,BS,qoq,2026Q2,current,600741_HASCO_2026_Q2_??????????.csv,????????????????,????????????????,Other Equity Instrument Investments,BS_NCA_OTHE_EQUI_INST_INVE,Assets,Non-current Assets,Other Equity Instrument Investments,Non-current Assets,detail,N,1,2820594220,2026??6??30??,CNY
HASCO,BS,qoq,2026Q2,current,600741_HASCO_2026_Q2_??????????.csv,??????????????????,??????????????????,Other Non-current Financial Assets,BS_NCA_OTHE_NON_CURR_FINA,Assets,Non-current Assets,Other Non-current Financial Assets,Non-current Assets,detail,N,1,333311579.2,2026??6??30??,CNY
HASCO,BS,qoq,2026Q2,current,600741_HASCO_2026_Q2_??????????.csv,????????????,????????????,Investment Property,BS_NCA_INVE_PROP,Assets,Non-current Assets,Investment Property,Non-current Assets,detail,N,1,499731415.3,2026??6??30??,CNY
HASCO,BS,qoq,2026Q2,current,600741_HASCO_2026_Q2_??????????.csv,????????,????????,Intangible Assets,BS_NCA_INTA_ASSE,Assets,Non-current Assets,Intangible Assets,Non-current Assets,detail,N,1,3527294005,2026??6??30??,CNY
HASCO,BS,qoq,2026Q2,current,600741_HASCO_2026_Q2_??????????.csv,????,????,Goodwill,BS_NCA_GOOD,Assets,Non-current Assets,Goodwill,Non-current Assets,detail,N,1,781115081.7,2026??6??30??,CNY
HASCO,BS,qoq,2026Q2,current,600741_HASCO_2026_Q2_??????????.csv,????????????,????????????,Long-term Deferred Expenses,BS_NCA_LONG_TERM_DEFE_EXPE,Assets,Non-current Assets,Long-term Deferred Expenses,Non-current Assets,detail,N,1,1013276794,2026??6??30??,CNY
HASCO,BS,qoq,2026Q2,current,600741_HASCO_2026_Q2_??????????.csv,??????????????,??????????????,Other Non-current Assets,BS_NCA_OTHE_NON_CURR_ASSE,Assets,Non-current Assets,Other Non-current Assets,Non-current Assets,detail,N,1,643619241.5,2026??6??30??,CNY
HASCO,BS,qoq,2026Q2,current,600741_HASCO_2026_Q2_??????????.csv,??????????????,??????????????,Total Non-current Assets,BS_NCA_TOTAL_NON_CURR_ASSE,Assets,Non-current Assets,Subtotal,Non-current Assets,total,Y,1,67680936464,2026??6??30??,CNY
HASCO,BS,qoq,2026Q2,current,600741_HASCO_2026_Q2_??????????.csv,????????,????????,Total Assets,BS_TOTAL_ASSETS,Assets,Assets,Total,Non-current Assets,total,Y,1,1.97E+11,2026??6??30??,CNY
HASCO,BS,qoq,2026Q2,current,600741_HASCO_2026_Q2_??????????.csv,????????,????????,Short-term Borrowings,BS_CL_SHOR_TERM_BORR,Liabilities,Current Liabilities,Short-term Borrowings,Current Liabilities,detail,N,1,11132922062,2026??6??30??,CNY
HASCO,BS,qoq,2026Q2,current,600741_HASCO_2026_Q2_??????????.csv,????????,????????,Notes Payable,BS_CL_NOTE_PAYA,Liabilities,Current Liabilities,Notes Payable,Current Liabilities,detail,N,1,11416878420,2026??6??30??,CNY
HASCO,BS,qoq,2026Q2,current,600741_HASCO_2026_Q2_??????????.csv,????????,????????,Accounts Payable,BS_CL_ACCO_PAYA,Liabilities,Current Liabilities,Accounts Payable,Current Liabilities,detail,N,1,63967402953,2026??6??30??,CNY
HASCO,BS,qoq,2026Q2,current,600741_HASCO_2026_Q2_??????????.csv,????????,????????,Contract Liabilities,BS_CL_CONT_LIAB,Liabilities,Current Liabilities,Contract Liabilities,Current Liabilities,detail,N,1,8445065364,2026??6??30??,CNY
HASCO,BS,qoq,2026Q2,current,600741_HASCO_2026_Q2_??????????.csv,????????????,????????????,Employee Benefits Payable,BS_CL_EMPL_BENE_PAYA,Liabilities,Current Liabilities,Employee Benefits Payable,Current Liabilities,detail,N,1,5026604910,2026??6??30??,CNY
HASCO,BS,qoq,2026Q2,current,600741_HASCO_2026_Q2_??????????.csv,????????,????????,Taxes Payable,BS_CL_TAXE_PAYA,Liabilities,Current Liabilities,Taxes Payable,Current Liabilities,detail,N,1,1525310209,2026??6??30??,CNY
HASCO,BS,qoq,2026Q2,current,600741_HASCO_2026_Q2_??????????.csv,??????????,??????????,Other Payables,BS_CL_OTHE_PAYA,Liabilities,Current Liabilities,Other Payables,Current Liabilities,detail,N,1,14508939759,2026??6??30??,CNY
HASCO,BS,qoq,2026Q2,current,600741_HASCO_2026_Q2_??????????.csv,????????,????????,Dividends Payable,BS_CL_DIVI_PAYA,Liabilities,Current Liabilities,Dividends Payable,Current Liabilities,detail,N,1,3610066218,2026??6??30??,CNY
HASCO,BS,qoq,2026Q2,current,600741_HASCO_2026_Q2_??????????.csv,??????????????????????,??????????????????????,Current Portion of Non-current Liabilities,BS_CL_CURR_PORT_NON_CURR,Liabilities,Current Liabilities,Current Portion of Non-current Liabilities,Non-current Liabilities,detail,N,1,1579937255,2026??6??30??,CNY
HASCO,BS,qoq,2026Q2,current,600741_HASCO_2026_Q2_??????????.csv,????????????,????????????,Total Current Liabilities,BS_CL_TOTAL_CURR_LIAB,Liabilities,Current Liabilities,Subtotal,Current Liabilities,total,Y,1,1.18E+11,2026??6??30??,CNY
HASCO,BS,qoq,2026Q2,current,600741_HASCO_2026_Q2_??????????.csv,????????,????????,Long-term Borrowings,BS_NCL_LONG_TERM_BORR,Liabilities,Non-current Liabilities,Long-term Borrowings,Non-current Liabilities,detail,N,1,960808593.9,2026??6??30??,CNY
HASCO,BS,qoq,2026Q2,current,600741_HASCO_2026_Q2_??????????.csv,????????,????????,Lease Liabilities,BS_NCL_LEAS_LIAB,Liabilities,Non-current Liabilities,Lease Liabilities,Non-current Liabilities,detail,N,1,4390677836,2026??6??30??,CNY
HASCO,BS,qoq,2026Q2,current,600741_HASCO_2026_Q2_??????????.csv,??????????,??????????,Long-term Payables,BS_NCL_LONG_TERM_PAYA,Liabilities,Non-current Liabilities,Long-term Payables,Non-current Liabilities,detail,N,1,41206859.21,2026??6??30??,CNY
HASCO,BS,qoq,2026Q2,current,600741_HASCO_2026_Q2_??????????.csv,????????????????,????????????????,Long-term Employee Benefits Payable,BS_NCL_LONG_TERM_EMPL_BENE,Liabilities,Non-current Liabilities,Long-term Employee Benefits Payable,Non-current Liabilities,detail,N,1,561462769.8,2026??6??30??,CNY
HASCO,BS,qoq,2026Q2,current,600741_HASCO_2026_Q2_??????????.csv,????????,????????,Provisions,BS_NCL_PROV,Liabilities,Non-current Liabilities,Provisions,Non-current Liabilities,detail,N,1,903685071.8,2026??6??30??,CNY
HASCO,BS,qoq,2026Q2,current,600741_HASCO_2026_Q2_??????????.csv,????????,????????,Deferred Income,BS_NCL_DEFE_INCO,Liabilities,Non-current Liabilities,Deferred Income,Non-current Liabilities,detail,N,1,865939323.4,2026??6??30??,CNY
HASCO,BS,qoq,2026Q2,current,600741_HASCO_2026_Q2_??????????.csv,??????????????,??????????????,Other Non-current Liabilities,BS_NCL_OTHE_NON_CURR_LIAB,Liabilities,Non-current Liabilities,Other Non-current Liabilities,Non-current Liabilities,detail,N,1,518138239.9,2026??6??30??,CNY
HASCO,BS,qoq,2026Q2,current,600741_HASCO_2026_Q2_??????????.csv,??????????????,??????????????,Total Non-current Liabilities,BS_NCL_TOTAL_NON_CURR_LIAB,Liabilities,Non-current Liabilities,Subtotal,Non-current Liabilities,total,Y,1,8909332999,2026??6??30??,CNY
HASCO,BS,qoq,2026Q2,current,600741_HASCO_2026_Q2_??????????.csv,????????,????????,Total Liabilities,BS_TOTAL_LIAB,Liabilities,Liabilities,Total,Non-current Liabilities,total,Y,1,1.27E+11,2026??6??30??,CNY
HASCO,BS,qoq,2026Q2,current,600741_HASCO_2026_Q2_??????????.csv,????????(??????),????????(??????),Share Capital,BS_EQ_SHAR_CAPI,Equity,Equity,Share Capital,Equity,detail,N,1,3152723984,2026??6??30??,CNY
HASCO,BS,qoq,2026Q2,current,600741_HASCO_2026_Q2_??????????.csv,????????,????????,Capital Reserve,BS_EQ_CAPI_RESE,Equity,Equity,Capital Reserve,Equity,detail,N,1,11466528583,2026??6??30??,CNY
HASCO,BS,qoq,2026Q2,current,600741_HASCO_2026_Q2_??????????.csv,????????????,????????????,Other Comprehensive Income,BS_EQ_OTHE_COMP_INCO,Equity,Equity,Other Comprehensive Income,Equity,detail,N,1,1195044832,2026??6??30??,CNY
HASCO,BS,qoq,2026Q2,current,600741_HASCO_2026_Q2_??????????.csv,????????,????????,Special Reserve,BS_EQ_SPEC_RESE,Equity,Equity,Special Reserve,Equity,detail,N,1,69154763.88,2026??6??30??,CNY
HASCO,BS,qoq,2026Q2,current,600741_HASCO_2026_Q2_??????????.csv,????????,????????,Surplus Reserve,BS_EQ_SURP_RESE,Equity,Equity,Surplus Reserve,Equity,detail,N,1,6417692106,2026??6??30??,CNY
HASCO,BS,qoq,2026Q2,current,600741_HASCO_2026_Q2_??????????.csv,??????????,??????????,Retained Earnings,BS_EQ_RETA_EARN,Equity,Equity,Retained Earnings,Equity,detail,N,1,44238065102,2026??6??30??,CNY
HASCO,BS,qoq,2026Q2,current,600741_HASCO_2026_Q2_??????????.csv,??????????????????????(???????? ??)????,??????????????????????(??????????)????,Total Equity Attributable to Owners of the Parent,BS_EQ_TOTAL_EQUI_ATTR_OWNE_PARE,Equity,Equity,Subtotal,Equity,total,Y,1,66539209370,2026??6??30??,CNY
HASCO,BS,qoq,2026Q2,current,600741_HASCO_2026_Q2_??????????.csv,????????????,????????????,Non-controlling Interests,BS_NCI_NON_CONT_INTE,Equity,Non-controlling Interests,Non-controlling Interests,Equity,detail,N,1,4326027373,2026??6??30??,CNY
HASCO,BS,qoq,2026Q2,current,600741_HASCO_2026_Q2_??????????.csv,??????????(??????????)????,??????????(??????????)????,Total Equity,BS_TOTAL_EQUITY,Equity,Equity,Total,Equity,total,Y,1,70865236743,2026??6??30??,CNY
HASCO,BS,qoq,2026Q2,current,600741_HASCO_2026_Q2_??????????.csv,????????????????(???????? ??)????,????????????????(??????????)????,Total Liabilities and Equity,BS_TOTAL_LIAB_EQ,Balance Sheet,Balance Sheet,Grand Total,Equity,total,Y,1,1.97E+11,2026??6??30??,CNY
HASCO,BS,qoq,2025Q4,comparison,600741_HASCO_2026_Q2_??????????.csv,????????,????????,Cash and Cash Equivalents,BS_CA_CASH,Assets,Current Assets,Cash and Cash Equivalents,Current Assets,detail,N,1,37140696976,2025??12??31??,CNY
HASCO,BS,qoq,2025Q4,comparison,600741_HASCO_2026_Q2_??????????.csv,????????,????????,Notes Receivable,BS_CA_NOTE_RECE,Assets,Current Assets,Notes Receivable,Current Assets,detail,N,1,1962977696,2025??12??31??,CNY
HASCO,BS,qoq,2025Q4,comparison,600741_HASCO_2026_Q2_??????????.csv,????????,????????,Accounts Receivable,BS_CA_AR,Assets,Current Assets,Accounts Receivable,Current Assets,detail,N,1,50532053442,2025??12??31??,CNY
HASCO,BS,qoq,2025Q4,comparison,600741_HASCO_2026_Q2_??????????.csv,????????????,????????????,Financing Receivables,BS_CA_FINA_RECE,Assets,Current Assets,Financing Receivables,Current Assets,detail,N,1,15271953622,2025??12??31??,CNY
HASCO,BS,qoq,2025Q4,comparison,600741_HASCO_2026_Q2_??????????.csv,????????,????????,Prepayments,BS_CA_PREP,Assets,Current Assets,Prepayments,Current Assets,detail,N,1,743345626.3,2025??12??31??,CNY
HASCO,BS,qoq,2025Q4,comparison,600741_HASCO_2026_Q2_??????????.csv,??????????,??????????,Other Receivables,BS_CA_OTHE_RECE,Assets,Current Assets,Other Receivables,Current Assets,detail,N,1,2396826193,2025??12??31??,CNY
HASCO,BS,qoq,2025Q4,comparison,600741_HASCO_2026_Q2_??????????.csv,????????,????????,Dividends Receivable,BS_CA_DIVI_RECE,Assets,Current Assets,Dividends Receivable,Current Assets,detail,N,1,75073558.25,2025??12??31??,CNY
HASCO,BS,qoq,2025Q4,comparison,600741_HASCO_2026_Q2_??????????.csv,????,????,Inventories,BS_CA_INV,Assets,Current Assets,Inventories,Current Assets,detail,N,1,21317699044,2025??12??31??,CNY
HASCO,BS,qoq,2025Q4,comparison,600741_HASCO_2026_Q2_??????????.csv,??????????????????????,??????????????????????,Current Portion of Non-current Assets,BS_CA_CURR_PORT_NON_CURR,Assets,Current Assets,Current Portion of Non-current Assets,Non-current Assets,detail,N,1,2944305597,2025??12??31??,CNY
HASCO,BS,qoq,2025Q4,comparison,600741_HASCO_2026_Q2_??????????.csv,????????????,????????????,Other Current Assets,BS_CA_OTHE_CURR_ASSE,Assets,Current Assets,Other Current Assets,Current Assets,detail,N,1,2342320839,2025??12??31??,CNY
HASCO,BS,qoq,2025Q4,comparison,600741_HASCO_2026_Q2_??????????.csv,????????????,????????????,Total Current Assets,BS_CA_TOTAL_CURR_ASSE,Assets,Current Assets,Subtotal,Current Assets,total,Y,1,1.35E+11,2025??12??31??,CNY
HASCO,BS,qoq,2025Q4,comparison,600741_HASCO_2026_Q2_??????????.csv,????????,????????,Debt Investments,BS_NCA_DEBT_INVE,Assets,Non-current Assets,Debt Investments,Non-current Assets,detail,N,1,5107794444,2025??12??31??,CNY
HASCO,BS,qoq,2025Q4,comparison,600741_HASCO_2026_Q2_??????????.csv,??????????,??????????,Long-term Receivables,BS_NCA_LONG_TERM_RECE,Assets,Non-current Assets,Long-term Receivables,Non-current Assets,detail,N,1,68841078.37,2025??12??31??,CNY
HASCO,BS,qoq,2025Q4,comparison,600741_HASCO_2026_Q2_??????????.csv,????????????,????????????,Long-term Equity Investments,BS_NCA_LONG_TERM_EQUI_INVE,Assets,Non-current Assets,Long-term Equity Investments,Non-current Assets,detail,N,1,13517594917,2025??12??31??,CNY
HASCO,BS,qoq,2025Q4,comparison,600741_HASCO_2026_Q2_??????????.csv,????????????????,????????????????,Other Equity Instrument Investments,BS_NCA_OTHE_EQUI_INST_INVE,Assets,Non-current Assets,Other Equity Instrument Investments,Non-current Assets,detail,N,1,3358192917,2025??12??31??,CNY
HASCO,BS,qoq,2025Q4,comparison,600741_HASCO_2026_Q2_??????????.csv,??????????????????,??????????????????,Other Non-current Financial Assets,BS_NCA_OTHE_NON_CURR_FINA,Assets,Non-current Assets,Other Non-current Financial Assets,Non-current Assets,detail,N,1,335863799,2025??12??31??,CNY
HASCO,BS,qoq,2025Q4,comparison,600741_HASCO_2026_Q2_??????????.csv,????????????,????????????,Investment Property,BS_NCA_INVE_PROP,Assets,Non-current Assets,Investment Property,Non-current Assets,detail,N,1,509614893.9,2025??12??31??,CNY
HASCO,BS,qoq,2025Q4,comparison,600741_HASCO_2026_Q2_??????????.csv,????????,????????,Intangible Assets,BS_NCA_INTA_ASSE,Assets,Non-current Assets,Intangible Assets,Non-current Assets,detail,N,1,3431046209,2025??12??31??,CNY
HASCO,BS,qoq,2025Q4,comparison,600741_HASCO_2026_Q2_??????????.csv,????,????,Goodwill,BS_NCA_GOOD,Assets,Non-current Assets,Goodwill,Non-current Assets,detail,N,1,781115081.7,2025??12??31??,CNY
HASCO,BS,qoq,2025Q4,comparison,600741_HASCO_2026_Q2_??????????.csv,????????????,????????????,Long-term Deferred Expenses,BS_NCA_LONG_TERM_DEFE_EXPE,Assets,Non-current Assets,Long-term Deferred Expenses,Non-current Assets,detail,N,1,986007927.9,2025??12??31??,CNY
HASCO,BS,qoq,2025Q4,comparison,600741_HASCO_2026_Q2_??????????.csv,??????????????,??????????????,Other Non-current Assets,BS_NCA_OTHE_NON_CURR_ASSE,Assets,Non-current Assets,Other Non-current Assets,Non-current Assets,detail,N,1,595994857.5,2025??12??31??,CNY
HASCO,BS,qoq,2025Q4,comparison,600741_HASCO_2026_Q2_??????????.csv,??????????????,??????????????,Total Non-current Assets,BS_NCA_TOTAL_NON_CURR_ASSE,Assets,Non-current Assets,Subtotal,Non-current Assets,total,Y,1,64534271897,2025??12??31??,CNY
HASCO,BS,qoq,2025Q4,comparison,600741_HASCO_2026_Q2_??????????.csv,????????,????????,Total Assets,BS_TOTAL_ASSETS,Assets,Assets,Total,Non-current Assets,total,Y,1,1.99E+11,2025??12??31??,CNY
HASCO,BS,qoq,2025Q4,comparison,600741_HASCO_2026_Q2_??????????.csv,????????,????????,Short-term Borrowings,BS_CL_SHOR_TERM_BORR,Liabilities,Current Liabilities,Short-term Borrowings,Current Liabilities,detail,N,1,12125830795,2025??12??31??,CNY
HASCO,BS,qoq,2025Q4,comparison,600741_HASCO_2026_Q2_??????????.csv,????????,????????,Notes Payable,BS_CL_NOTE_PAYA,Liabilities,Current Liabilities,Notes Payable,Current Liabilities,detail,N,1,12490419989,2025??12??31??,CNY
HASCO,BS,qoq,2025Q4,comparison,600741_HASCO_2026_Q2_??????????.csv,????????,????????,Accounts Payable,BS_CL_ACCO_PAYA,Liabilities,Current Liabilities,Accounts Payable,Current Liabilities,detail,N,1,63766378896,2025??12??31??,CNY
HASCO,BS,qoq,2025Q4,comparison,600741_HASCO_2026_Q2_??????????.csv,????????,????????,Advances from Customers,BS_CL_ADVA_CUST,Liabilities,Current Liabilities,Advances from Customers,Current Liabilities,detail,N,1,297586.26,2025??12??31??,CNY
HASCO,BS,qoq,2025Q4,comparison,600741_HASCO_2026_Q2_??????????.csv,????????,????????,Contract Liabilities,BS_CL_CONT_LIAB,Liabilities,Current Liabilities,Contract Liabilities,Current Liabilities,detail,N,1,9265958210,2025??12??31??,CNY
HASCO,BS,qoq,2025Q4,comparison,600741_HASCO_2026_Q2_??????????.csv,????????????,????????????,Employee Benefits Payable,BS_CL_EMPL_BENE_PAYA,Liabilities,Current Liabilities,Employee Benefits Payable,Current Liabilities,detail,N,1,5694455900,2025??12??31??,CNY
HASCO,BS,qoq,2025Q4,comparison,600741_HASCO_2026_Q2_??????????.csv,????????,????????,Taxes Payable,BS_CL_TAXE_PAYA,Liabilities,Current Liabilities,Taxes Payable,Current Liabilities,detail,N,1,1820315079,2025??12??31??,CNY
HASCO,BS,qoq,2025Q4,comparison,600741_HASCO_2026_Q2_??????????.csv,??????????,??????????,Other Payables,BS_CL_OTHE_PAYA,Liabilities,Current Liabilities,Other Payables,Current Liabilities,detail,N,1,11177577991,2025??12??31??,CNY
HASCO,BS,qoq,2025Q4,comparison,600741_HASCO_2026_Q2_??????????.csv,????????,????????,Dividends Payable,BS_CL_DIVI_PAYA,Liabilities,Current Liabilities,Dividends Payable,Current Liabilities,detail,N,1,455830925.4,2025??12??31??,CNY
HASCO,BS,qoq,2025Q4,comparison,600741_HASCO_2026_Q2_??????????.csv,??????????????????????,??????????????????????,Current Portion of Non-current Liabilities,BS_CL_CURR_PORT_NON_CURR,Liabilities,Current Liabilities,Current Portion of Non-current Liabilities,Non-current Liabilities,detail,N,1,2865233540,2025??12??31??,CNY
HASCO,BS,qoq,2025Q4,comparison,600741_HASCO_2026_Q2_??????????.csv,????????????,????????????,Total Current Liabilities,BS_CL_TOTAL_CURR_LIAB,Liabilities,Current Liabilities,Subtotal,Current Liabilities,total,Y,1,1.19E+11,2025??12??31??,CNY
HASCO,BS,qoq,2025Q4,comparison,600741_HASCO_2026_Q2_??????????.csv,????????,????????,Long-term Borrowings,BS_NCL_LONG_TERM_BORR,Liabilities,Non-current Liabilities,Long-term Borrowings,Non-current Liabilities,detail,N,1,983285831.6,2025??12??31??,CNY
HASCO,BS,qoq,2025Q4,comparison,600741_HASCO_2026_Q2_??????????.csv,????????,????????,Lease Liabilities,BS_NCL_LEAS_LIAB,Liabilities,Non-current Liabilities,Lease Liabilities,Non-current Liabilities,detail,N,1,4534689568,2025??12??31??,CNY
HASCO,BS,qoq,2025Q4,comparison,600741_HASCO_2026_Q2_??????????.csv,??????????,??????????,Long-term Payables,BS_NCL_LONG_TERM_PAYA,Liabilities,Non-current Liabilities,Long-term Payables,Non-current Liabilities,detail,N,1,43135136.39,2025??12??31??,CNY
HASCO,BS,qoq,2025Q4,comparison,600741_HASCO_2026_Q2_??????????.csv,????????????????,????????????????,Long-term Employee Benefits Payable,BS_NCL_LONG_TERM_EMPL_BENE,Liabilities,Non-current Liabilities,Long-term Employee Benefits Payable,Non-current Liabilities,detail,N,1,566108394.9,2025??12??31??,CNY
HASCO,BS,qoq,2025Q4,comparison,600741_HASCO_2026_Q2_??????????.csv,????????,????????,Provisions,BS_NCL_PROV,Liabilities,Non-current Liabilities,Provisions,Non-current Liabilities,detail,N,1,891656058.7,2025??12??31??,CNY
HASCO,BS,qoq,2025Q4,comparison,600741_HASCO_2026_Q2_??????????.csv,????????,????????,Deferred Income,BS_NCL_DEFE_INCO,Liabilities,Non-current Liabilities,Deferred Income,Non-current Liabilities,detail,N,1,882060999.2,2025??12??31??,CNY
HASCO,BS,qoq,2025Q4,comparison,600741_HASCO_2026_Q2_??????????.csv,??????????????,??????????????,Other Non-current Liabilities,BS_NCL_OTHE_NON_CURR_LIAB,Liabilities,Non-current Liabilities,Other Non-current Liabilities,Non-current Liabilities,detail,N,1,124821881.7,2025??12??31??,CNY
HASCO,BS,qoq,2025Q4,comparison,600741_HASCO_2026_Q2_??????????.csv,??????????????,??????????????,Total Non-current Liabilities,BS_NCL_TOTAL_NON_CURR_LIAB,Liabilities,Non-current Liabilities,Subtotal,Non-current Liabilities,total,Y,1,8842199944,2025??12??31??,CNY
HASCO,BS,qoq,2025Q4,comparison,600741_HASCO_2026_Q2_??????????.csv,????????,????????,Total Liabilities,BS_TOTAL_LIAB,Liabilities,Liabilities,Total,Non-current Liabilities,total,Y,1,1.28E+11,2025??12??31??,CNY
HASCO,BS,qoq,2025Q4,comparison,600741_HASCO_2026_Q2_??????????.csv,????????(??????),????????(??????),Share Capital,BS_EQ_SHAR_CAPI,Equity,Equity,Share Capital,Equity,detail,N,1,3152723984,2025??12??31??,CNY
HASCO,BS,qoq,2025Q4,comparison,600741_HASCO_2026_Q2_??????????.csv,????????,????????,Capital Reserve,BS_EQ_CAPI_RESE,Equity,Equity,Capital Reserve,Equity,detail,N,1,11463867084,2025??12??31??,CNY
HASCO,BS,qoq,2025Q4,comparison,600741_HASCO_2026_Q2_??????????.csv,????????????,????????????,Other Comprehensive Income,BS_EQ_OTHE_COMP_INCO,Equity,Equity,Other Comprehensive Income,Equity,detail,N,1,1494349772,2025??12??31??,CNY
HASCO,BS,qoq,2025Q4,comparison,600741_HASCO_2026_Q2_??????????.csv,????????,????????,Special Reserve,BS_EQ_SPEC_RESE,Equity,Equity,Special Reserve,Equity,detail,N,1,38313070.87,2025??12??31??,CNY
HASCO,BS,qoq,2025Q4,comparison,600741_HASCO_2026_Q2_??????????.csv,????????,????????,Surplus Reserve,BS_EQ_SURP_RESE,Equity,Equity,Surplus Reserve,Equity,detail,N,1,6417692106,2025??12??31??,CNY
HASCO,BS,qoq,2025Q4,comparison,600741_HASCO_2026_Q2_??????????.csv,??????????,??????????,Retained Earnings,BS_EQ_RETA_EARN,Equity,Equity,Retained Earnings,Equity,detail,N,1,44577627261,2025??12??31??,CNY
HASCO,BS,qoq,2025Q4,comparison,600741_HASCO_2026_Q2_??????????.csv,??????????????????????(???????? ??)????,??????????????????????(??????????)????,Total Equity Attributable to Owners of the Parent,BS_EQ_TOTAL_EQUI_ATTR_OWNE_PARE,Equity,Equity,Subtotal,Equity,total,Y,1,67144573278,2025??12??31??,CNY
HASCO,BS,qoq,2025Q4,comparison,600741_HASCO_2026_Q2_??????????.csv,????????????,????????????,Non-controlling Interests,BS_NCI_NON_CONT_INTE,Equity,Non-controlling Interests,Non-controlling Interests,Equity,detail,N,1,3993209722,2025??12??31??,CNY
HASCO,BS,qoq,2025Q4,comparison,600741_HASCO_2026_Q2_??????????.csv,??????????(??????????)????,??????????(??????????)????,Total Equity,BS_TOTAL_EQUITY,Equity,Equity,Total,Equity,total,Y,1,71137783001,2025??12??31??,CNY
HASCO,BS,qoq,2025Q4,comparison,600741_HASCO_2026_Q2_??????????.csv,????????????????(???????? ??)????,????????????????(??????????)????,Total Liabilities and Equity,BS_TOTAL_LIAB_EQ,Balance Sheet,Balance Sheet,Grand Total,Equity,total,Y,1,1.99E+11,2025??12??31??,CNY
Tuopu,BS,qoq,2026Q2,current,601689_Tuopu_2026_Q2_??????????.csv,????????,????????,Cash and Cash Equivalents,BS_CA_CASH,Assets,Current Assets,Cash and Cash Equivalents,Current Assets,detail,N,1,5325874116,2026??6??30??,CNY
Tuopu,BS,qoq,2026Q2,current,601689_Tuopu_2026_Q2_??????????.csv,??????????????,??????????????,Trading Financial Assets,BS_CA_TRAD_FINA_ASSE,Assets,Current Assets,Trading Financial Assets,Current Assets,detail,N,1,430000000,2026??6??30??,CNY
Tuopu,BS,qoq,2026Q2,current,601689_Tuopu_2026_Q2_??????????.csv,????????,????????,Notes Receivable,BS_CA_NOTE_RECE,Assets,Current Assets,Notes Receivable,Current Assets,detail,N,1,9841908.49,2026??6??30??,CNY
Tuopu,BS,qoq,2026Q2,current,601689_Tuopu_2026_Q2_??????????.csv,????????,????????,Accounts Receivable,BS_CA_AR,Assets,Current Assets,Accounts Receivable,Current Assets,detail,N,1,6621502357,2026??6??30??,CNY
Tuopu,BS,qoq,2026Q2,current,601689_Tuopu_2026_Q2_??????????.csv,????????????,????????????,Financing Receivables,BS_CA_FINA_RECE,Assets,Current Assets,Financing Receivables,Current Assets,detail,N,1,3356382393,2026??6??30??,CNY
Tuopu,BS,qoq,2026Q2,current,601689_Tuopu_2026_Q2_??????????.csv,????????,????????,Prepayments,BS_CA_PREP,Assets,Current Assets,Prepayments,Current Assets,detail,N,1,259762539.9,2026??6??30??,CNY
Tuopu,BS,qoq,2026Q2,current,601689_Tuopu_2026_Q2_??????????.csv,??????????,??????????,Other Receivables,BS_CA_OTHE_RECE,Assets,Current Assets,Other Receivables,Current Assets,detail,N,1,69636118.31,2026??6??30??,CNY
Tuopu,BS,qoq,2026Q2,current,601689_Tuopu_2026_Q2_??????????.csv,????????????,????????????,Other Current Assets,BS_CA_OTHE_CURR_ASSE,Assets,Current Assets,Other Current Assets,Current Assets,detail,N,1,871430040.4,2026??6??30??,CNY
Tuopu,BS,qoq,2026Q2,current,601689_Tuopu_2026_Q2_??????????.csv,????????????,????????????,Total Current Assets,BS_CA_TOTAL_CURR_ASSE,Assets,Current Assets,Subtotal,Current Assets,total,Y,1,21759700255,2026??6??30??,CNY
Tuopu,BS,qoq,2026Q2,current,601689_Tuopu_2026_Q2_??????????.csv,????????????,????????????,Long-term Equity Investments,BS_NCA_LONG_TERM_EQUI_INVE,Assets,Non-current Assets,Long-term Equity Investments,Non-current Assets,detail,N,1,259967715.6,2026??6??30??,CNY
Tuopu,BS,qoq,2026Q2,current,601689_Tuopu_2026_Q2_??????????.csv,??????????????????,??????????????????,Other Non-current Financial Assets,BS_NCA_OTHE_NON_CURR_FINA,Assets,Non-current Assets,Other Non-current Financial Assets,Non-current Assets,detail,N,1,130000000,2026??6??30??,CNY
Tuopu,BS,qoq,2026Q2,current,601689_Tuopu_2026_Q2_??????????.csv,????????????,????????????,Investment Property,BS_NCA_INVE_PROP,Assets,Non-current Assets,Investment Property,Non-current Assets,detail,N,1,17611580.81,2026??6??30??,CNY
Tuopu,BS,qoq,2026Q2,current,601689_Tuopu_2026_Q2_??????????.csv,????????,????????,Intangible Assets,BS_NCA_INTA_ASSE,Assets,Non-current Assets,Intangible Assets,Non-current Assets,detail,N,1,1544975365,2026??6??30??,CNY
Tuopu,BS,qoq,2026Q2,current,601689_Tuopu_2026_Q2_??????????.csv,????????????,????????????,Long-term Deferred Expenses,BS_NCA_LONG_TERM_DEFE_EXPE,Assets,Non-current Assets,Long-term Deferred Expenses,Non-current Assets,detail,N,1,492319443.2,2026??6??30??,CNY
Tuopu,BS,qoq,2026Q2,current,601689_Tuopu_2026_Q2_??????????.csv,??????????????,??????????????,Other Non-current Assets,BS_NCA_OTHE_NON_CURR_ASSE,Assets,Non-current Assets,Other Non-current Assets,Non-current Assets,detail,N,1,379195874.6,2026??6??30??,CNY
Tuopu,BS,qoq,2026Q2,current,601689_Tuopu_2026_Q2_??????????.csv,??????????????,??????????????,Total Non-current Assets,BS_NCA_TOTAL_NON_CURR_ASSE,Assets,Non-current Assets,Subtotal,Non-current Assets,total,Y,1,20830440814,2026??6??30??,CNY
Tuopu,BS,qoq,2026Q2,current,601689_Tuopu_2026_Q2_??????????.csv,????????,????????,Total Assets,BS_TOTAL_ASSETS,Assets,Assets,Total,Non-current Assets,total,Y,1,42590141069,2026??6??30??,CNY
Tuopu,BS,qoq,2026Q2,current,601689_Tuopu_2026_Q2_??????????.csv,????????,????????,Short-term Borrowings,BS_CL_SHOR_TERM_BORR,Liabilities,Current Liabilities,Short-term Borrowings,Current Liabilities,detail,N,1,3911158821,2026??6??30??,CNY
Tuopu,BS,qoq,2026Q2,current,601689_Tuopu_2026_Q2_??????????.csv,????????,????????,Notes Payable,BS_CL_NOTE_PAYA,Liabilities,Current Liabilities,Notes Payable,Current Liabilities,detail,N,1,4200316677,2026??6??30??,CNY
Tuopu,BS,qoq,2026Q2,current,601689_Tuopu_2026_Q2_??????????.csv,????????,????????,Accounts Payable,BS_CL_ACCO_PAYA,Liabilities,Current Liabilities,Accounts Payable,Current Liabilities,detail,N,1,7068438408,2026??6??30??,CNY
Tuopu,BS,qoq,2026Q2,current,601689_Tuopu_2026_Q2_??????????.csv,????????,????????,Contract Liabilities,BS_CL_CONT_LIAB,Liabilities,Current Liabilities,Contract Liabilities,Current Liabilities,detail,N,1,37332757.98,2026??6??30??,CNY
Tuopu,BS,qoq,2026Q2,current,601689_Tuopu_2026_Q2_??????????.csv,????????????,????????????,Employee Benefits Payable,BS_CL_EMPL_BENE_PAYA,Liabilities,Current Liabilities,Employee Benefits Payable,Current Liabilities,detail,N,1,383972515.5,2026??6??30??,CNY
Tuopu,BS,qoq,2026Q2,current,601689_Tuopu_2026_Q2_??????????.csv,????????,????????,Taxes Payable,BS_CL_TAXE_PAYA,Liabilities,Current Liabilities,Taxes Payable,Current Liabilities,detail,N,1,228061503.4,2026??6??30??,CNY
Tuopu,BS,qoq,2026Q2,current,601689_Tuopu_2026_Q2_??????????.csv,??????????,??????????,Other Payables,BS_CL_OTHE_PAYA,Liabilities,Current Liabilities,Other Payables,Current Liabilities,detail,N,1,23298682.39,2026??6??30??,CNY
Tuopu,BS,qoq,2026Q2,current,601689_Tuopu_2026_Q2_??????????.csv,??????????????????????,??????????????????????,Current Portion of Non-current Liabilities,BS_CL_CURR_PORT_NON_CURR,Liabilities,Current Liabilities,Current Portion of Non-current Liabilities,Non-current Liabilities,detail,N,1,809257601.5,2026??6??30??,CNY
Tuopu,BS,qoq,2026Q2,current,601689_Tuopu_2026_Q2_??????????.csv,????????????,????????????,Other Current Liabilities,BS_CL_OTHE_CURR_LIAB,Liabilities,Current Liabilities,Other Current Liabilities,Current Liabilities,detail,N,1,29088325.1,2026??6??30??,CNY
Tuopu,BS,qoq,2026Q2,current,601689_Tuopu_2026_Q2_??????????.csv,????????????,????????????,Total Current Liabilities,BS_CL_TOTAL_CURR_LIAB,Liabilities,Current Liabilities,Subtotal,Current Liabilities,total,Y,1,16690925292,2026??6??30??,CNY
Tuopu,BS,qoq,2026Q2,current,601689_Tuopu_2026_Q2_??????????.csv,????????,????????,Long-term Borrowings,BS_NCL_LONG_TERM_BORR,Liabilities,Non-current Liabilities,Long-term Borrowings,Non-current Liabilities,detail,N,1,748000000,2026??6??30??,CNY
Tuopu,BS,qoq,2026Q2,current,601689_Tuopu_2026_Q2_??????????.csv,????????,????????,Lease Liabilities,BS_NCL_LEAS_LIAB,Liabilities,Non-current Liabilities,Lease Liabilities,Non-current Liabilities,detail,N,1,421760715.5,2026??6??30??,CNY
Tuopu,BS,qoq,2026Q2,current,601689_Tuopu_2026_Q2_??????????.csv,????????,????????,Deferred Income,BS_NCL_DEFE_INCO,Liabilities,Non-current Liabilities,Deferred Income,Non-current Liabilities,detail,N,1,409417506.6,2026??6??30??,CNY
Tuopu,BS,qoq,2026Q2,current,601689_Tuopu_2026_Q2_??????????.csv,??????????????,??????????????,Total Non-current Liabilities,BS_NCL_TOTAL_NON_CURR_LIAB,Liabilities,Non-current Liabilities,Subtotal,Non-current Liabilities,total,Y,1,1644122149,2026??6??30??,CNY
Tuopu,BS,qoq,2026Q2,current,601689_Tuopu_2026_Q2_??????????.csv,????????,????????,Total Liabilities,BS_TOTAL_LIAB,Liabilities,Liabilities,Total,Non-current Liabilities,total,Y,1,18335047441,2026??6??30??,CNY
Tuopu,BS,qoq,2026Q2,current,601689_Tuopu_2026_Q2_??????????.csv,????????(??????),????????(??????),Share Capital,BS_EQ_SHAR_CAPI,Equity,Equity,Share Capital,Equity,detail,N,1,1737835580,2026??6??30??,CNY
Tuopu,BS,qoq,2026Q2,current,601689_Tuopu_2026_Q2_??????????.csv,????????,????????,Capital Reserve,BS_EQ_CAPI_RESE,Equity,Equity,Capital Reserve,Equity,detail,N,1,10872539090,2026??6??30??,CNY
Tuopu,BS,qoq,2026Q2,current,601689_Tuopu_2026_Q2_??????????.csv,????????????,????????????,Other Comprehensive Income,BS_EQ_OTHE_COMP_INCO,Equity,Equity,Other Comprehensive Income,Equity,detail,N,1,-74630.41,2026??6??30??,CNY
Tuopu,BS,qoq,2026Q2,current,601689_Tuopu_2026_Q2_??????????.csv,????????,????????,Surplus Reserve,BS_EQ_SURP_RESE,Equity,Equity,Surplus Reserve,Equity,detail,N,1,1039768774,2026??6??30??,CNY
Tuopu,BS,qoq,2026Q2,current,601689_Tuopu_2026_Q2_??????????.csv,??????????,??????????,Retained Earnings,BS_EQ_RETA_EARN,Equity,Equity,Retained Earnings,Equity,detail,N,1,10567856221,2026??6??30??,CNY
Tuopu,BS,qoq,2026Q2,current,601689_Tuopu_2026_Q2_??????????.csv,?????????????????????? (??????????)????,??????????????????????(??????????)????,Total Equity Attributable to Owners of the Parent,BS_EQ_TOTAL_EQUI_ATTR_OWNE_PARE,Equity,Equity,Subtotal,Equity,total,Y,1,24217925035,2026??6??30??,CNY
Tuopu,BS,qoq,2026Q2,current,601689_Tuopu_2026_Q2_??????????.csv,????????????,????????????,Non-controlling Interests,BS_NCI_NON_CONT_INTE,Equity,Non-controlling Interests,Non-controlling Interests,Equity,detail,N,1,37168593.59,2026??6??30??,CNY
Tuopu,BS,qoq,2026Q2,current,601689_Tuopu_2026_Q2_??????????.csv,??????????(???????? ??)????,??????????(??????????)????,Total Equity,BS_TOTAL_EQUITY,Equity,Equity,Total,Equity,total,Y,1,24255093629,2026??6??30??,CNY
Tuopu,BS,qoq,2026Q2,current,601689_Tuopu_2026_Q2_??????????.csv,???????????????? (??????????)????,????????????????(??????????)????,Total Liabilities and Equity,BS_TOTAL_LIAB_EQ,Balance Sheet,Balance Sheet,Grand Total,Equity,total,Y,1,42590141069,2026??6??30??,CNY
Tuopu,BS,qoq,2025Q4,comparison,601689_Tuopu_2026_Q2_??????????.csv,????????,????????,Cash and Cash Equivalents,BS_CA_CASH,Assets,Current Assets,Cash and Cash Equivalents,Current Assets,detail,N,1,5219806008,2025??12??31??,CNY
Tuopu,BS,qoq,2025Q4,comparison,601689_Tuopu_2026_Q2_??????????.csv,??????????????,??????????????,Trading Financial Assets,BS_CA_TRAD_FINA_ASSE,Assets,Current Assets,Trading Financial Assets,Current Assets,detail,N,1,400000000,2025??12??31??,CNY
Tuopu,BS,qoq,2025Q4,comparison,601689_Tuopu_2026_Q2_??????????.csv,????????,????????,Notes Receivable,BS_CA_NOTE_RECE,Assets,Current Assets,Notes Receivable,Current Assets,detail,N,1,15798084.56,2025??12??31??,CNY
Tuopu,BS,qoq,2025Q4,comparison,601689_Tuopu_2026_Q2_??????????.csv,????????,????????,Accounts Receivable,BS_CA_AR,Assets,Current Assets,Accounts Receivable,Current Assets,detail,N,1,7325793121,2025??12??31??,CNY
Tuopu,BS,qoq,2025Q4,comparison,601689_Tuopu_2026_Q2_??????????.csv,????????????,????????????,Financing Receivables,BS_CA_FINA_RECE,Assets,Current Assets,Financing Receivables,Current Assets,detail,N,1,4828918847,2025??12??31??,CNY
Tuopu,BS,qoq,2025Q4,comparison,601689_Tuopu_2026_Q2_??????????.csv,????????,????????,Prepayments,BS_CA_PREP,Assets,Current Assets,Prepayments,Current Assets,detail,N,1,225582479,2025??12??31??,CNY
Tuopu,BS,qoq,2025Q4,comparison,601689_Tuopu_2026_Q2_??????????.csv,??????????,??????????,Other Receivables,BS_CA_OTHE_RECE,Assets,Current Assets,Other Receivables,Current Assets,detail,N,1,65810353.73,2025??12??31??,CNY
Tuopu,BS,qoq,2025Q4,comparison,601689_Tuopu_2026_Q2_??????????.csv,????10????,????,Inventories,BS_CA_INV,Assets,Current Assets,Inventories,Current Assets,detail,N,1,4716826854,2025??12??31??,CNY
Tuopu,BS,qoq,2025Q4,comparison,601689_Tuopu_2026_Q2_??????????.csv,????????????,????????????,Other Current Assets,BS_CA_OTHE_CURR_ASSE,Assets,Current Assets,Other Current Assets,Current Assets,detail,N,1,646073361.1,2025??12??31??,CNY
Tuopu,BS,qoq,2025Q4,comparison,601689_Tuopu_2026_Q2_??????????.csv,????????????,????????????,Total Current Assets,BS_CA_TOTAL_CURR_ASSE,Assets,Current Assets,Subtotal,Current Assets,total,Y,1,23444609109,2025??12??31??,CNY
Tuopu,BS,qoq,2025Q4,comparison,601689_Tuopu_2026_Q2_??????????.csv,????????????,????????????,Long-term Equity Investments,BS_NCA_LONG_TERM_EQUI_INVE,Assets,Non-current Assets,Long-term Equity Investments,Non-current Assets,detail,N,1,105254429.5,2025??12??31??,CNY
Tuopu,BS,qoq,2025Q4,comparison,601689_Tuopu_2026_Q2_??????????.csv,??????????????????,??????????????????,Other Non-current Financial Assets,BS_NCA_OTHE_NON_CURR_FINA,Assets,Non-current Assets,Other Non-current Financial Assets,Non-current Assets,detail,N,1,50000000,2025??12??31??,CNY
Tuopu,BS,qoq,2025Q4,comparison,601689_Tuopu_2026_Q2_??????????.csv,????????????,????????????,Investment Property,BS_NCA_INVE_PROP,Assets,Non-current Assets,Investment Property,Non-current Assets,detail,N,1,18685082.96,2025??12??31??,CNY
Tuopu,BS,qoq,2025Q4,comparison,601689_Tuopu_2026_Q2_??????????.csv,????????,????????,Intangible Assets,BS_NCA_INTA_ASSE,Assets,Non-current Assets,Intangible Assets,Non-current Assets,detail,N,1,1569588057,2025??12??31??,CNY
Tuopu,BS,qoq,2025Q4,comparison,601689_Tuopu_2026_Q2_??????????.csv,????27????,????,Goodwill,BS_NCA_GOOD,Assets,Non-current Assets,Goodwill,Non-current Assets,detail,N,1,340475037.3,2025??12??31??,CNY
Tuopu,BS,qoq,2025Q4,comparison,601689_Tuopu_2026_Q2_??????????.csv,????????????,????????????,Long-term Deferred Expenses,BS_NCA_LONG_TERM_DEFE_EXPE,Assets,Non-current Assets,Long-term Deferred Expenses,Non-current Assets,detail,N,1,356977245.8,2025??12??31??,CNY
Tuopu,BS,qoq,2025Q4,comparison,601689_Tuopu_2026_Q2_??????????.csv,??????????????,??????????????,Other Non-current Assets,BS_NCA_OTHE_NON_CURR_ASSE,Assets,Non-current Assets,Other Non-current Assets,Non-current Assets,detail,N,1,347742200.7,2025??12??31??,CNY
Tuopu,BS,qoq,2025Q4,comparison,601689_Tuopu_2026_Q2_??????????.csv,??????????????,??????????????,Total Non-current Assets,BS_NCA_TOTAL_NON_CURR_ASSE,Assets,Non-current Assets,Subtotal,Non-current Assets,total,Y,1,20489986260,2025??12??31??,CNY
Tuopu,BS,qoq,2025Q4,comparison,601689_Tuopu_2026_Q2_??????????.csv,????????,????????,Total Assets,BS_TOTAL_ASSETS,Assets,Assets,Total,Non-current Assets,total,Y,1,43934595369,2025??12??31??,CNY
Tuopu,BS,qoq,2025Q4,comparison,601689_Tuopu_2026_Q2_??????????.csv,????????,????????,Short-term Borrowings,BS_CL_SHOR_TERM_BORR,Liabilities,Current Liabilities,Short-term Borrowings,Current Liabilities,detail,N,1,2930929247,2025??12??31??,CNY
Tuopu,BS,qoq,2025Q4,comparison,601689_Tuopu_2026_Q2_??????????.csv,????????,????????,Notes Payable,BS_CL_NOTE_PAYA,Liabilities,Current Liabilities,Notes Payable,Current Liabilities,detail,N,1,5716338316,2025??12??31??,CNY
Tuopu,BS,qoq,2025Q4,comparison,601689_Tuopu_2026_Q2_??????????.csv,????????,????????,Accounts Payable,BS_CL_ACCO_PAYA,Liabilities,Current Liabilities,Accounts Payable,Current Liabilities,detail,N,1,7479896928,2025??12??31??,CNY
Tuopu,BS,qoq,2025Q4,comparison,601689_Tuopu_2026_Q2_??????????.csv,????????,????????,Contract Liabilities,BS_CL_CONT_LIAB,Liabilities,Current Liabilities,Contract Liabilities,Current Liabilities,detail,N,1,21061458.96,2025??12??31??,CNY
Tuopu,BS,qoq,2025Q4,comparison,601689_Tuopu_2026_Q2_??????????.csv,????????????,????????????,Employee Benefits Payable,BS_CL_EMPL_BENE_PAYA,Liabilities,Current Liabilities,Employee Benefits Payable,Current Liabilities,detail,N,1,468463681.1,2025??12??31??,CNY
Tuopu,BS,qoq,2025Q4,comparison,601689_Tuopu_2026_Q2_??????????.csv,????????,????????,Taxes Payable,BS_CL_TAXE_PAYA,Liabilities,Current Liabilities,Taxes Payable,Current Liabilities,detail,N,1,319479049.5,2025??12??31??,CNY
Tuopu,BS,qoq,2025Q4,comparison,601689_Tuopu_2026_Q2_??????????.csv,??????????,??????????,Other Payables,BS_CL_OTHE_PAYA,Liabilities,Current Liabilities,Other Payables,Current Liabilities,detail,N,1,21000056.22,2025??12??31??,CNY
Tuopu,BS,qoq,2025Q4,comparison,601689_Tuopu_2026_Q2_??????????.csv,??????????????????????,??????????????????????,Current Portion of Non-current Liabilities,BS_CL_CURR_PORT_NON_CURR,Liabilities,Current Liabilities,Current Portion of Non-current Liabilities,Non-current Liabilities,detail,N,1,1602987963,2025??12??31??,CNY
Tuopu,BS,qoq,2025Q4,comparison,601689_Tuopu_2026_Q2_??????????.csv,????????????,????????????,Other Current Liabilities,BS_CL_OTHE_CURR_LIAB,Liabilities,Current Liabilities,Other Current Liabilities,Current Liabilities,detail,N,1,82658540.23,2025??12??31??,CNY
Tuopu,BS,qoq,2025Q4,comparison,601689_Tuopu_2026_Q2_??????????.csv,????????????,????????????,Total Current Liabilities,BS_CL_TOTAL_CURR_LIAB,Liabilities,Current Liabilities,Subtotal,Current Liabilities,total,Y,1,18642815239,2025??12??31??,CNY
Tuopu,BS,qoq,2025Q4,comparison,601689_Tuopu_2026_Q2_??????????.csv,????????,????????,Long-term Borrowings,BS_NCL_LONG_TERM_BORR,Liabilities,Non-current Liabilities,Long-term Borrowings,Non-current Liabilities,detail,N,1,225116422.7,2025??12??31??,CNY
Tuopu,BS,qoq,2025Q4,comparison,601689_Tuopu_2026_Q2_??????????.csv,????????,????????,Lease Liabilities,BS_NCL_LEAS_LIAB,Liabilities,Non-current Liabilities,Lease Liabilities,Non-current Liabilities,detail,N,1,442455857.6,2025??12??31??,CNY
Tuopu,BS,qoq,2025Q4,comparison,601689_Tuopu_2026_Q2_??????????.csv,????????,????????,Deferred Income,BS_NCL_DEFE_INCO,Liabilities,Non-current Liabilities,Deferred Income,Non-current Liabilities,detail,N,1,422912904.2,2025??12??31??,CNY
Tuopu,BS,qoq,2025Q4,comparison,601689_Tuopu_2026_Q2_??????????.csv,??????????????,??????????????,Total Non-current Liabilities,BS_NCL_TOTAL_NON_CURR_LIAB,Liabilities,Non-current Liabilities,Subtotal,Non-current Liabilities,total,Y,1,1157227209,2025??12??31??,CNY
Tuopu,BS,qoq,2025Q4,comparison,601689_Tuopu_2026_Q2_??????????.csv,????????,????????,Total Liabilities,BS_TOTAL_LIAB,Liabilities,Liabilities,Total,Non-current Liabilities,total,Y,1,19800042448,2025??12??31??,CNY
Tuopu,BS,qoq,2025Q4,comparison,601689_Tuopu_2026_Q2_??????????.csv,????????(??????),????????(??????),Share Capital,BS_EQ_SHAR_CAPI,Equity,Equity,Share Capital,Equity,detail,N,1,1737835580,2025??12??31??,CNY
Tuopu,BS,qoq,2025Q4,comparison,601689_Tuopu_2026_Q2_??????????.csv,????????,????????,Capital Reserve,BS_EQ_CAPI_RESE,Equity,Equity,Capital Reserve,Equity,detail,N,1,10872539090,2025??12??31??,CNY
Tuopu,BS,qoq,2025Q4,comparison,601689_Tuopu_2026_Q2_??????????.csv,????????????,????????????,Other Comprehensive Income,BS_EQ_OTHE_COMP_INCO,Equity,Equity,Other Comprehensive Income,Equity,detail,N,1,50996410.35,2025??12??31??,CNY
Tuopu,BS,qoq,2025Q4,comparison,601689_Tuopu_2026_Q2_??????????.csv,????????,????????,Surplus Reserve,BS_EQ_SURP_RESE,Equity,Equity,Surplus Reserve,Equity,detail,N,1,1039768774,2025??12??31??,CNY
Tuopu,BS,qoq,2025Q4,comparison,601689_Tuopu_2026_Q2_??????????.csv,??????????,??????????,Retained Earnings,BS_EQ_RETA_EARN,Equity,Equity,Retained Earnings,Equity,detail,N,1,10396846764,2025??12??31??,CNY
Tuopu,BS,qoq,2025Q4,comparison,601689_Tuopu_2026_Q2_??????????.csv,?????????????????????? (??????????)????,??????????????????????(??????????)????,Total Equity Attributable to Owners of the Parent,BS_EQ_TOTAL_EQUI_ATTR_OWNE_PARE,Equity,Equity,Subtotal,Equity,total,Y,1,24097986619,2025??12??31??,CNY
Tuopu,BS,qoq,2025Q4,comparison,601689_Tuopu_2026_Q2_??????????.csv,????????????,????????????,Non-controlling Interests,BS_NCI_NON_CONT_INTE,Equity,Non-controlling Interests,Non-controlling Interests,Equity,detail,N,1,36566301.82,2025??12??31??,CNY
Tuopu,BS,qoq,2025Q4,comparison,601689_Tuopu_2026_Q2_??????????.csv,??????????(???????? ??)????,??????????(??????????)????,Total Equity,BS_TOTAL_EQUITY,Equity,Equity,Total,Equity,total,Y,1,24134552921,2025??12??31??,CNY
Tuopu,BS,qoq,2025Q4,comparison,601689_Tuopu_2026_Q2_??????????.csv,???????????????? (??????????)????,????????????????(??????????)????,Total Liabilities and Equity,BS_TOTAL_LIAB_EQ,Balance Sheet,Balance Sheet,Grand Total,Equity,total,Y,1,43934595369,2025??12??31??,CNY
Baolong,BS,qoq,2026Q2,current,603197_Baolong_2026_Q2_??????????.csv,????????,????????,Cash and Cash Equivalents,BS_CA_CASH,Assets,Current Assets,Cash and Cash Equivalents,Current Assets,detail,N,1,692619514.6,2026??6??30??,CNY
Baolong,BS,qoq,2026Q2,current,603197_Baolong_2026_Q2_??????????.csv,??????????????,??????????????,Trading Financial Assets,BS_CA_TRAD_FINA_ASSE,Assets,Current Assets,Trading Financial Assets,Current Assets,detail,N,1,1159286531,2026??6??30??,CNY
Baolong,BS,qoq,2026Q2,current,603197_Baolong_2026_Q2_??????????.csv,????????,????????,Notes Receivable,BS_CA_NOTE_RECE,Assets,Current Assets,Notes Receivable,Current Assets,detail,N,1,156988988.6,2026??6??30??,CNY
Baolong,BS,qoq,2026Q2,current,603197_Baolong_2026_Q2_??????????.csv,????????,????????,Accounts Receivable,BS_CA_AR,Assets,Current Assets,Accounts Receivable,Current Assets,detail,N,1,2499742638,2026??6??30??,CNY
Baolong,BS,qoq,2026Q2,current,603197_Baolong_2026_Q2_??????????.csv,????????????,????????????,Financing Receivables,BS_CA_FINA_RECE,Assets,Current Assets,Financing Receivables,Current Assets,detail,N,1,122780309,2026??6??30??,CNY
Baolong,BS,qoq,2026Q2,current,603197_Baolong_2026_Q2_??????????.csv,????????,????????,Prepayments,BS_CA_PREP,Assets,Current Assets,Prepayments,Current Assets,detail,N,1,102169232.1,2026??6??30??,CNY
Baolong,BS,qoq,2026Q2,current,603197_Baolong_2026_Q2_??????????.csv,??????????,??????????,Other Receivables,BS_CA_OTHE_RECE,Assets,Current Assets,Other Receivables,Current Assets,detail,N,1,25917409.14,2026??6??30??,CNY
Baolong,BS,qoq,2026Q2,current,603197_Baolong_2026_Q2_??????????.csv,????????????,????????????,Other Current Assets,BS_CA_OTHE_CURR_ASSE,Assets,Current Assets,Other Current Assets,Current Assets,detail,N,1,85415518.01,2026??6??30??,CNY
Baolong,BS,qoq,2026Q2,current,603197_Baolong_2026_Q2_??????????.csv,????????????,????????????,Total Current Assets,BS_CA_TOTAL_CURR_ASSE,Assets,Current Assets,Subtotal,Current Assets,total,Y,1,7444097190,2026??6??30??,CNY
Baolong,BS,qoq,2026Q2,current,603197_Baolong_2026_Q2_??????????.csv,????????????,????????????,Long-term Equity Investments,BS_NCA_LONG_TERM_EQUI_INVE,Assets,Non-current Assets,Long-term Equity Investments,Non-current Assets,detail,N,1,335448843,2026??6??30??,CNY
Baolong,BS,qoq,2026Q2,current,603197_Baolong_2026_Q2_??????????.csv,????????????????,????????????????,Other Equity Instrument Investments,BS_NCA_OTHE_EQUI_INST_INVE,Assets,Non-current Assets,Other Equity Instrument Investments,Non-current Assets,detail,N,1,64500000,2026??6??30??,CNY
Baolong,BS,qoq,2026Q2,current,603197_Baolong_2026_Q2_??????????.csv,??????????????????,??????????????????,Other Non-current Financial Assets,BS_NCA_OTHE_NON_CURR_FINA,Assets,Non-current Assets,Other Non-current Financial Assets,Non-current Assets,detail,N,1,205222437,2026??6??30??,CNY
Baolong,BS,qoq,2026Q2,current,603197_Baolong_2026_Q2_??????????.csv,????????????,????????????,Investment Property,BS_NCA_INVE_PROP,Assets,Non-current Assets,Investment Property,Non-current Assets,detail,N,1,14762795.4,2026??6??30??,CNY
Baolong,BS,qoq,2026Q2,current,603197_Baolong_2026_Q2_??????????.csv,????????,????????,Intangible Assets,BS_NCA_INTA_ASSE,Assets,Non-current Assets,Intangible Assets,Non-current Assets,detail,N,1,187082054.6,2026??6??30??,CNY
Baolong,BS,qoq,2026Q2,current,603197_Baolong_2026_Q2_??????????.csv,????????????,????????????,Long-term Deferred Expenses,BS_NCA_LONG_TERM_DEFE_EXPE,Assets,Non-current Assets,Long-term Deferred Expenses,Non-current Assets,detail,N,1,21379107.08,2026??6??30??,CNY
Baolong,BS,qoq,2026Q2,current,603197_Baolong_2026_Q2_??????????.csv,??????????????,??????????????,Other Non-current Assets,BS_NCA_OTHE_NON_CURR_ASSE,Assets,Non-current Assets,Other Non-current Assets,Non-current Assets,detail,N,1,414750779.6,2026??6??30??,CNY
Baolong,BS,qoq,2026Q2,current,603197_Baolong_2026_Q2_??????????.csv,??????????????,??????????????,Total Non-current Assets,BS_NCA_TOTAL_NON_CURR_ASSE,Assets,Non-current Assets,Subtotal,Non-current Assets,total,Y,1,5353127987,2026??6??30??,CNY
Baolong,BS,qoq,2026Q2,current,603197_Baolong_2026_Q2_??????????.csv,????????,????????,Total Assets,BS_TOTAL_ASSETS,Assets,Assets,Total,Non-current Assets,total,Y,1,12797225177,2026??6??30??,CNY
Baolong,BS,qoq,2026Q2,current,603197_Baolong_2026_Q2_??????????.csv,????????,????????,Short-term Borrowings,BS_CL_SHOR_TERM_BORR,Liabilities,Current Liabilities,Short-term Borrowings,Current Liabilities,detail,N,1,2638205919,2026??6??30??,CNY
Baolong,BS,qoq,2026Q2,current,603197_Baolong_2026_Q2_??????????.csv,????????,????????,Notes Payable,BS_CL_NOTE_PAYA,Liabilities,Current Liabilities,Notes Payable,Current Liabilities,detail,N,1,1224050833,2026??6??30??,CNY
Baolong,BS,qoq,2026Q2,current,603197_Baolong_2026_Q2_??????????.csv,????????,????????,Accounts Payable,BS_CL_ACCO_PAYA,Liabilities,Current Liabilities,Accounts Payable,Current Liabilities,detail,N,1,1861289453,2026??6??30??,CNY
Baolong,BS,qoq,2026Q2,current,603197_Baolong_2026_Q2_??????????.csv,????????,????????,Advances from Customers,BS_CL_ADVA_CUST,Liabilities,Current Liabilities,Advances from Customers,Current Liabilities,detail,N,1,980552.14,2026??6??30??,CNY
Baolong,BS,qoq,2026Q2,current,603197_Baolong_2026_Q2_??????????.csv,????????,????????,Contract Liabilities,BS_CL_CONT_LIAB,Liabilities,Current Liabilities,Contract Liabilities,Current Liabilities,detail,N,1,173556629.3,2026??6??30??,CNY
Baolong,BS,qoq,2026Q2,current,603197_Baolong_2026_Q2_??????????.csv,????????????,????????????,Employee Benefits Payable,BS_CL_EMPL_BENE_PAYA,Liabilities,Current Liabilities,Employee Benefits Payable,Current Liabilities,detail,N,1,195292298.8,2026??6??30??,CNY
Baolong,BS,qoq,2026Q2,current,603197_Baolong_2026_Q2_??????????.csv,????????,????????,Taxes Payable,BS_CL_TAXE_PAYA,Liabilities,Current Liabilities,Taxes Payable,Current Liabilities,detail,N,1,74448566.8,2026??6??30??,CNY
Baolong,BS,qoq,2026Q2,current,603197_Baolong_2026_Q2_??????????.csv,??????????,??????????,Other Payables,BS_CL_OTHE_PAYA,Liabilities,Current Liabilities,Other Payables,Current Liabilities,detail,N,1,64087782.78,2026??6??30??,CNY
Baolong,BS,qoq,2026Q2,current,603197_Baolong_2026_Q2_??????????.csv,????????,????????,Dividends Payable,BS_CL_DIVI_PAYA,Liabilities,Current Liabilities,Dividends Payable,Current Liabilities,detail,N,1,581465,2026??6??30??,CNY
Baolong,BS,qoq,2026Q2,current,603197_Baolong_2026_Q2_??????????.csv,??????????????????????,??????????????????????,Current Portion of Non-current Liabilities,BS_CL_CURR_PORT_NON_CURR,Liabilities,Current Liabilities,Current Portion of Non-current Liabilities,Non-current Liabilities,detail,N,1,630040978.4,2026??6??30??,CNY
Baolong,BS,qoq,2026Q2,current,603197_Baolong_2026_Q2_??????????.csv,????????????,????????????,Other Current Liabilities,BS_CL_OTHE_CURR_LIAB,Liabilities,Current Liabilities,Other Current Liabilities,Current Liabilities,detail,N,1,826287.83,2026??6??30??,CNY
Baolong,BS,qoq,2026Q2,current,603197_Baolong_2026_Q2_??????????.csv,????????????,????????????,Total Current Liabilities,BS_CL_TOTAL_CURR_LIAB,Liabilities,Current Liabilities,Subtotal,Current Liabilities,total,Y,1,6862779302,2026??6??30??,CNY
Baolong,BS,qoq,2026Q2,current,603197_Baolong_2026_Q2_??????????.csv,????????,????????,Long-term Borrowings,BS_NCL_LONG_TERM_BORR,Liabilities,Non-current Liabilities,Long-term Borrowings,Non-current Liabilities,detail,N,1,607796780.9,2026??6??30??,CNY
Baolong,BS,qoq,2026Q2,current,603197_Baolong_2026_Q2_??????????.csv,????????,????????,Bonds Payable,BS_NCL_BOND_PAYA,Liabilities,Non-current Liabilities,Bonds Payable,Non-current Liabilities,detail,N,1,1385967155,2026??6??30??,CNY
Baolong,BS,qoq,2026Q2,current,603197_Baolong_2026_Q2_??????????.csv,????????,????????,Lease Liabilities,BS_NCL_LEAS_LIAB,Liabilities,Non-current Liabilities,Lease Liabilities,Non-current Liabilities,detail,N,1,4831023.35,2026??6??30??,CNY
Baolong,BS,qoq,2026Q2,current,603197_Baolong_2026_Q2_??????????.csv,????????????????,????????????????,Long-term Employee Benefits Payable,BS_NCL_LONG_TERM_EMPL_BENE,Liabilities,Non-current Liabilities,Long-term Employee Benefits Payable,Non-current Liabilities,detail,N,1,12811575.14,2026??6??30??,CNY
Baolong,BS,qoq,2026Q2,current,603197_Baolong_2026_Q2_??????????.csv,????????,????????,Provisions,BS_NCL_PROV,Liabilities,Non-current Liabilities,Provisions,Non-current Liabilities,detail,N,1,28927255.88,2026??6??30??,CNY
Baolong,BS,qoq,2026Q2,current,603197_Baolong_2026_Q2_??????????.csv,????????,????????,Deferred Income,BS_NCL_DEFE_INCO,Liabilities,Non-current Liabilities,Deferred Income,Non-current Liabilities,detail,N,1,121600661.4,2026??6??30??,CNY
Baolong,BS,qoq,2026Q2,current,603197_Baolong_2026_Q2_??????????.csv,??????????????,??????????????,Total Non-current Liabilities,BS_NCL_TOTAL_NON_CURR_LIAB,Liabilities,Non-current Liabilities,Subtotal,Non-current Liabilities,total,Y,1,2165690654,2026??6??30??,CNY
Baolong,BS,qoq,2026Q2,current,603197_Baolong_2026_Q2_??????????.csv,????????,????????,Total Liabilities,BS_TOTAL_LIAB,Liabilities,Liabilities,Total,Non-current Liabilities,total,Y,1,9028469956,2026??6??30??,CNY
Baolong,BS,qoq,2026Q2,current,603197_Baolong_2026_Q2_??????????.csv,????????(??????),????????(??????),Share Capital,BS_EQ_SHAR_CAPI,Equity,Equity,Share Capital,Equity,detail,N,1,214025627,2026??6??30??,CNY
Baolong,BS,qoq,2026Q2,current,603197_Baolong_2026_Q2_??????????.csv,????????????,????????????,Other Equity Instruments,BS_EQ_OTHE_EQUI_INST,Equity,Equity,Other Equity Instruments,Equity,detail,N,1,56507756.88,2026??6??30??,CNY
Baolong,BS,qoq,2026Q2,current,603197_Baolong_2026_Q2_??????????.csv,????????,????????,Capital Reserve,BS_EQ_CAPI_RESE,Equity,Equity,Capital Reserve,Equity,detail,N,1,1265015719,2026??6??30??,CNY
Baolong,BS,qoq,2026Q2,current,603197_Baolong_2026_Q2_??????????.csv,??:??????,??????,Treasury Shares,BS_EQ_TREA_SHAR,Equity,Equity,Treasury Shares,Equity,detail,N,-1,53676980,2026??6??30??,CNY
Baolong,BS,qoq,2026Q2,current,603197_Baolong_2026_Q2_??????????.csv,????????????,????????????,Other Comprehensive Income,BS_EQ_OTHE_COMP_INCO,Equity,Equity,Other Comprehensive Income,Equity,detail,N,1,-15524061.31,2026??6??30??,CNY
Baolong,BS,qoq,2026Q2,current,603197_Baolong_2026_Q2_??????????.csv,????????,????????,Surplus Reserve,BS_EQ_SURP_RESE,Equity,Equity,Surplus Reserve,Equity,detail,N,1,112561832.4,2026??6??30??,CNY
Baolong,BS,qoq,2026Q2,current,603197_Baolong_2026_Q2_??????????.csv,??????????,??????????,Retained Earnings,BS_EQ_RETA_EARN,Equity,Equity,Retained Earnings,Equity,detail,N,1,1792629530,2026??6??30??,CNY
Baolong,BS,qoq,2026Q2,current,603197_Baolong_2026_Q2_??????????.csv,?????????????????????? (??????????)????,??????????????????????(??????????)????,Total Equity Attributable to Owners of the Parent,BS_EQ_TOTAL_EQUI_ATTR_OWNE_PARE,Equity,Equity,Subtotal,Equity,total,Y,1,3371539423,2026??6??30??,CNY
Baolong,BS,qoq,2026Q2,current,603197_Baolong_2026_Q2_??????????.csv,????????????,????????????,Non-controlling Interests,BS_NCI_NON_CONT_INTE,Equity,Non-controlling Interests,Non-controlling Interests,Equity,detail,N,1,397215797.7,2026??6??30??,CNY
Baolong,BS,qoq,2026Q2,current,603197_Baolong_2026_Q2_??????????.csv,??????????(???????? ??)????,??????????(??????????)????,Total Equity,BS_TOTAL_EQUITY,Equity,Equity,Total,Equity,total,Y,1,3768755221,2026??6??30??,CNY
Baolong,BS,qoq,2026Q2,current,603197_Baolong_2026_Q2_??????????.csv,????????????????(?? ????????)????,????????????????(??????????)????,Total Liabilities and Equity,BS_TOTAL_LIAB_EQ,Balance Sheet,Balance Sheet,Grand Total,Equity,total,Y,1,12797225177,2026??6??30??,CNY
Baolong,BS,qoq,2025Q4,comparison,603197_Baolong_2026_Q2_??????????.csv,????????,????????,Cash and Cash Equivalents,BS_CA_CASH,Assets,Current Assets,Cash and Cash Equivalents,Current Assets,detail,N,1,435320957.1,2025??12??31??,CNY
Baolong,BS,qoq,2025Q4,comparison,603197_Baolong_2026_Q2_??????????.csv,??????????????,??????????????,Trading Financial Assets,BS_CA_TRAD_FINA_ASSE,Assets,Current Assets,Trading Financial Assets,Current Assets,detail,N,1,870028906.5,2025??12??31??,CNY
Baolong,BS,qoq,2025Q4,comparison,603197_Baolong_2026_Q2_??????????.csv,????????,????????,Notes Receivable,BS_CA_NOTE_RECE,Assets,Current Assets,Notes Receivable,Current Assets,detail,N,1,120163999,2025??12??31??,CNY
Baolong,BS,qoq,2025Q4,comparison,603197_Baolong_2026_Q2_??????????.csv,????????,????????,Accounts Receivable,BS_CA_AR,Assets,Current Assets,Accounts Receivable,Current Assets,detail,N,1,2385049624,2025??12??31??,CNY
Baolong,BS,qoq,2025Q4,comparison,603197_Baolong_2026_Q2_??????????.csv,????????????,????????????,Financing Receivables,BS_CA_FINA_RECE,Assets,Current Assets,Financing Receivables,Current Assets,detail,N,1,88623911.21,2025??12??31??,CNY
Baolong,BS,qoq,2025Q4,comparison,603197_Baolong_2026_Q2_??????????.csv,????????,????????,Prepayments,BS_CA_PREP,Assets,Current Assets,Prepayments,Current Assets,detail,N,1,56405029.37,2025??12??31??,CNY
Baolong,BS,qoq,2025Q4,comparison,603197_Baolong_2026_Q2_??????????.csv,??????????,??????????,Other Receivables,BS_CA_OTHE_RECE,Assets,Current Assets,Other Receivables,Current Assets,detail,N,1,33331001.96,2025??12??31??,CNY
Baolong,BS,qoq,2025Q4,comparison,603197_Baolong_2026_Q2_??????????.csv,????10????,????,Inventories,BS_CA_INV,Assets,Current Assets,Inventories,Current Assets,detail,N,1,2481442461,2025??12??31??,CNY
Baolong,BS,qoq,2025Q4,comparison,603197_Baolong_2026_Q2_??????????.csv,????????????,????????????,Other Current Assets,BS_CA_OTHE_CURR_ASSE,Assets,Current Assets,Other Current Assets,Current Assets,detail,N,1,137471855.9,2025??12??31??,CNY
Baolong,BS,qoq,2025Q4,comparison,603197_Baolong_2026_Q2_??????????.csv,????????????,????????????,Total Current Assets,BS_CA_TOTAL_CURR_ASSE,Assets,Current Assets,Subtotal,Current Assets,total,Y,1,6607837746,2025??12??31??,CNY
Baolong,BS,qoq,2025Q4,comparison,603197_Baolong_2026_Q2_??????????.csv,????????????,????????????,Long-term Equity Investments,BS_NCA_LONG_TERM_EQUI_INVE,Assets,Non-current Assets,Long-term Equity Investments,Non-current Assets,detail,N,1,335292283.2,2025??12??31??,CNY
Baolong,BS,qoq,2025Q4,comparison,603197_Baolong_2026_Q2_??????????.csv,????????????????,????????????????,Other Equity Instrument Investments,BS_NCA_OTHE_EQUI_INST_INVE,Assets,Non-current Assets,Other Equity Instrument Investments,Non-current Assets,detail,N,1,64500000,2025??12??31??,CNY
Baolong,BS,qoq,2025Q4,comparison,603197_Baolong_2026_Q2_??????????.csv,??????????????????,??????????????????,Other Non-current Financial Assets,BS_NCA_OTHE_NON_CURR_FINA,Assets,Non-current Assets,Other Non-current Financial Assets,Non-current Assets,detail,N,1,262140224.3,2025??12??31??,CNY
Baolong,BS,qoq,2025Q4,comparison,603197_Baolong_2026_Q2_??????????.csv,????????????,????????????,Investment Property,BS_NCA_INVE_PROP,Assets,Non-current Assets,Investment Property,Non-current Assets,detail,N,1,15111977.09,2025??12??31??,CNY
Baolong,BS,qoq,2025Q4,comparison,603197_Baolong_2026_Q2_??????????.csv,????????,????????,Intangible Assets,BS_NCA_INTA_ASSE,Assets,Non-current Assets,Intangible Assets,Non-current Assets,detail,N,1,192207406,2025??12??31??,CNY
Baolong,BS,qoq,2025Q4,comparison,603197_Baolong_2026_Q2_??????????.csv,????27????,????,Goodwill,BS_NCA_GOOD,Assets,Non-current Assets,Goodwill,Non-current Assets,detail,N,1,321479408.2,2025??12??31??,CNY
Baolong,BS,qoq,2025Q4,comparison,603197_Baolong_2026_Q2_??????????.csv,????????????,????????????,Long-term Deferred Expenses,BS_NCA_LONG_TERM_DEFE_EXPE,Assets,Non-current Assets,Long-term Deferred Expenses,Non-current Assets,detail,N,1,17720784.62,2025??12??31??,CNY
Baolong,BS,qoq,2025Q4,comparison,603197_Baolong_2026_Q2_??????????.csv,??????????????,??????????????,Other Non-current Assets,BS_NCA_OTHE_NON_CURR_ASSE,Assets,Non-current Assets,Other Non-current Assets,Non-current Assets,detail,N,1,334949265.2,2025??12??31??,CNY
Baolong,BS,qoq,2025Q4,comparison,603197_Baolong_2026_Q2_??????????.csv,??????????????,??????????????,Total Non-current Assets,BS_NCA_TOTAL_NON_CURR_ASSE,Assets,Non-current Assets,Subtotal,Non-current Assets,total,Y,1,5239240574,2025??12??31??,CNY
Baolong,BS,qoq,2025Q4,comparison,603197_Baolong_2026_Q2_??????????.csv,????????,????????,Total Assets,BS_TOTAL_ASSETS,Assets,Assets,Total,Non-current Assets,total,Y,1,11847078320,2025??12??31??,CNY
Baolong,BS,qoq,2025Q4,comparison,603197_Baolong_2026_Q2_??????????.csv,????????,????????,Short-term Borrowings,BS_CL_SHOR_TERM_BORR,Liabilities,Current Liabilities,Short-term Borrowings,Current Liabilities,detail,N,1,1760380161,2025??12??31??,CNY
Baolong,BS,qoq,2025Q4,comparison,603197_Baolong_2026_Q2_??????????.csv,????????,????????,Notes Payable,BS_CL_NOTE_PAYA,Liabilities,Current Liabilities,Notes Payable,Current Liabilities,detail,N,1,1035363760,2025??12??31??,CNY
Baolong,BS,qoq,2025Q4,comparison,603197_Baolong_2026_Q2_??????????.csv,????????,????????,Accounts Payable,BS_CL_ACCO_PAYA,Liabilities,Current Liabilities,Accounts Payable,Current Liabilities,detail,N,1,1772134356,2025??12??31??,CNY
Baolong,BS,qoq,2025Q4,comparison,603197_Baolong_2026_Q2_??????????.csv,????????,????????,Advances from Customers,BS_CL_ADVA_CUST,Liabilities,Current Liabilities,Advances from Customers,Current Liabilities,detail,N,1,715921.22,2025??12??31??,CNY
Baolong,BS,qoq,2025Q4,comparison,603197_Baolong_2026_Q2_??????????.csv,????????,????????,Contract Liabilities,BS_CL_CONT_LIAB,Liabilities,Current Liabilities,Contract Liabilities,Current Liabilities,detail,N,1,176580847.1,2025??12??31??,CNY
Baolong,BS,qoq,2025Q4,comparison,603197_Baolong_2026_Q2_??????????.csv,????????????,????????????,Employee Benefits Payable,BS_CL_EMPL_BENE_PAYA,Liabilities,Current Liabilities,Employee Benefits Payable,Current Liabilities,detail,N,1,249739452.5,2025??12??31??,CNY
Baolong,BS,qoq,2025Q4,comparison,603197_Baolong_2026_Q2_??????????.csv,????????,????????,Taxes Payable,BS_CL_TAXE_PAYA,Liabilities,Current Liabilities,Taxes Payable,Current Liabilities,detail,N,1,61205110.62,2025??12??31??,CNY
Baolong,BS,qoq,2025Q4,comparison,603197_Baolong_2026_Q2_??????????.csv,??????????,??????????,Other Payables,BS_CL_OTHE_PAYA,Liabilities,Current Liabilities,Other Payables,Current Liabilities,detail,N,1,10318007.72,2025??12??31??,CNY
Baolong,BS,qoq,2025Q4,comparison,603197_Baolong_2026_Q2_??????????.csv,????????,????????,Dividends Payable,BS_CL_DIVI_PAYA,Liabilities,Current Liabilities,Dividends Payable,Current Liabilities,detail,N,1,35500,2025??12??31??,CNY
Baolong,BS,qoq,2025Q4,comparison,603197_Baolong_2026_Q2_??????????.csv,??????????????????????,??????????????????????,Current Portion of Non-current Liabilities,BS_CL_CURR_PORT_NON_CURR,Liabilities,Current Liabilities,Current Portion of Non-current Liabilities,Non-current Liabilities,detail,N,1,655179741.4,2025??12??31??,CNY
Baolong,BS,qoq,2025Q4,comparison,603197_Baolong_2026_Q2_??????????.csv,????????????,????????????,Other Current Liabilities,BS_CL_OTHE_CURR_LIAB,Liabilities,Current Liabilities,Other Current Liabilities,Current Liabilities,detail,N,1,2033009.47,2025??12??31??,CNY
Baolong,BS,qoq,2025Q4,comparison,603197_Baolong_2026_Q2_??????????.csv,????????????,????????????,Total Current Liabilities,BS_CL_TOTAL_CURR_LIAB,Liabilities,Current Liabilities,Subtotal,Current Liabilities,total,Y,1,5723650366,2025??12??31??,CNY
Baolong,BS,qoq,2025Q4,comparison,603197_Baolong_2026_Q2_??????????.csv,????????,????????,Long-term Borrowings,BS_NCL_LONG_TERM_BORR,Liabilities,Non-current Liabilities,Long-term Borrowings,Non-current Liabilities,detail,N,1,940091778.1,2025??12??31??,CNY
Baolong,BS,qoq,2025Q4,comparison,603197_Baolong_2026_Q2_??????????.csv,????????,????????,Bonds Payable,BS_NCL_BOND_PAYA,Liabilities,Non-current Liabilities,Bonds Payable,Non-current Liabilities,detail,N,1,1365383868,2025??12??31??,CNY
Baolong,BS,qoq,2025Q4,comparison,603197_Baolong_2026_Q2_??????????.csv,????????,????????,Lease Liabilities,BS_NCL_LEAS_LIAB,Liabilities,Non-current Liabilities,Lease Liabilities,Non-current Liabilities,detail,N,1,5982873.3,2025??12??31??,CNY
Baolong,BS,qoq,2025Q4,comparison,603197_Baolong_2026_Q2_??????????.csv,????????????????,????????????????,Long-term Employee Benefits Payable,BS_NCL_LONG_TERM_EMPL_BENE,Liabilities,Non-current Liabilities,Long-term Employee Benefits Payable,Non-current Liabilities,detail,N,1,13584185.48,2025??12??31??,CNY
Baolong,BS,qoq,2025Q4,comparison,603197_Baolong_2026_Q2_??????????.csv,????????,????????,Provisions,BS_NCL_PROV,Liabilities,Non-current Liabilities,Provisions,Non-current Liabilities,detail,N,1,31957525.47,2025??12??31??,CNY
Baolong,BS,qoq,2025Q4,comparison,603197_Baolong_2026_Q2_??????????.csv,????????,????????,Deferred Income,BS_NCL_DEFE_INCO,Liabilities,Non-current Liabilities,Deferred Income,Non-current Liabilities,detail,N,1,122374696.9,2025??12??31??,CNY
Baolong,BS,qoq,2025Q4,comparison,603197_Baolong_2026_Q2_??????????.csv,??????????????,??????????????,Total Non-current Liabilities,BS_NCL_TOTAL_NON_CURR_LIAB,Liabilities,Non-current Liabilities,Subtotal,Non-current Liabilities,total,Y,1,2483724156,2025??12??31??,CNY
Baolong,BS,qoq,2025Q4,comparison,603197_Baolong_2026_Q2_??????????.csv,????????,????????,Total Liabilities,BS_TOTAL_LIAB,Liabilities,Liabilities,Total,Non-current Liabilities,total,Y,1,8207374522,2025??12??31??,CNY
Baolong,BS,qoq,2025Q4,comparison,603197_Baolong_2026_Q2_??????????.csv,????????(??????),????????(??????),Share Capital,BS_EQ_SHAR_CAPI,Equity,Equity,Share Capital,Equity,detail,N,1,213659794,2025??12??31??,CNY
Baolong,BS,qoq,2025Q4,comparison,603197_Baolong_2026_Q2_??????????.csv,????????????,????????????,Other Equity Instruments,BS_EQ_OTHE_EQUI_INST,Equity,Equity,Other Equity Instruments,Equity,detail,N,1,56508000.85,2025??12??31??,CNY
Baolong,BS,qoq,2025Q4,comparison,603197_Baolong_2026_Q2_??????????.csv,????????,????????,Capital Reserve,BS_EQ_CAPI_RESE,Equity,Equity,Capital Reserve,Equity,detail,N,1,1329843008,2025??12??31??,CNY
Baolong,BS,qoq,2025Q4,comparison,603197_Baolong_2026_Q2_??????????.csv,??:??????,??????,Treasury Shares,BS_EQ_TREA_SHAR,Equity,Equity,Treasury Shares,Equity,detail,N,-1,100027502.6,2025??12??31??,CNY
Baolong,BS,qoq,2025Q4,comparison,603197_Baolong_2026_Q2_??????????.csv,????????????,????????????,Other Comprehensive Income,BS_EQ_OTHE_COMP_INCO,Equity,Equity,Other Comprehensive Income,Equity,detail,N,1,70481007.59,2025??12??31??,CNY
Baolong,BS,qoq,2025Q4,comparison,603197_Baolong_2026_Q2_??????????.csv,????????,????????,Surplus Reserve,BS_EQ_SURP_RESE,Equity,Equity,Surplus Reserve,Equity,detail,N,1,112561832.4,2025??12??31??,CNY
Baolong,BS,qoq,2025Q4,comparison,603197_Baolong_2026_Q2_??????????.csv,??????????,??????????,Retained Earnings,BS_EQ_RETA_EARN,Equity,Equity,Retained Earnings,Equity,detail,N,1,1569468345,2025??12??31??,CNY
Baolong,BS,qoq,2025Q4,comparison,603197_Baolong_2026_Q2_??????????.csv,?????????????????????? (??????????)????,??????????????????????(??????????)????,Total Equity Attributable to Owners of the Parent,BS_EQ_TOTAL_EQUI_ATTR_OWNE_PARE,Equity,Equity,Subtotal,Equity,total,Y,1,3252494485,2025??12??31??,CNY
Baolong,BS,qoq,2025Q4,comparison,603197_Baolong_2026_Q2_??????????.csv,????????????,????????????,Non-controlling Interests,BS_NCI_NON_CONT_INTE,Equity,Non-controlling Interests,Non-controlling Interests,Equity,detail,N,1,387209313.2,2025??12??31??,CNY
Baolong,BS,qoq,2025Q4,comparison,603197_Baolong_2026_Q2_??????????.csv,??????????(???????? ??)????,??????????(??????????)????,Total Equity,BS_TOTAL_EQUITY,Equity,Equity,Total,Equity,total,Y,1,3639703798,2025??12??31??,CNY
Baolong,BS,qoq,2025Q4,comparison,603197_Baolong_2026_Q2_??????????.csv,????????????????(?? ????????)????,????????????????(??????????)????,Total Liabilities and Equity,BS_TOTAL_LIAB_EQ,Balance Sheet,Balance Sheet,Grand Total,Equity,total,Y,1,11847078320,2025??12??31??,CNY
BTL,BS,qoq,2026Q2,current,603596_BTL_2026_Q2_??????????.csv,????????,????????,Cash and Cash Equivalents,BS_CA_CASH,Assets,Current Assets,Cash and Cash Equivalents,Current Assets,detail,N,1,3171246509,2026??6??30??,CNY
BTL,BS,qoq,2026Q2,current,603596_BTL_2026_Q2_??????????.csv,??????????????,??????????????,Trading Financial Assets,BS_CA_TRAD_FINA_ASSE,Assets,Current Assets,Trading Financial Assets,Current Assets,detail,N,1,2289089598,2026??6??30??,CNY
BTL,BS,qoq,2026Q2,current,603596_BTL_2026_Q2_??????????.csv,????????,????????,Notes Receivable,BS_CA_NOTE_RECE,Assets,Current Assets,Notes Receivable,Current Assets,detail,N,1,208539649.6,2026??6??30??,CNY
BTL,BS,qoq,2026Q2,current,603596_BTL_2026_Q2_??????????.csv,????????,????????,Accounts Receivable,BS_CA_AR,Assets,Current Assets,Accounts Receivable,Current Assets,detail,N,1,4359305845,2026??6??30??,CNY
BTL,BS,qoq,2026Q2,current,603596_BTL_2026_Q2_??????????.csv,????????????,????????????,Financing Receivables,BS_CA_FINA_RECE,Assets,Current Assets,Financing Receivables,Current Assets,detail,N,1,2405200324,2026??6??30??,CNY
BTL,BS,qoq,2026Q2,current,603596_BTL_2026_Q2_??????????.csv,????????,????????,Prepayments,BS_CA_PREP,Assets,Current Assets,Prepayments,Current Assets,detail,N,1,75142142.96,2026??6??30??,CNY
BTL,BS,qoq,2026Q2,current,603596_BTL_2026_Q2_??????????.csv,??????????,??????????,Other Receivables,BS_CA_OTHE_RECE,Assets,Current Assets,Other Receivables,Current Assets,detail,N,1,36350729.19,2026??6??30??,CNY
BTL,BS,qoq,2026Q2,current,603596_BTL_2026_Q2_??????????.csv,????????????,????????????,Other Current Assets,BS_CA_OTHE_CURR_ASSE,Assets,Current Assets,Other Current Assets,Current Assets,detail,N,1,822332527,2026??6??30??,CNY
BTL,BS,qoq,2026Q2,current,603596_BTL_2026_Q2_??????????.csv,????????????,????????????,Total Current Assets,BS_CA_TOTAL_CURR_ASSE,Assets,Current Assets,Subtotal,Current Assets,total,Y,1,15650427427,2026??6??30??,CNY
BTL,BS,qoq,2026Q2,current,603596_BTL_2026_Q2_??????????.csv,????????,????????,Debt Investments,BS_NCA_DEBT_INVE,Assets,Non-current Assets,Debt Investments,Non-current Assets,detail,N,1,325697744.4,2026??6??30??,CNY
BTL,BS,qoq,2026Q2,current,603596_BTL_2026_Q2_??????????.csv,????????????,????????????,Long-term Equity Investments,BS_NCA_LONG_TERM_EQUI_INVE,Assets,Non-current Assets,Long-term Equity Investments,Non-current Assets,detail,N,1,932508399.5,2026??6??30??,CNY
BTL,BS,qoq,2026Q2,current,603596_BTL_2026_Q2_??????????.csv,????????????????,????????????????,Other Equity Instrument Investments,BS_NCA_OTHE_EQUI_INST_INVE,Assets,Non-current Assets,Other Equity Instrument Investments,Non-current Assets,detail,N,1,85607462.79,2026??6??30??,CNY
BTL,BS,qoq,2026Q2,current,603596_BTL_2026_Q2_??????????.csv,??????????????????,??????????????????,Other Non-current Financial Assets,BS_NCA_OTHE_NON_CURR_FINA,Assets,Non-current Assets,Other Non-current Financial Assets,Non-current Assets,detail,N,1,252560677.1,2026??6??30??,CNY
BTL,BS,qoq,2026Q2,current,603596_BTL_2026_Q2_??????????.csv,????????????,????????????,Investment Property,BS_NCA_INVE_PROP,Assets,Non-current Assets,Investment Property,Non-current Assets,detail,N,1,2242051.02,2026??6??30??,CNY
BTL,BS,qoq,2026Q2,current,603596_BTL_2026_Q2_??????????.csv,????????,????????,Intangible Assets,BS_NCA_INTA_ASSE,Assets,Non-current Assets,Intangible Assets,Non-current Assets,detail,N,1,508217885.3,2026??6??30??,CNY
BTL,BS,qoq,2026Q2,current,603596_BTL_2026_Q2_??????????.csv,????????????,????????????,Long-term Deferred Expenses,BS_NCA_LONG_TERM_DEFE_EXPE,Assets,Non-current Assets,Long-term Deferred Expenses,Non-current Assets,detail,N,1,6207702.71,2026??6??30??,CNY
BTL,BS,qoq,2026Q2,current,603596_BTL_2026_Q2_??????????.csv,??????????????,??????????????,Other Non-current Assets,BS_NCA_OTHE_NON_CURR_ASSE,Assets,Non-current Assets,Other Non-current Assets,Non-current Assets,detail,N,1,181626642.3,2026??6??30??,CNY
BTL,BS,qoq,2026Q2,current,603596_BTL_2026_Q2_??????????.csv,??????????????,??????????????,Total Non-current Assets,BS_NCA_TOTAL_NON_CURR_ASSE,Assets,Non-current Assets,Subtotal,Non-current Assets,total,Y,1,6892117906,2026??6??30??,CNY
BTL,BS,qoq,2026Q2,current,603596_BTL_2026_Q2_??????????.csv,????????,????????,Total Assets,BS_TOTAL_ASSETS,Assets,Assets,Total,Non-current Assets,total,Y,1,22542545333,2026??6??30??,CNY
BTL,BS,qoq,2026Q2,current,603596_BTL_2026_Q2_??????????.csv,????????,????????,Short-term Borrowings,BS_CL_SHOR_TERM_BORR,Liabilities,Current Liabilities,Short-term Borrowings,Current Liabilities,detail,N,1,406915652.7,2026??6??30??,CNY
BTL,BS,qoq,2026Q2,current,603596_BTL_2026_Q2_??????????.csv,????????,????????,Notes Payable,BS_CL_NOTE_PAYA,Liabilities,Current Liabilities,Notes Payable,Current Liabilities,detail,N,1,3128261272,2026??6??30??,CNY
BTL,BS,qoq,2026Q2,current,603596_BTL_2026_Q2_??????????.csv,????????,????????,Accounts Payable,BS_CL_ACCO_PAYA,Liabilities,Current Liabilities,Accounts Payable,Current Liabilities,detail,N,1,4234391675,2026??6??30??,CNY
BTL,BS,qoq,2026Q2,current,603596_BTL_2026_Q2_??????????.csv,????????,????????,Contract Liabilities,BS_CL_CONT_LIAB,Liabilities,Current Liabilities,Contract Liabilities,Current Liabilities,detail,N,1,50103888.5,2026??6??30??,CNY
BTL,BS,qoq,2026Q2,current,603596_BTL_2026_Q2_??????????.csv,????????????,????????????,Employee Benefits Payable,BS_CL_EMPL_BENE_PAYA,Liabilities,Current Liabilities,Employee Benefits Payable,Current Liabilities,detail,N,1,247108518.7,2026??6??30??,CNY
BTL,BS,qoq,2026Q2,current,603596_BTL_2026_Q2_??????????.csv,????????,????????,Taxes Payable,BS_CL_TAXE_PAYA,Liabilities,Current Liabilities,Taxes Payable,Current Liabilities,detail,N,1,98127460.22,2026??6??30??,CNY
BTL,BS,qoq,2026Q2,current,603596_BTL_2026_Q2_??????????.csv,??????????,??????????,Other Payables,BS_CL_OTHE_PAYA,Liabilities,Current Liabilities,Other Payables,Current Liabilities,detail,N,1,178124520.7,2026??6??30??,CNY
BTL,BS,qoq,2026Q2,current,603596_BTL_2026_Q2_??????????.csv,??????????????????????,??????????????????????,Current Portion of Non-current Liabilities,BS_CL_CURR_PORT_NON_CURR,Liabilities,Current Liabilities,Current Portion of Non-current Liabilities,Non-current Liabilities,detail,N,1,202194322.8,2026??6??30??,CNY
BTL,BS,qoq,2026Q2,current,603596_BTL_2026_Q2_??????????.csv,????????????,????????????,Other Current Liabilities,BS_CL_OTHE_CURR_LIAB,Liabilities,Current Liabilities,Other Current Liabilities,Current Liabilities,detail,N,1,33491074.35,2026??6??30??,CNY
BTL,BS,qoq,2026Q2,current,603596_BTL_2026_Q2_??????????.csv,????????????,????????????,Total Current Liabilities,BS_CL_TOTAL_CURR_LIAB,Liabilities,Current Liabilities,Subtotal,Current Liabilities,total,Y,1,8578718385,2026??6??30??,CNY
BTL,BS,qoq,2026Q2,current,603596_BTL_2026_Q2_??????????.csv,????????,????????,Long-term Borrowings,BS_NCL_LONG_TERM_BORR,Liabilities,Non-current Liabilities,Long-term Borrowings,Non-current Liabilities,detail,N,1,859624702,2026??6??30??,CNY
BTL,BS,qoq,2026Q2,current,603596_BTL_2026_Q2_??????????.csv,????????,????????,Bonds Payable,BS_NCL_BOND_PAYA,Liabilities,Non-current Liabilities,Bonds Payable,Non-current Liabilities,detail,N,1,2622035085,2026??6??30??,CNY
BTL,BS,qoq,2026Q2,current,603596_BTL_2026_Q2_??????????.csv,????????,????????,Lease Liabilities,BS_NCL_LEAS_LIAB,Liabilities,Non-current Liabilities,Lease Liabilities,Non-current Liabilities,detail,N,1,11035006.29,2026??6??30??,CNY
BTL,BS,qoq,2026Q2,current,603596_BTL_2026_Q2_??????????.csv,????????,????????,Provisions,BS_NCL_PROV,Liabilities,Non-current Liabilities,Provisions,Non-current Liabilities,detail,N,1,288684384.3,2026??6??30??,CNY
BTL,BS,qoq,2026Q2,current,603596_BTL_2026_Q2_??????????.csv,????????,????????,Deferred Income,BS_NCL_DEFE_INCO,Liabilities,Non-current Liabilities,Deferred Income,Non-current Liabilities,detail,N,1,186235531.6,2026??6??30??,CNY
BTL,BS,qoq,2026Q2,current,603596_BTL_2026_Q2_??????????.csv,??????????????,??????????????,Other Non-current Liabilities,BS_NCL_OTHE_NON_CURR_LIAB,Liabilities,Non-current Liabilities,Other Non-current Liabilities,Non-current Liabilities,detail,N,1,72345500,2026??6??30??,CNY
BTL,BS,qoq,2026Q2,current,603596_BTL_2026_Q2_??????????.csv,??????????????,??????????????,Total Non-current Liabilities,BS_NCL_TOTAL_NON_CURR_LIAB,Liabilities,Non-current Liabilities,Subtotal,Non-current Liabilities,total,Y,1,4213392076,2026??6??30??,CNY
BTL,BS,qoq,2026Q2,current,603596_BTL_2026_Q2_??????????.csv,????????,????????,Total Liabilities,BS_TOTAL_LIAB,Liabilities,Liabilities,Total,Non-current Liabilities,total,Y,1,12792110461,2026??6??30??,CNY
BTL,BS,qoq,2026Q2,current,603596_BTL_2026_Q2_??????????.csv,????????(??????),????????(??????),Share Capital,BS_EQ_SHAR_CAPI,Equity,Equity,Share Capital,Equity,detail,N,1,897641688,2026??6??30??,CNY
BTL,BS,qoq,2026Q2,current,603596_BTL_2026_Q2_??????????.csv,????????????,????????????,Other Equity Instruments,BS_EQ_OTHE_EQUI_INST,Equity,Equity,Other Equity Instruments,Equity,detail,N,1,193019315.8,2026??6??30??,CNY
BTL,BS,qoq,2026Q2,current,603596_BTL_2026_Q2_??????????.csv,????????,????????,Capital Reserve,BS_EQ_CAPI_RESE,Equity,Equity,Capital Reserve,Equity,detail,N,1,1246930653,2026??6??30??,CNY
BTL,BS,qoq,2026Q2,current,603596_BTL_2026_Q2_??????????.csv,??:??????,??????,Treasury Shares,BS_EQ_TREA_SHAR,Equity,Equity,Treasury Shares,Equity,detail,N,-1,68488358,2026??6??30??,CNY
BTL,BS,qoq,2026Q2,current,603596_BTL_2026_Q2_??????????.csv,????????????,????????????,Other Comprehensive Income,BS_EQ_OTHE_COMP_INCO,Equity,Equity,Other Comprehensive Income,Equity,detail,N,1,57065045.58,2026??6??30??,CNY
BTL,BS,qoq,2026Q2,current,603596_BTL_2026_Q2_??????????.csv,????????,????????,Special Reserve,BS_EQ_SPEC_RESE,Equity,Equity,Special Reserve,Equity,detail,N,1,48623183.01,2026??6??30??,CNY
BTL,BS,qoq,2026Q2,current,603596_BTL_2026_Q2_??????????.csv,????????,????????,Surplus Reserve,BS_EQ_SURP_RESE,Equity,Equity,Surplus Reserve,Equity,detail,N,1,303255410,2026??6??30??,CNY
BTL,BS,qoq,2026Q2,current,603596_BTL_2026_Q2_??????????.csv,??????????,??????????,Retained Earnings,BS_EQ_RETA_EARN,Equity,Equity,Retained Earnings,Equity,detail,N,1,5744753346,2026??6??30??,CNY
BTL,BS,qoq,2026Q2,current,603596_BTL_2026_Q2_??????????.csv,?????????????????????? (??????????)????,??????????????????????(??????????)????,Total Equity Attributable to Owners of the Parent,BS_EQ_TOTAL_EQUI_ATTR_OWNE_PARE,Equity,Equity,Subtotal,Equity,total,Y,1,8422800283,2026??6??30??,CNY
BTL,BS,qoq,2026Q2,current,603596_BTL_2026_Q2_??????????.csv,????????????,????????????,Non-controlling Interests,BS_NCI_NON_CONT_INTE,Equity,Non-controlling Interests,Non-controlling Interests,Equity,detail,N,1,1327634589,2026??6??30??,CNY
BTL,BS,qoq,2026Q2,current,603596_BTL_2026_Q2_??????????.csv,??????????(???????? ??)????,??????????(??????????)????,Total Equity,BS_TOTAL_EQUITY,Equity,Equity,Total,Equity,total,Y,1,9750434872,2026??6??30??,CNY
BTL,BS,qoq,2026Q2,current,603596_BTL_2026_Q2_??????????.csv,???????????????? (??????????)????,????????????????(??????????)????,Total Liabilities and Equity,BS_TOTAL_LIAB_EQ,Balance Sheet,Balance Sheet,Grand Total,Equity,total,Y,1,22542545333,2026??6??30??,CNY
BTL,BS,qoq,2025Q4,comparison,603596_BTL_2026_Q2_??????????.csv,????????,????????,Cash and Cash Equivalents,BS_CA_CASH,Assets,Current Assets,Cash and Cash Equivalents,Current Assets,detail,N,1,1781695864,2025??12??31??,CNY
BTL,BS,qoq,2025Q4,comparison,603596_BTL_2026_Q2_??????????.csv,??????????????,??????????????,Trading Financial Assets,BS_CA_TRAD_FINA_ASSE,Assets,Current Assets,Trading Financial Assets,Current Assets,detail,N,1,2512132789,2025??12??31??,CNY
BTL,BS,qoq,2025Q4,comparison,603596_BTL_2026_Q2_??????????.csv,????????,????????,Notes Receivable,BS_CA_NOTE_RECE,Assets,Current Assets,Notes Receivable,Current Assets,detail,N,1,234512035.5,2025??12??31??,CNY
BTL,BS,qoq,2025Q4,comparison,603596_BTL_2026_Q2_??????????.csv,????????,????????,Accounts Receivable,BS_CA_AR,Assets,Current Assets,Accounts Receivable,Current Assets,detail,N,1,3674089062,2025??12??31??,CNY
BTL,BS,qoq,2025Q4,comparison,603596_BTL_2026_Q2_??????????.csv,????????????,????????????,Financing Receivables,BS_CA_FINA_RECE,Assets,Current Assets,Financing Receivables,Current Assets,detail,N,1,2108214145,2025??12??31??,CNY
BTL,BS,qoq,2025Q4,comparison,603596_BTL_2026_Q2_??????????.csv,????????,????????,Prepayments,BS_CA_PREP,Assets,Current Assets,Prepayments,Current Assets,detail,N,1,46527349.98,2025??12??31??,CNY
BTL,BS,qoq,2025Q4,comparison,603596_BTL_2026_Q2_??????????.csv,??????????,??????????,Other Receivables,BS_CA_OTHE_RECE,Assets,Current Assets,Other Receivables,Current Assets,detail,N,1,23213693.33,2025??12??31??,CNY
BTL,BS,qoq,2025Q4,comparison,603596_BTL_2026_Q2_??????????.csv,????10????,????,Inventories,BS_CA_INV,Assets,Current Assets,Inventories,Current Assets,detail,N,1,1807419912,2025??12??31??,CNY
BTL,BS,qoq,2025Q4,comparison,603596_BTL_2026_Q2_??????????.csv,????????????,????????????,Other Current Assets,BS_CA_OTHE_CURR_ASSE,Assets,Current Assets,Other Current Assets,Current Assets,detail,N,1,799407996.4,2025??12??31??,CNY
BTL,BS,qoq,2025Q4,comparison,603596_BTL_2026_Q2_??????????.csv,????????????,????????????,Total Current Assets,BS_CA_TOTAL_CURR_ASSE,Assets,Current Assets,Subtotal,Current Assets,total,Y,1,12987212847,2025??12??31??,CNY
BTL,BS,qoq,2025Q4,comparison,603596_BTL_2026_Q2_??????????.csv,????????,????????,Debt Investments,BS_NCA_DEBT_INVE,Assets,Non-current Assets,Debt Investments,Non-current Assets,detail,N,1,242556516.7,2025??12??31??,CNY
BTL,BS,qoq,2025Q4,comparison,603596_BTL_2026_Q2_??????????.csv,????????????????,????????????????,Other Equity Instrument Investments,BS_NCA_OTHE_EQUI_INST_INVE,Assets,Non-current Assets,Other Equity Instrument Investments,Non-current Assets,detail,N,1,84136657.46,2025??12??31??,CNY
BTL,BS,qoq,2025Q4,comparison,603596_BTL_2026_Q2_??????????.csv,??????????????????,??????????????????,Other Non-current Financial Assets,BS_NCA_OTHE_NON_CURR_FINA,Assets,Non-current Assets,Other Non-current Financial Assets,Non-current Assets,detail,N,1,165992967.2,2025??12??31??,CNY
BTL,BS,qoq,2025Q4,comparison,603596_BTL_2026_Q2_??????????.csv,????????,????????,Intangible Assets,BS_NCA_INTA_ASSE,Assets,Non-current Assets,Intangible Assets,Non-current Assets,detail,N,1,156776427.6,2025??12??31??,CNY
BTL,BS,qoq,2025Q4,comparison,603596_BTL_2026_Q2_??????????.csv,????27????,????,Goodwill,BS_NCA_GOOD,Assets,Non-current Assets,Goodwill,Non-current Assets,detail,N,1,1821386.63,2025??12??31??,CNY
BTL,BS,qoq,2025Q4,comparison,603596_BTL_2026_Q2_??????????.csv,????????????,????????????,Long-term Deferred Expenses,BS_NCA_LONG_TERM_DEFE_EXPE,Assets,Non-current Assets,Long-term Deferred Expenses,Non-current Assets,detail,N,1,1490707.54,2025??12??31??,CNY
BTL,BS,qoq,2025Q4,comparison,603596_BTL_2026_Q2_??????????.csv,??????????????,??????????????,Other Non-current Assets,BS_NCA_OTHE_NON_CURR_ASSE,Assets,Non-current Assets,Other Non-current Assets,Non-current Assets,detail,N,1,75628358.84,2025??12??31??,CNY
BTL,BS,qoq,2025Q4,comparison,603596_BTL_2026_Q2_??????????.csv,??????????????,??????????????,Total Non-current Assets,BS_NCA_TOTAL_NON_CURR_ASSE,Assets,Non-current Assets,Subtotal,Non-current Assets,total,Y,1,4288467606,2025??12??31??,CNY
BTL,BS,qoq,2025Q4,comparison,603596_BTL_2026_Q2_??????????.csv,????????,????????,Total Assets,BS_TOTAL_ASSETS,Assets,Assets,Total,Non-current Assets,total,Y,1,17275680453,2025??12??31??,CNY
BTL,BS,qoq,2025Q4,comparison,603596_BTL_2026_Q2_??????????.csv,????????,????????,Short-term Borrowings,BS_CL_SHOR_TERM_BORR,Liabilities,Current Liabilities,Short-term Borrowings,Current Liabilities,detail,N,1,10008312.5,2025??12??31??,CNY
BTL,BS,qoq,2025Q4,comparison,603596_BTL_2026_Q2_??????????.csv,????????,????????,Notes Payable,BS_CL_NOTE_PAYA,Liabilities,Current Liabilities,Notes Payable,Current Liabilities,detail,N,1,2170590766,2025??12??31??,CNY
BTL,BS,qoq,2025Q4,comparison,603596_BTL_2026_Q2_??????????.csv,????????,????????,Accounts Payable,BS_CL_ACCO_PAYA,Liabilities,Current Liabilities,Accounts Payable,Current Liabilities,detail,N,1,2995825849,2025??12??31??,CNY
BTL,BS,qoq,2025Q4,comparison,603596_BTL_2026_Q2_??????????.csv,????????,????????,Contract Liabilities,BS_CL_CONT_LIAB,Liabilities,Current Liabilities,Contract Liabilities,Current Liabilities,detail,N,1,40350169.59,2025??12??31??,CNY
BTL,BS,qoq,2025Q4,comparison,603596_BTL_2026_Q2_??????????.csv,????????????,????????????,Employee Benefits Payable,BS_CL_EMPL_BENE_PAYA,Liabilities,Current Liabilities,Employee Benefits Payable,Current Liabilities,detail,N,1,230689045,2025??12??31??,CNY
BTL,BS,qoq,2025Q4,comparison,603596_BTL_2026_Q2_??????????.csv,????????,????????,Taxes Payable,BS_CL_TAXE_PAYA,Liabilities,Current Liabilities,Taxes Payable,Current Liabilities,detail,N,1,121114437.8,2025??12??31??,CNY
BTL,BS,qoq,2025Q4,comparison,603596_BTL_2026_Q2_??????????.csv,??????????,??????????,Other Payables,BS_CL_OTHE_PAYA,Liabilities,Current Liabilities,Other Payables,Current Liabilities,detail,N,1,113613170.5,2025??12??31??,CNY
BTL,BS,qoq,2025Q4,comparison,603596_BTL_2026_Q2_??????????.csv,??????????????????????,??????????????????????,Current Portion of Non-current Liabilities,BS_CL_CURR_PORT_NON_CURR,Liabilities,Current Liabilities,Current Portion of Non-current Liabilities,Non-current Liabilities,detail,N,1,72122427.84,2025??12??31??,CNY
BTL,BS,qoq,2025Q4,comparison,603596_BTL_2026_Q2_??????????.csv,????????????,????????????,Other Current Liabilities,BS_CL_OTHE_CURR_LIAB,Liabilities,Current Liabilities,Other Current Liabilities,Current Liabilities,detail,N,1,33221942.99,2025??12??31??,CNY
BTL,BS,qoq,2025Q4,comparison,603596_BTL_2026_Q2_??????????.csv,????????????,????????????,Total Current Liabilities,BS_CL_TOTAL_CURR_LIAB,Liabilities,Current Liabilities,Subtotal,Current Liabilities,total,Y,1,5787536121,2025??12??31??,CNY
BTL,BS,qoq,2025Q4,comparison,603596_BTL_2026_Q2_??????????.csv,????????,????????,Long-term Borrowings,BS_NCL_LONG_TERM_BORR,Liabilities,Non-current Liabilities,Long-term Borrowings,Non-current Liabilities,detail,N,1,47690000,2025??12??31??,CNY
BTL,BS,qoq,2025Q4,comparison,603596_BTL_2026_Q2_??????????.csv,????????,????????,Bonds Payable,BS_NCL_BOND_PAYA,Liabilities,Non-current Liabilities,Bonds Payable,Non-current Liabilities,detail,N,1,2592200109,2025??12??31??,CNY
BTL,BS,qoq,2025Q4,comparison,603596_BTL_2026_Q2_??????????.csv,????????,????????,Lease Liabilities,BS_NCL_LEAS_LIAB,Liabilities,Non-current Liabilities,Lease Liabilities,Non-current Liabilities,detail,N,1,11475359.33,2025??12??31??,CNY
BTL,BS,qoq,2025Q4,comparison,603596_BTL_2026_Q2_??????????.csv,????????,????????,Provisions,BS_NCL_PROV,Liabilities,Non-current Liabilities,Provisions,Non-current Liabilities,detail,N,1,167864616.1,2025??12??31??,CNY
BTL,BS,qoq,2025Q4,comparison,603596_BTL_2026_Q2_??????????.csv,????????,????????,Deferred Income,BS_NCL_DEFE_INCO,Liabilities,Non-current Liabilities,Deferred Income,Non-current Liabilities,detail,N,1,157322588.2,2025??12??31??,CNY
BTL,BS,qoq,2025Q4,comparison,603596_BTL_2026_Q2_??????????.csv,??????????????,??????????????,Other Non-current Liabilities,BS_NCL_OTHE_NON_CURR_LIAB,Liabilities,Non-current Liabilities,Other Non-current Liabilities,Non-current Liabilities,detail,N,1,72345500,2025??12??31??,CNY
BTL,BS,qoq,2025Q4,comparison,603596_BTL_2026_Q2_??????????.csv,??????????????,??????????????,Total Non-current Liabilities,BS_NCL_TOTAL_NON_CURR_LIAB,Liabilities,Non-current Liabilities,Subtotal,Non-current Liabilities,total,Y,1,3073426187,2025??12??31??,CNY
BTL,BS,qoq,2025Q4,comparison,603596_BTL_2026_Q2_??????????.csv,????????,????????,Total Liabilities,BS_TOTAL_LIAB,Liabilities,Liabilities,Total,Non-current Liabilities,total,Y,1,8860962308,2025??12??31??,CNY
BTL,BS,qoq,2025Q4,comparison,603596_BTL_2026_Q2_??????????.csv,????????(??????),????????(??????),Share Capital,BS_EQ_SHAR_CAPI,Equity,Equity,Share Capital,Equity,detail,N,1,606510820,2025??12??31??,CNY
BTL,BS,qoq,2025Q4,comparison,603596_BTL_2026_Q2_??????????.csv,????????????,????????????,Other Equity Instruments,BS_EQ_OTHE_EQUI_INST,Equity,Equity,Other Equity Instruments,Equity,detail,N,1,193033030.1,2025??12??31??,CNY
BTL,BS,qoq,2025Q4,comparison,603596_BTL_2026_Q2_??????????.csv,????????,????????,Capital Reserve,BS_EQ_CAPI_RESE,Equity,Equity,Capital Reserve,Equity,detail,N,1,1530659965,2025??12??31??,CNY
BTL,BS,qoq,2025Q4,comparison,603596_BTL_2026_Q2_??????????.csv,??:??????,??????,Treasury Shares,BS_EQ_TREA_SHAR,Equity,Equity,Treasury Shares,Equity,detail,N,-1,75155458.84,2025??12??31??,CNY
BTL,BS,qoq,2025Q4,comparison,603596_BTL_2026_Q2_??????????.csv,????????????,????????????,Other Comprehensive Income,BS_EQ_OTHE_COMP_INCO,Equity,Equity,Other Comprehensive Income,Equity,detail,N,1,59877370.19,2025??12??31??,CNY
BTL,BS,qoq,2025Q4,comparison,603596_BTL_2026_Q2_??????????.csv,????????,????????,Special Reserve,BS_EQ_SPEC_RESE,Equity,Equity,Special Reserve,Equity,detail,N,1,45712873.82,2025??12??31??,CNY
BTL,BS,qoq,2025Q4,comparison,603596_BTL_2026_Q2_??????????.csv,????????,????????,Surplus Reserve,BS_EQ_SURP_RESE,Equity,Equity,Surplus Reserve,Equity,detail,N,1,303255410,2025??12??31??,CNY
BTL,BS,qoq,2025Q4,comparison,603596_BTL_2026_Q2_??????????.csv,??????????,??????????,Retained Earnings,BS_EQ_RETA_EARN,Equity,Equity,Retained Earnings,Equity,detail,N,1,5334043589,2025??12??31??,CNY
BTL,BS,qoq,2025Q4,comparison,603596_BTL_2026_Q2_??????????.csv,?????????????????????? (??????????)????,??????????????????????(??????????)????,Total Equity Attributable to Owners of the Parent,BS_EQ_TOTAL_EQUI_ATTR_OWNE_PARE,Equity,Equity,Subtotal,Equity,total,Y,1,7997937599,2025??12??31??,CNY
BTL,BS,qoq,2025Q4,comparison,603596_BTL_2026_Q2_??????????.csv,????????????,????????????,Non-controlling Interests,BS_NCI_NON_CONT_INTE,Equity,Non-controlling Interests,Non-controlling Interests,Equity,detail,N,1,416780545.1,2025??12??31??,CNY
BTL,BS,qoq,2025Q4,comparison,603596_BTL_2026_Q2_??????????.csv,??????????(???????? ??)????,??????????(??????????)????,Total Equity,BS_TOTAL_EQUITY,Equity,Equity,Total,Equity,total,Y,1,8414718145,2025??12??31??,CNY
BTL,BS,qoq,2025Q4,comparison,603596_BTL_2026_Q2_??????????.csv,???????????????? (??????????)????,????????????????(??????????)????,Total Liabilities and Equity,BS_TOTAL_LIAB_EQ,Balance Sheet,Balance Sheet,Grand Total,Equity,total,Y,1,17275680453,2025??12??31??,CNY
Luxshare,IS,yoy,2026Q2,current,002475_Luxshare_2026_Q2_??????.csv,??????????????,??????????,Total Operating Revenue,IS_TOT_REV,Income Statement,Revenue,Section Header,,header,N,0,1.75E+11,????????,CNY
Luxshare,IS,yoy,2026Q2,current,002475_Luxshare_2026_Q2_??????.csv,????:????????,????????,Revenue,IS_REV,Income Statement,Revenue,Operating Revenue,,detail,N,1,1.75E+11,????????,CNY
Luxshare,IS,yoy,2026Q2,current,002475_Luxshare_2026_Q2_??????.csv,??????????????,??????????,Total Operating Costs,IS_TOT_COST,Income Statement,Costs and Expenses,Section Header,,header,N,0,1.70E+11,????????,CNY
Luxshare,IS,yoy,2026Q2,current,002475_Luxshare_2026_Q2_??????.csv,????:????????,????????,Operating Costs,IS_COGS,Income Statement,Costs and Expenses,Operating Costs,,detail,N,-1,1.54E+11,????????,CNY
Luxshare,IS,yoy,2026Q2,current,002475_Luxshare_2026_Q2_??????.csv,??????????,??????????,Taxes and Surcharges,IS_COST_TAXE_SURC,Income Statement,Costs and Expenses,Taxes and Surcharges,,detail,N,-1,448932460.1,????????,CNY
Luxshare,IS,yoy,2026Q2,current,002475_Luxshare_2026_Q2_??????.csv,????????,????????,Selling Expenses,IS_COST_SELL_EXPE,Income Statement,Costs and Expenses,Selling Expenses,,detail,N,-1,866181940.3,????????,CNY
Luxshare,IS,yoy,2026Q2,current,002475_Luxshare_2026_Q2_??????.csv,????????,????????,Administrative Expenses,IS_COST_ADMI_EXPE,Income Statement,Costs and Expenses,Administrative Expenses,,detail,N,-1,5538017658,????????,CNY
Luxshare,IS,yoy,2026Q2,current,002475_Luxshare_2026_Q2_??????.csv,????????,????????,Research and Development Expenses,IS_COST_RESE_DEVE_EXPE,Income Statement,Costs and Expenses,Research and Development Expenses,,detail,N,-1,6572800945,????????,CNY
Luxshare,IS,yoy,2026Q2,current,002475_Luxshare_2026_Q2_??????.csv,????????,????????,Finance Costs,IS_COST_FINA_COST,Income Statement,Costs and Expenses,Finance Costs,,detail,N,-1,2239999179,????????,CNY
Luxshare,IS,yoy,2026Q2,current,002475_Luxshare_2026_Q2_??????.csv,????:????????,????????,Interest Expense,IS_COST_INTE_EXPE,Income Statement,Costs and Expenses,Interest Expense,,detail,N,-1,1099580845,????????,CNY
Luxshare,IS,yoy,2026Q2,current,002475_Luxshare_2026_Q2_??????.csv,????????,????????,Interest Income,IS_REV_INTE_INCO,Income Statement,Revenue,Interest Income,,detail,N,1,876073198.7,????????,CNY
Luxshare,IS,yoy,2026Q2,current,002475_Luxshare_2026_Q2_??????.csv,??:????????,????????,Other Income,IS_COST_OTHE_INCO,Income Statement,Costs and Expenses,Other Income,,detail,N,1,612367507.6,????????,CNY
Luxshare,IS,yoy,2026Q2,current,002475_Luxshare_2026_Q2_??????.csv,????????(??????????????????),????????(??????????????????),Investment Income,IS_COST_INVE_INCO,Income Statement,Costs and Expenses,Investment Income,,detail,N,1,4288651404,????????,CNY
Luxshare,IS,yoy,2026Q2,current,002475_Luxshare_2026_Q2_??????.csv,????:??????????????????????????????,??????????????????????????????,Investment Income from Associates and Joint Ventures,IS_COST_INVE_INCO_INVE_INCO_ASSO_JOIN,Income Statement,Costs and Expenses,Investment Income from Associates and Joint Ventures,,detail,N,1,2747085247,????????,CNY
Luxshare,IS,yoy,2026Q2,current,002475_Luxshare_2026_Q2_??????.csv,????????????????????????????????????????????(??????????????????)??????????????(??????????????????),????????????????????????????????????????????(??????????????????)??????????????(??????????????????),Gains on Derecognition of Financial Assets Measured at Amortized Cost,IS_COST_GAIN_DERE_FINA_ASSE,Income Statement,Costs and Expenses,Gains on Derecognition of Financial Assets Measured at Amortized Cost,,detail,N,-1,-223734381.5,????????,CNY
Luxshare,IS,yoy,2026Q2,current,002475_Luxshare_2026_Q2_??????.csv,????????????????(??????????????????),????????????????(??????????????????),Fair Value Change Gains,IS_COST_FAIR_VALU_CHAN_GAIN,Income Statement,Costs and Expenses,Fair Value Change Gains,,detail,N,1,357582555.3,????????,CNY
Luxshare,IS,yoy,2026Q2,current,002475_Luxshare_2026_Q2_??????.csv,????????????(??????????????????),????????????(??????????????????),Credit Impairment Losses,IS_COST_CRED_IMPA_LOSS,Income Statement,Costs and Expenses,Credit Impairment Losses,,detail,N,-1,-94881319.34,????????,CNY
Luxshare,IS,yoy,2026Q2,current,002475_Luxshare_2026_Q2_??????.csv,????????????(??????????????????),????????????(??????????????????),Asset Impairment Losses,IS_COST_ASSE_IMPA_LOSS,Income Statement,Costs and Expenses,Asset Impairment Losses,,detail,N,-1,-595373112.5,????????,CNY
Luxshare,IS,yoy,2026Q2,current,002475_Luxshare_2026_Q2_??????.csv,????????????(??????????????????),????????????(??????????????????),Gains on Disposal of Assets,IS_COST_GAIN_DISP_ASSE,Income Statement,Costs and Expenses,Gains on Disposal of Assets,,detail,N,1,35079151.19,????????,CNY
Luxshare,IS,yoy,2026Q2,current,002475_Luxshare_2026_Q2_??????.csv,????????????(??????????????????),????????(??????????????????),Operating Profit,IS_OP,Income Statement,Operating Profit,Section Header,,header,N,0,9491550185,????????,CNY
Luxshare,IS,yoy,2026Q2,current,002475_Luxshare_2026_Q2_??????.csv,??:??????????,??????????,Non-operating Income,IS_OP_NON_OPER_INCO,Income Statement,Operating Profit,Non-operating Income,,detail,N,1,43931798.51,????????,CNY
Luxshare,IS,yoy,2026Q2,current,002475_Luxshare_2026_Q2_??????.csv,??:??????????,??????????,Non-operating Expenses,IS_OP_NON_OPER_EXPE,Income Statement,Operating Profit,Non-operating Expenses,,detail,N,-1,72662531.51,????????,CNY
Luxshare,IS,yoy,2026Q2,current,002475_Luxshare_2026_Q2_??????.csv,????????????(??????????????????????),????????(??????????????????????),Total Profit,IS_PBT,Income Statement,Total Profit,Section Header,,header,N,0,9462819452,????????,CNY
Luxshare,IS,yoy,2026Q2,current,002475_Luxshare_2026_Q2_??????.csv,??:??????????,??????????,Income Tax Expense,IS_TP_INCO_TAX_EXPE,Income Statement,Total Profit,Income Tax Expense,,detail,N,-1,937145786.7,????????,CNY
Luxshare,IS,yoy,2026Q2,current,002475_Luxshare_2026_Q2_??????.csv,??????????(????????????????????),??????(????????????????????),Net Profit,IS_NP,Income Statement,Net Profit,Section Header,,header,N,0,8525673665,????????,CNY
Luxshare,IS,yoy,2026Q2,current,002475_Luxshare_2026_Q2_??????.csv,1.??????????????(????????????????????),??????????????(????????????????????),Net Profit from Continuing Operations,IS_NP_PROF_CONT_OPER,Income Statement,Net Profit,Net Profit from Continuing Operations,,detail,N,1,8525673665,????????,CNY
Luxshare,IS,yoy,2026Q2,current,002475_Luxshare_2026_Q2_??????.csv,1.????????????????????????(????????????????????),????????????????????????(????????????????????),Net Profit Attributable to Owners of the Parent,IS_NP_PARENT,Income Statement,Net Profit,Net Profit Attributable to Owners of the Parent,,detail,N,1,7842698289,????????,CNY
Luxshare,IS,yoy,2026Q2,current,002475_Luxshare_2026_Q2_??????.csv,2.????????????(????????????????????),????????????(????????????????????),Profit or Loss Attributable to Non-controlling Interests,IS_NCI_PL,Income Statement,Net Profit,Profit or Loss Attributable to Non-controlling Interests,,detail,N,1,682975376.5,????????,CNY
Luxshare,IS,yoy,2026Q2,current,002475_Luxshare_2026_Q2_??????.csv,??????????????????????????,??????????????????????,"OCI, Net of Tax",IS_OCI_HDR,Income Statement,OCI,Section Header,,header,N,0,-703261124.9,????????,CNY
Luxshare,IS,yoy,2026Q2,current,002475_Luxshare_2026_Q2_??????.csv,????????????????????????????????????????,????????????????????????????????????????,"OCI Attributable to Owners of the Parent, Net of Tax",IS_OCI_TOTAL_OCI_ATTR_OWNE_PARE,Income Statement,OCI,"OCI Attributable to Owners of the Parent, Net of Tax",,total,Y,1,-596423703,????????,CNY
Luxshare,IS,yoy,2026Q2,current,002475_Luxshare_2026_Q2_??????.csv,(??)??????????????????????????????,??????????????????????????????,OCI Not Reclassified to Profit or Loss,IS_OCI_OCI_NOT_RECL_PROF,Income Statement,OCI,OCI Not Reclassified to Profit or Loss,,detail,N,1,220852096.3,????????,CNY
Luxshare,IS,yoy,2026Q2,current,002475_Luxshare_2026_Q2_??????.csv,3.????????????????????????????,????????????????????????????,Fair Value Changes of Other Equity Instrument Investments,IS_OCI_FAIR_VALU_CHAN_OTHE,Income Statement,OCI Details,Fair Value Changes of Other Equity Instrument Investments,,detail,N,1,220852096.3,????????,CNY
Luxshare,IS,yoy,2026Q2,current,002475_Luxshare_2026_Q2_??????.csv,(??)????????????????????????????,????????????????????????????,OCI Reclassified to Profit or Loss,IS_OCI_OCI_RECL_PROF_LOSS,Income Statement,OCI,OCI Reclassified to Profit or Loss,,detail,N,1,-817275799.3,????????,CNY
Luxshare,IS,yoy,2026Q2,current,002475_Luxshare_2026_Q2_??????.csv,1.??????????????????????????????,??????????????????????????????,OCI under Equity Method Reclassified to Profit or Loss,IS_OCI_OCI_UNDE_EQUI_METH_2,Income Statement,OCI Details,OCI under Equity Method Reclassified to Profit or Loss,,detail,N,1,5774908.38,????????,CNY
Luxshare,IS,yoy,2026Q2,current,002475_Luxshare_2026_Q2_??????.csv,5.????????????????,????????????????,Cash Flow Hedge Reserve,IS_OCI_CASH_FLOW_HEDG_RESE,Income Statement,OCI Details,Cash Flow Hedge Reserve,,detail,N,1,-20146452.54,????????,CNY
Luxshare,IS,yoy,2026Q2,current,002475_Luxshare_2026_Q2_??????.csv,6.????????????????????,????????????????????,Foreign Currency Translation Differences,IS_OCI_FORE_CURR_TRAN_DIFF,Income Statement,OCI Details,Foreign Currency Translation Differences,,detail,N,1,-802904255.1,????????,CNY
Luxshare,IS,yoy,2026Q2,current,002475_Luxshare_2026_Q2_??????.csv,??????????????????????????????????????,??????????????????????????????????????,"OCI Attributable to Non-controlling Interests, Net of Tax",IS_OCI_TOTAL_OCI_ATTR_NON_CONT,Income Statement,OCI,"OCI Attributable to Non-controlling Interests, Net of Tax",,total,Y,1,-106837421.9,????????,CNY
Luxshare,IS,yoy,2026Q2,current,002475_Luxshare_2026_Q2_??????.csv,????????????????,????????????,Total Comprehensive Income,IS_CI_HDR,Income Statement,Comprehensive Income,Section Header,,header,N,0,7822412540,????????,CNY
Luxshare,IS,yoy,2026Q2,current,002475_Luxshare_2026_Q2_??????.csv,????????????????????????????????,????????????????????????????????,Total Comprehensive Income Attributable to Owners of the Parent,IS_CI_COMP_INCO_ATTR_OWNE,Income Statement,Comprehensive Income,Total Comprehensive Income Attributable to Owners of the Parent,,detail,N,1,7246274586,????????,CNY
Luxshare,IS,yoy,2026Q2,current,002475_Luxshare_2026_Q2_??????.csv,????????????????????????????,????????????????????????????,Total Comprehensive Income Attributable to Non-controlling Interests,IS_CI_COMP_INCO_ATTR_NON,Income Statement,Comprehensive Income,Total Comprehensive Income Attributable to Non-controlling Interests,,detail,N,1,576137954.7,????????,CNY
Luxshare,IS,yoy,2026Q2,current,002475_Luxshare_2026_Q2_??????.csv,(??)????????????,????????????,Basic EPS ,IS_EPS_BASIC,Income Statement,EPS,Basic EPS (RMB/share),,detail,N,1,1.0774,????????,CNY
Luxshare,IS,yoy,2026Q2,current,002475_Luxshare_2026_Q2_??????.csv,(??)????????????,????????????,Diluted EPS,IS_EPS_DILUTED,Income Statement,EPS,Diluted EPS (RMB/share),,detail,N,1,1.0526,????????,CNY
Luxshare,IS,yoy,2025Q2,comparison,002475_Luxshare_2026_Q2_??????.csv,??????????????,??????????,Total Operating Revenue,IS_TOT_REV,Income Statement,Revenue,Section Header,,header,N,0,1.25E+11,????????,CNY
Luxshare,IS,yoy,2025Q2,comparison,002475_Luxshare_2026_Q2_??????.csv,????:????????,????????,Revenue,IS_REV,Income Statement,Revenue,Operating Revenue,,detail,N,1,1.25E+11,????????,CNY
Luxshare,IS,yoy,2025Q2,comparison,002475_Luxshare_2026_Q2_??????.csv,??????????????,??????????,Total Operating Costs,IS_TOT_COST,Income Statement,Costs and Expenses,Section Header,,header,N,0,1.19E+11,????????,CNY
Luxshare,IS,yoy,2025Q2,comparison,002475_Luxshare_2026_Q2_??????.csv,????:????????,????????,Operating Costs,IS_COGS,Income Statement,Costs and Expenses,Operating Costs,,detail,N,-1,1.10E+11,????????,CNY
Luxshare,IS,yoy,2025Q2,comparison,002475_Luxshare_2026_Q2_??????.csv,??????????,??????????,Taxes and Surcharges,IS_COST_TAXE_SURC,Income Statement,Costs and Expenses,Taxes and Surcharges,,detail,N,-1,383322133,????????,CNY
Luxshare,IS,yoy,2025Q2,comparison,002475_Luxshare_2026_Q2_??????.csv,????????,????????,Selling Expenses,IS_COST_SELL_EXPE,Income Statement,Costs and Expenses,Selling Expenses,,detail,N,-1,563980503.8,????????,CNY
Luxshare,IS,yoy,2025Q2,comparison,002475_Luxshare_2026_Q2_??????.csv,????????,????????,Administrative Expenses,IS_COST_ADMI_EXPE,Income Statement,Costs and Expenses,Administrative Expenses,,detail,N,-1,3155670978,????????,CNY
Luxshare,IS,yoy,2025Q2,comparison,002475_Luxshare_2026_Q2_??????.csv,????????,????????,Research and Development Expenses,IS_COST_RESE_DEVE_EXPE,Income Statement,Costs and Expenses,Research and Development Expenses,,detail,N,-1,4593537529,????????,CNY
Luxshare,IS,yoy,2025Q2,comparison,002475_Luxshare_2026_Q2_??????.csv,????????,????????,Finance Costs,IS_COST_FINA_COST,Income Statement,Costs and Expenses,Finance Costs,,detail,N,-1,-160284969.2,????????,CNY
Luxshare,IS,yoy,2025Q2,comparison,002475_Luxshare_2026_Q2_??????.csv,????:????????,????????,Interest Expense,IS_COST_INTE_EXPE,Income Statement,Costs and Expenses,Interest Expense,,detail,N,-1,850279197.5,????????,CNY
Luxshare,IS,yoy,2025Q2,comparison,002475_Luxshare_2026_Q2_??????.csv,????????,????????,Interest Income,IS_REV_INTE_INCO,Income Statement,Revenue,Interest Income,,detail,N,1,522005067.1,????????,CNY
Luxshare,IS,yoy,2025Q2,comparison,002475_Luxshare_2026_Q2_??????.csv,??:????????,????????,Other Income,IS_COST_OTHE_INCO,Income Statement,Costs and Expenses,Other Income,,detail,N,1,420689958.4,????????,CNY
Luxshare,IS,yoy,2025Q2,comparison,002475_Luxshare_2026_Q2_??????.csv,????????(??????????????????),????????(??????????????????),Investment Income,IS_COST_INVE_INCO,Income Statement,Costs and Expenses,Investment Income,,detail,N,1,3017958133,????????,CNY
Luxshare,IS,yoy,2025Q2,comparison,002475_Luxshare_2026_Q2_??????.csv,????:??????????????????????????????,??????????????????????????????,Investment Income from Associates and Joint Ventures,IS_COST_INVE_INCO_INVE_INCO_ASSO_JOIN,Income Statement,Costs and Expenses,Investment Income from Associates and Joint Ventures,,detail,N,1,1352286342,????????,CNY
Luxshare,IS,yoy,2025Q2,comparison,002475_Luxshare_2026_Q2_??????.csv,????????????????????????????????????????????(??????????????????)??????????????(??????????????????),????????????????????????????????????????????(??????????????????)??????????????(??????????????????),Gains on Derecognition of Financial Assets Measured at Amortized Cost,IS_COST_GAIN_DERE_FINA_ASSE,Income Statement,Costs and Expenses,Gains on Derecognition of Financial Assets Measured at Amortized Cost,,detail,N,-1,-279811377.3,????????,CNY
Luxshare,IS,yoy,2025Q2,comparison,002475_Luxshare_2026_Q2_??????.csv,????????????????(??????????????????),????????????????(??????????????????),Fair Value Change Gains,IS_COST_FAIR_VALU_CHAN_GAIN,Income Statement,Costs and Expenses,Fair Value Change Gains,,detail,N,1,-641461754.4,????????,CNY
Luxshare,IS,yoy,2025Q2,comparison,002475_Luxshare_2026_Q2_??????.csv,????????????(??????????????????),????????????(??????????????????),Credit Impairment Losses,IS_COST_CRED_IMPA_LOSS,Income Statement,Costs and Expenses,Credit Impairment Losses,,detail,N,-1,-13022054.2,????????,CNY
Luxshare,IS,yoy,2025Q2,comparison,002475_Luxshare_2026_Q2_??????.csv,????????????(??????????????????),????????????(??????????????????),Asset Impairment Losses,IS_COST_ASSE_IMPA_LOSS,Income Statement,Costs and Expenses,Asset Impairment Losses,,detail,N,-1,-548539056.1,????????,CNY
Luxshare,IS,yoy,2025Q2,comparison,002475_Luxshare_2026_Q2_??????.csv,????????????(??????????????????),????????????(??????????????????),Gains on Disposal of Assets,IS_COST_GAIN_DISP_ASSE,Income Statement,Costs and Expenses,Gains on Disposal of Assets,,detail,N,1,27705105.68,????????,CNY
Luxshare,IS,yoy,2025Q2,comparison,002475_Luxshare_2026_Q2_??????.csv,????????????(??????????????????),????????(??????????????????),Operating Profit,IS_OP,Income Statement,Operating Profit,Section Header,,header,N,0,8182414568,????????,CNY
Luxshare,IS,yoy,2025Q2,comparison,002475_Luxshare_2026_Q2_??????.csv,??:??????????,??????????,Non-operating Income,IS_OP_NON_OPER_INCO,Income Statement,Operating Profit,Non-operating Income,,detail,N,1,14998839.74,????????,CNY
Luxshare,IS,yoy,2025Q2,comparison,002475_Luxshare_2026_Q2_??????.csv,??:??????????,??????????,Non-operating Expenses,IS_OP_NON_OPER_EXPE,Income Statement,Operating Profit,Non-operating Expenses,,detail,N,-1,57794555.2,????????,CNY
Luxshare,IS,yoy,2025Q2,comparison,002475_Luxshare_2026_Q2_??????.csv,????????????(??????????????????????),????????(??????????????????????),Total Profit,IS_PBT,Income Statement,Total Profit,Section Header,,header,N,0,8139618853,????????,CNY
Luxshare,IS,yoy,2025Q2,comparison,002475_Luxshare_2026_Q2_??????.csv,??:??????????,??????????,Income Tax Expense,IS_TP_INCO_TAX_EXPE,Income Statement,Total Profit,Income Tax Expense,,detail,N,-1,841924446.7,????????,CNY
Luxshare,IS,yoy,2025Q2,comparison,002475_Luxshare_2026_Q2_??????.csv,??????????(????????????????????),??????(????????????????????),Net Profit,IS_NP,Income Statement,Net Profit,Section Header,,header,N,0,7297694406,????????,CNY
Luxshare,IS,yoy,2025Q2,comparison,002475_Luxshare_2026_Q2_??????.csv,??????????????????????????,??????????????????????,"OCI, Net of Tax",IS_OCI_HDR,Income Statement,OCI,Section Header,,header,N,0,-488291145.2,????????,CNY
Luxshare,IS,yoy,2025Q2,comparison,002475_Luxshare_2026_Q2_??????.csv,????????????????????????????????????????,????????????????????????????????????????,"OCI Attributable to Owners of the Parent, Net of Tax",IS_OCI_TOTAL_OCI_ATTR_OWNE_PARE,Income Statement,OCI,"OCI Attributable to Owners of the Parent, Net of Tax",,total,Y,1,-470116686.2,????????,CNY
Luxshare,IS,yoy,2025Q2,comparison,002475_Luxshare_2026_Q2_??????.csv,(??)??????????????????????????????,??????????????????????????????,OCI Not Reclassified to Profit or Loss,IS_OCI_OCI_NOT_RECL_PROF,Income Statement,OCI,OCI Not Reclassified to Profit or Loss,,detail,N,1,62542722.08,????????,CNY
Luxshare,IS,yoy,2025Q2,comparison,002475_Luxshare_2026_Q2_??????.csv,(??)????????????????????????????,????????????????????????????,OCI Reclassified to Profit or Loss,IS_OCI_OCI_RECL_PROF_LOSS,Income Statement,OCI,OCI Reclassified to Profit or Loss,,detail,N,1,-532659408.2,????????,CNY
Luxshare,IS,yoy,2025Q2,comparison,002475_Luxshare_2026_Q2_??????.csv,??????????????????????????????????????,??????????????????????????????????????,"OCI Attributable to Non-controlling Interests, Net of Tax",IS_OCI_TOTAL_OCI_ATTR_NON_CONT,Income Statement,OCI,"OCI Attributable to Non-controlling Interests, Net of Tax",,total,Y,1,-18174459.07,????????,CNY
Luxshare,IS,yoy,2025Q2,comparison,002475_Luxshare_2026_Q2_??????.csv,????????????????,????????????,Total Comprehensive Income,IS_CI_HDR,Income Statement,Comprehensive Income,Section Header,,header,N,0,6809403261,????????,CNY
Luxshare,IS,yoy,2025Q2,comparison,002475_Luxshare_2026_Q2_??????.csv,????????????????????????????????,????????????????????????????????,Total Comprehensive Income Attributable to Owners of the Parent,IS_CI_COMP_INCO_ATTR_OWNE,Income Statement,Comprehensive Income,Total Comprehensive Income Attributable to Owners of the Parent,,detail,N,1,6174155363,????????,CNY
Luxshare,IS,yoy,2025Q2,comparison,002475_Luxshare_2026_Q2_??????.csv,????????????????????????????,????????????????????????????,Total Comprehensive Income Attributable to Non-controlling Interests,IS_CI_COMP_INCO_ATTR_NON,Income Statement,Comprehensive Income,Total Comprehensive Income Attributable to Non-controlling Interests,,detail,N,1,635247897.3,????????,CNY
Luxshare,IS,yoy,2025Q2,comparison,002475_Luxshare_2026_Q2_??????.csv,(??)????????????,????????????,Basic EPS ,IS_EPS_BASIC,Income Statement,EPS,Basic EPS (RMB/share),,detail,N,1,0.9175,????????,CNY
Luxshare,IS,yoy,2025Q2,comparison,002475_Luxshare_2026_Q2_??????.csv,(??)????????????,????????????,Diluted EPS,IS_EPS_DILUTED,Income Statement,EPS,Diluted EPS (RMB/share),,detail,N,1,0.913,????????,CNY
HASCO,IS,yoy,2026Q2,current,600741_HASCO_2026_Q2_??????.csv,??????????????,??????????,Total Operating Revenue,IS_TOT_REV,Income Statement,Revenue,Section Header,,header,N,0,83938596744,2026????????,CNY
HASCO,IS,yoy,2026Q2,current,600741_HASCO_2026_Q2_??????.csv,????:????????,????????,Revenue,IS_REV,Income Statement,Revenue,Operating Revenue,,detail,N,1,83938596744,2026????????,CNY
HASCO,IS,yoy,2026Q2,current,600741_HASCO_2026_Q2_??????.csv,??????????????,??????????,Total Operating Costs,IS_TOT_COST,Income Statement,Costs and Expenses,Section Header,,header,N,0,82230572626,2026????????,CNY
HASCO,IS,yoy,2026Q2,current,600741_HASCO_2026_Q2_??????.csv,????:????????,????????,Operating Costs,IS_COGS,Income Statement,Costs and Expenses,Operating Costs,,detail,N,-1,73940053140,2026????????,CNY
HASCO,IS,yoy,2026Q2,current,600741_HASCO_2026_Q2_??????.csv,??????????,??????????,Taxes and Surcharges,IS_COST_TAXE_SURC,Income Statement,Costs and Expenses,Taxes and Surcharges,,detail,N,-1,372358389,2026????????,CNY
HASCO,IS,yoy,2026Q2,current,600741_HASCO_2026_Q2_??????.csv,????????,????????,Selling Expenses,IS_COST_SELL_EXPE,Income Statement,Costs and Expenses,Selling Expenses,,detail,N,-1,382477422.2,2026????????,CNY
HASCO,IS,yoy,2026Q2,current,600741_HASCO_2026_Q2_??????.csv,????????,????????,Administrative Expenses,IS_COST_ADMI_EXPE,Income Statement,Costs and Expenses,Administrative Expenses,,detail,N,-1,3882080534,2026????????,CNY
HASCO,IS,yoy,2026Q2,current,600741_HASCO_2026_Q2_??????.csv,????????,????????,Research and Development Expenses,IS_COST_RESE_DEVE_EXPE,Income Statement,Costs and Expenses,Research and Development Expenses,,detail,N,-1,3229005291,2026????????,CNY
HASCO,IS,yoy,2026Q2,current,600741_HASCO_2026_Q2_??????.csv,????????,????????,Finance Costs,IS_COST_FINA_COST,Income Statement,Costs and Expenses,Finance Costs,,detail,N,-1,424597850,2026????????,CNY
HASCO,IS,yoy,2026Q2,current,600741_HASCO_2026_Q2_??????.csv,????:????????,????????,Interest Expense,IS_COST_INTE_EXPE,Income Statement,Costs and Expenses,Interest Expense,,detail,N,-1,373069336.2,2026????????,CNY
HASCO,IS,yoy,2026Q2,current,600741_HASCO_2026_Q2_??????.csv,????????,????????,Interest Income,IS_REV_INTE_INCO,Income Statement,Revenue,Interest Income,,detail,N,1,212977094.9,2026????????,CNY
HASCO,IS,yoy,2026Q2,current,600741_HASCO_2026_Q2_??????.csv,??:????????,????????,Other Income,IS_COST_OTHE_INCO,Income Statement,Costs and Expenses,Other Income,,detail,N,1,537971812.7,2026????????,CNY
HASCO,IS,yoy,2026Q2,current,600741_HASCO_2026_Q2_??????.csv,????????(????????-????????),????????(????????-????????),Investment Income,IS_COST_INVE_INCO,Income Statement,Costs and Expenses,Investment Income,,detail,N,1,1367833704,2026????????,CNY
HASCO,IS,yoy,2026Q2,current,600741_HASCO_2026_Q2_??????.csv,????:??????????????????????????????,??????????????????????????????,Investment Income from Associates and Joint Ventures,IS_COST_INVE_INCO_INVE_INCO_ASSO_JOIN,Income Statement,Costs and Expenses,Investment Income from Associates and Joint Ventures,,detail,N,1,1110709093,2026????????,CNY
HASCO,IS,yoy,2026Q2,current,600741_HASCO_2026_Q2_??????.csv,????????????????(????????-?????? ??),????????????????(????????-????????),Fair Value Change Gains,IS_COST_FAIR_VALU_CHAN_GAIN,Income Statement,Costs and Expenses,Fair Value Change Gains,,detail,N,1,18505952.83,2026????????,CNY
HASCO,IS,yoy,2026Q2,current,600741_HASCO_2026_Q2_??????.csv,????????????(????????-????????),????????????(????????-????????),Credit Impairment Losses,IS_COST_CRED_IMPA_LOSS,Income Statement,Costs and Expenses,Credit Impairment Losses,,detail,N,-1,-115300379.5,2026????????,CNY
HASCO,IS,yoy,2026Q2,current,600741_HASCO_2026_Q2_??????.csv,????????????(????????-????????),????????????(????????-????????),Asset Impairment Losses,IS_COST_ASSE_IMPA_LOSS,Income Statement,Costs and Expenses,Asset Impairment Losses,,detail,N,-1,-79159611.82,2026????????,CNY
HASCO,IS,yoy,2026Q2,current,600741_HASCO_2026_Q2_??????.csv,????????????(????????-????????),????????????(????????-????????),Gains on Disposal of Assets,IS_COST_GAIN_DISP_ASSE,Income Statement,Costs and Expenses,Gains on Disposal of Assets,,detail,N,1,63581101.71,2026????????,CNY
HASCO,IS,yoy,2026Q2,current,600741_HASCO_2026_Q2_??????.csv,????????????(????????-????????),????????(????????-????????),Operating Profit,IS_OP,Income Statement,Operating Profit,Section Header,,header,N,0,3501456698,2026????????,CNY
HASCO,IS,yoy,2026Q2,current,600741_HASCO_2026_Q2_??????.csv,??:??????????,??????????,Non-operating Income,IS_OP_NON_OPER_INCO,Income Statement,Operating Profit,Non-operating Income,,detail,N,1,7142774.97,2026????????,CNY
HASCO,IS,yoy,2026Q2,current,600741_HASCO_2026_Q2_??????.csv,??:??????????,??????????,Non-operating Expenses,IS_OP_NON_OPER_EXPE,Income Statement,Operating Profit,Non-operating Expenses,,detail,N,-1,9040619.27,2026????????,CNY
HASCO,IS,yoy,2026Q2,current,600741_HASCO_2026_Q2_??????.csv,????????????(????????????-????????),????????(????????????-????????),Total Profit,IS_PBT,Income Statement,Total Profit,Section Header,,header,N,0,3499558854,2026????????,CNY
HASCO,IS,yoy,2026Q2,current,600741_HASCO_2026_Q2_??????.csv,??:??????????,??????????,Income Tax Expense,IS_TP_INCO_TAX_EXPE,Income Statement,Total Profit,Income Tax Expense,,detail,N,-1,481258846.1,2026????????,CNY
HASCO,IS,yoy,2026Q2,current,600741_HASCO_2026_Q2_??????.csv,??????????(??????????-????????),??????(??????????-????????),Net Profit,IS_NP,Income Statement,Net Profit,Section Header,,header,N,0,3018300008,2026????????,CNY
HASCO,IS,yoy,2026Q2,current,600741_HASCO_2026_Q2_??????.csv,1.??????????????(??????????-?????? ??),??????????????(??????????-????????),Net Profit from Continuing Operations,IS_NP_PROF_CONT_OPER,Income Statement,Net Profit,Net Profit from Continuing Operations,,detail,N,1,3018300008,2026????????,CNY
HASCO,IS,yoy,2026Q2,current,600741_HASCO_2026_Q2_??????.csv,1.????????????????????????(???????? ??-????????),????????????????????????(??????????-????????),Net Profit Attributable to Owners of the Parent,IS_NP_PARENT,Income Statement,Net Profit,Net Profit Attributable to Owners of the Parent,,detail,N,1,2646591007,2026????????,CNY
HASCO,IS,yoy,2026Q2,current,600741_HASCO_2026_Q2_??????.csv,2.????????????(??????????-????????),????????????(??????????-????????),Profit or Loss Attributable to Non-controlling Interests,IS_NCI_PL,Income Statement,Net Profit,Profit or Loss Attributable to Non-controlling Interests,,detail,N,1,371709000.6,2026????????,CNY
HASCO,IS,yoy,2026Q2,current,600741_HASCO_2026_Q2_??????.csv,??????????????????????????,??????????????????????,"OCI, Net of Tax",IS_OCI_HDR,Income Statement,OCI,Section Header,,header,N,0,-139617911.6,2026????????,CNY
HASCO,IS,yoy,2026Q2,current,600741_HASCO_2026_Q2_??????.csv,(??)?????????????????????????????????? ??????,????????????????????????????????????????,"OCI Attributable to Owners of the Parent, Net of Tax",IS_OCI_TOTAL_OCI_ATTR_OWNE_PARE,Income Statement,OCI,"OCI Attributable to Owners of the Parent, Net of Tax",,total,Y,1,-132734122.5,2026????????,CNY
HASCO,IS,yoy,2026Q2,current,600741_HASCO_2026_Q2_??????.csv,1.??????????????????????????????,??????????????????????????????,OCI Not Reclassified to Profit or Loss,IS_OCI_OCI_NOT_RECL_PROF,Income Statement,OCI,OCI Not Reclassified to Profit or Loss,,detail,N,1,-220736119,2026????????,CNY
HASCO,IS,yoy,2026Q2,current,600741_HASCO_2026_Q2_??????.csv,(3)????????????????????????????,????????????????????????????,Fair Value Changes of Other Equity Instrument Investments,IS_OCI_FAIR_VALU_CHAN_OTHE,Income Statement,OCI Details,Fair Value Changes of Other Equity Instrument Investments,,detail,N,1,-220736119,2026????????,CNY
HASCO,IS,yoy,2026Q2,current,600741_HASCO_2026_Q2_??????.csv,2.????????????????????????????,????????????????????????????,OCI Reclassified to Profit or Loss,IS_OCI_OCI_RECL_PROF_LOSS,Income Statement,OCI,OCI Reclassified to Profit or Loss,,detail,N,1,88001996.52,2026????????,CNY
HASCO,IS,yoy,2026Q2,current,600741_HASCO_2026_Q2_??????.csv,(1)??????????????????????????????,??????????????????????????????,OCI under Equity Method Reclassified to Profit or Loss,IS_OCI_OCI_UNDE_EQUI_METH_2,Income Statement,OCI Details,OCI under Equity Method Reclassified to Profit or Loss,,detail,N,1,-22246447.42,2026????????,CNY
HASCO,IS,yoy,2026Q2,current,600741_HASCO_2026_Q2_??????.csv,(6)????????????????????,????????????????????,Foreign Currency Translation Differences,IS_OCI_FORE_CURR_TRAN_DIFF,Income Statement,OCI Details,Foreign Currency Translation Differences,,detail,N,1,110248443.9,2026????????,CNY
HASCO,IS,yoy,2026Q2,current,600741_HASCO_2026_Q2_??????.csv,(??)?????????????????????????????????? ????,??????????????????????????????????????,"OCI Attributable to Non-controlling Interests, Net of Tax",IS_OCI_TOTAL_OCI_ATTR_NON_CONT,Income Statement,OCI,"OCI Attributable to Non-controlling Interests, Net of Tax",,total,Y,1,-6883789.15,2026????????,CNY
HASCO,IS,yoy,2026Q2,current,600741_HASCO_2026_Q2_??????.csv,????????????????,????????????,Total Comprehensive Income,IS_CI_HDR,Income Statement,Comprehensive Income,Section Header,,header,N,0,2878682096,2026????????,CNY
HASCO,IS,yoy,2026Q2,current,600741_HASCO_2026_Q2_??????.csv,(??)????????????????????????????????,????????????????????????????????,Total Comprehensive Income Attributable to Owners of the Parent,IS_CI_COMP_INCO_ATTR_OWNE,Income Statement,Comprehensive Income,Total Comprehensive Income Attributable to Owners of the Parent,,detail,N,1,2513856885,2026????????,CNY
HASCO,IS,yoy,2026Q2,current,600741_HASCO_2026_Q2_??????.csv,(??)????????????????????????????,????????????????????????????,Total Comprehensive Income Attributable to Non-controlling Interests,IS_CI_COMP_INCO_ATTR_NON,Income Statement,Comprehensive Income,Total Comprehensive Income Attributable to Non-controlling Interests,,detail,N,1,364825211.5,2026????????,CNY
HASCO,IS,yoy,2026Q2,current,600741_HASCO_2026_Q2_??????.csv,(??)????????????(??/??),????????????(??/??),Basic EPS ,IS_EPS_BASIC,Income Statement,EPS,Basic EPS (RMB/share),,detail,N,1,0.839,2026????????,CNY
HASCO,IS,yoy,2025Q2,comparison,600741_HASCO_2026_Q2_??????.csv,??????????????,??????????,Total Operating Revenue,IS_TOT_REV,Income Statement,Revenue,Section Header,,header,N,0,85157466820,2025????????(??????),CNY
HASCO,IS,yoy,2025Q2,comparison,600741_HASCO_2026_Q2_??????.csv,????:????????,????????,Revenue,IS_REV,Income Statement,Revenue,Operating Revenue,,detail,N,1,85157466820,2025????????(??????),CNY
HASCO,IS,yoy,2025Q2,comparison,600741_HASCO_2026_Q2_??????.csv,??????????????,??????????,Total Operating Costs,IS_TOT_COST,Income Statement,Costs and Expenses,Section Header,,header,N,0,83246367526,2025????????(??????),CNY
HASCO,IS,yoy,2025Q2,comparison,600741_HASCO_2026_Q2_??????.csv,????:????????,????????,Operating Costs,IS_COGS,Income Statement,Costs and Expenses,Operating Costs,,detail,N,-1,75450079728,2025????????(??????),CNY
HASCO,IS,yoy,2025Q2,comparison,600741_HASCO_2026_Q2_??????.csv,??????????,??????????,Taxes and Surcharges,IS_COST_TAXE_SURC,Income Statement,Costs and Expenses,Taxes and Surcharges,,detail,N,-1,365892066,2025????????(??????),CNY
HASCO,IS,yoy,2025Q2,comparison,600741_HASCO_2026_Q2_??????.csv,????????,????????,Selling Expenses,IS_COST_SELL_EXPE,Income Statement,Costs and Expenses,Selling Expenses,,detail,N,-1,386236375.6,2025????????(??????),CNY
HASCO,IS,yoy,2025Q2,comparison,600741_HASCO_2026_Q2_??????.csv,????????,????????,Administrative Expenses,IS_COST_ADMI_EXPE,Income Statement,Costs and Expenses,Administrative Expenses,,detail,N,-1,3880998248,2025????????(??????),CNY
HASCO,IS,yoy,2025Q2,comparison,600741_HASCO_2026_Q2_??????.csv,????????,????????,Research and Development Expenses,IS_COST_RESE_DEVE_EXPE,Income Statement,Costs and Expenses,Research and Development Expenses,,detail,N,-1,3089801428,2025????????(??????),CNY
HASCO,IS,yoy,2025Q2,comparison,600741_HASCO_2026_Q2_??????.csv,????????,????????,Finance Costs,IS_COST_FINA_COST,Income Statement,Costs and Expenses,Finance Costs,,detail,N,-1,73359681.71,2025????????(??????),CNY
HASCO,IS,yoy,2025Q2,comparison,600741_HASCO_2026_Q2_??????.csv,????:????????,????????,Interest Expense,IS_COST_INTE_EXPE,Income Statement,Costs and Expenses,Interest Expense,,detail,N,-1,408485735.2,2025????????(??????),CNY
HASCO,IS,yoy,2025Q2,comparison,600741_HASCO_2026_Q2_??????.csv,????????,????????,Interest Income,IS_REV_INTE_INCO,Income Statement,Revenue,Interest Income,,detail,N,1,213053863,2025????????(??????),CNY
HASCO,IS,yoy,2025Q2,comparison,600741_HASCO_2026_Q2_??????.csv,??:????????,????????,Other Income,IS_COST_OTHE_INCO,Income Statement,Costs and Expenses,Other Income,,detail,N,1,478690142.9,2025????????(??????),CNY
HASCO,IS,yoy,2025Q2,comparison,600741_HASCO_2026_Q2_??????.csv,????????(????????-????????),????????(????????-????????),Investment Income,IS_COST_INVE_INCO,Income Statement,Costs and Expenses,Investment Income,,detail,N,1,1415445221,2025????????(??????),CNY
HASCO,IS,yoy,2025Q2,comparison,600741_HASCO_2026_Q2_??????.csv,????:??????????????????????????????,??????????????????????????????,Investment Income from Associates and Joint Ventures,IS_COST_INVE_INCO_INVE_INCO_ASSO_JOIN,Income Statement,Costs and Expenses,Investment Income from Associates and Joint Ventures,,detail,N,1,1289949906,2025????????(??????),CNY
HASCO,IS,yoy,2025Q2,comparison,600741_HASCO_2026_Q2_??????.csv,????????????????(????????-?????? ??),????????????????(????????-????????),Fair Value Change Gains,IS_COST_FAIR_VALU_CHAN_GAIN,Income Statement,Costs and Expenses,Fair Value Change Gains,,detail,N,1,-588161.65,2025????????(??????),CNY
HASCO,IS,yoy,2025Q2,comparison,600741_HASCO_2026_Q2_??????.csv,????????????(????????-????????),????????????(????????-????????),Credit Impairment Losses,IS_COST_CRED_IMPA_LOSS,Income Statement,Costs and Expenses,Credit Impairment Losses,,detail,N,-1,-62169607.08,2025????????(??????),CNY
HASCO,IS,yoy,2025Q2,comparison,600741_HASCO_2026_Q2_??????.csv,????????????(????????-????????),????????????(????????-????????),Asset Impairment Losses,IS_COST_ASSE_IMPA_LOSS,Income Statement,Costs and Expenses,Asset Impairment Losses,,detail,N,-1,-27345973.18,2025????????(??????),CNY
HASCO,IS,yoy,2025Q2,comparison,600741_HASCO_2026_Q2_??????.csv,????????????(????????-????????),????????????(????????-????????),Gains on Disposal of Assets,IS_COST_GAIN_DISP_ASSE,Income Statement,Costs and Expenses,Gains on Disposal of Assets,,detail,N,1,23246890.96,2025????????(??????),CNY
HASCO,IS,yoy,2025Q2,comparison,600741_HASCO_2026_Q2_??????.csv,????????????(????????-????????),????????(????????-????????),Operating Profit,IS_OP,Income Statement,Operating Profit,Section Header,,header,N,0,3738377807,2025????????(??????),CNY
HASCO,IS,yoy,2025Q2,comparison,600741_HASCO_2026_Q2_??????.csv,??:??????????,??????????,Non-operating Income,IS_OP_NON_OPER_INCO,Income Statement,Operating Profit,Non-operating Income,,detail,N,1,54554424.52,2025????????(??????),CNY
HASCO,IS,yoy,2025Q2,comparison,600741_HASCO_2026_Q2_??????.csv,??:??????????,??????????,Non-operating Expenses,IS_OP_NON_OPER_EXPE,Income Statement,Operating Profit,Non-operating Expenses,,detail,N,-1,16248194.75,2025????????(??????),CNY
HASCO,IS,yoy,2025Q2,comparison,600741_HASCO_2026_Q2_??????.csv,????????????(????????????-????????),????????(????????????-????????),Total Profit,IS_PBT,Income Statement,Total Profit,Section Header,,header,N,0,3776684037,2025????????(??????),CNY
HASCO,IS,yoy,2025Q2,comparison,600741_HASCO_2026_Q2_??????.csv,??:??????????,??????????,Income Tax Expense,IS_TP_INCO_TAX_EXPE,Income Statement,Total Profit,Income Tax Expense,,detail,N,-1,411695582.8,2025????????(??????),CNY
HASCO,IS,yoy,2025Q2,comparison,600741_HASCO_2026_Q2_??????.csv,??????????(??????????-????????),??????(??????????-????????),Net Profit,IS_NP,Income Statement,Net Profit,Section Header,,header,N,0,3364988454,2025????????(??????),CNY
HASCO,IS,yoy,2025Q2,comparison,600741_HASCO_2026_Q2_??????.csv,1.??????????????(??????????-?????? ??),??????????????(??????????-????????),Net Profit from Continuing Operations,IS_NP_PROF_CONT_OPER,Income Statement,Net Profit,Net Profit from Continuing Operations,,detail,N,1,3364988454,2025????????(??????),CNY
HASCO,IS,yoy,2025Q2,comparison,600741_HASCO_2026_Q2_??????.csv,1.????????????????????????(???????? ??-????????),????????????????????????(??????????-????????),Net Profit Attributable to Owners of the Parent,IS_NP_PARENT,Income Statement,Net Profit,Net Profit Attributable to Owners of the Parent,,detail,N,1,2897934493,2025????????(??????),CNY
HASCO,IS,yoy,2025Q2,comparison,600741_HASCO_2026_Q2_??????.csv,2.????????????(??????????-????????),????????????(??????????-????????),Profit or Loss Attributable to Non-controlling Interests,IS_NCI_PL,Income Statement,Net Profit,Profit or Loss Attributable to Non-controlling Interests,,detail,N,1,467053960.8,2025????????(??????),CNY
HASCO,IS,yoy,2025Q2,comparison,600741_HASCO_2026_Q2_??????.csv,??????????????????????????,??????????????????????,"OCI, Net of Tax",IS_OCI_HDR,Income Statement,OCI,Section Header,,header,N,0,296822461.1,2025????????(??????),CNY
HASCO,IS,yoy,2025Q2,comparison,600741_HASCO_2026_Q2_??????.csv,(??)?????????????????????????????????? ??????,????????????????????????????????????????,"OCI Attributable to Owners of the Parent, Net of Tax",IS_OCI_TOTAL_OCI_ATTR_OWNE_PARE,Income Statement,OCI,"OCI Attributable to Owners of the Parent, Net of Tax",,total,Y,1,295780397.7,2025????????(??????),CNY
HASCO,IS,yoy,2025Q2,comparison,600741_HASCO_2026_Q2_??????.csv,1.??????????????????????????????,??????????????????????????????,OCI Not Reclassified to Profit or Loss,IS_OCI_OCI_NOT_RECL_PROF,Income Statement,OCI,OCI Not Reclassified to Profit or Loss,,detail,N,1,168490563.8,2025????????(??????),CNY
HASCO,IS,yoy,2025Q2,comparison,600741_HASCO_2026_Q2_??????.csv,(3)????????????????????????????,????????????????????????????,Fair Value Changes of Other Equity Instrument Investments,IS_OCI_FAIR_VALU_CHAN_OTHE,Income Statement,OCI Details,Fair Value Changes of Other Equity Instrument Investments,,detail,N,1,168490563.8,2025????????(??????),CNY
HASCO,IS,yoy,2025Q2,comparison,600741_HASCO_2026_Q2_??????.csv,2.????????????????????????????,????????????????????????????,OCI Reclassified to Profit or Loss,IS_OCI_OCI_RECL_PROF_LOSS,Income Statement,OCI,OCI Reclassified to Profit or Loss,,detail,N,1,127289833.9,2025????????(??????),CNY
HASCO,IS,yoy,2025Q2,comparison,600741_HASCO_2026_Q2_??????.csv,(1)??????????????????????????????,??????????????????????????????,OCI under Equity Method Reclassified to Profit or Loss,IS_OCI_OCI_UNDE_EQUI_METH_2,Income Statement,OCI Details,OCI under Equity Method Reclassified to Profit or Loss,,detail,N,1,30715908.44,2025????????(??????),CNY
HASCO,IS,yoy,2025Q2,comparison,600741_HASCO_2026_Q2_??????.csv,(6)????????????????????,????????????????????,Foreign Currency Translation Differences,IS_OCI_FORE_CURR_TRAN_DIFF,Income Statement,OCI Details,Foreign Currency Translation Differences,,detail,N,1,96573925.47,2025????????(??????),CNY
HASCO,IS,yoy,2025Q2,comparison,600741_HASCO_2026_Q2_??????.csv,(??)?????????????????????????????????? ????,??????????????????????????????????????,"OCI Attributable to Non-controlling Interests, Net of Tax",IS_OCI_TOTAL_OCI_ATTR_NON_CONT,Income Statement,OCI,"OCI Attributable to Non-controlling Interests, Net of Tax",,total,Y,1,1042063.38,2025????????(??????),CNY
HASCO,IS,yoy,2025Q2,comparison,600741_HASCO_2026_Q2_??????.csv,????????????????,????????????,Total Comprehensive Income,IS_CI_HDR,Income Statement,Comprehensive Income,Section Header,,header,N,0,3661810915,2025????????(??????),CNY
HASCO,IS,yoy,2025Q2,comparison,600741_HASCO_2026_Q2_??????.csv,(??)????????????????????????????????,????????????????????????????????,Total Comprehensive Income Attributable to Owners of the Parent,IS_CI_COMP_INCO_ATTR_OWNE,Income Statement,Comprehensive Income,Total Comprehensive Income Attributable to Owners of the Parent,,detail,N,1,3193714891,2025????????(??????),CNY
HASCO,IS,yoy,2025Q2,comparison,600741_HASCO_2026_Q2_??????.csv,(??)????????????????????????????,????????????????????????????,Total Comprehensive Income Attributable to Non-controlling Interests,IS_CI_COMP_INCO_ATTR_NON,Income Statement,Comprehensive Income,Total Comprehensive Income Attributable to Non-controlling Interests,,detail,N,1,468096024.2,2025????????(??????),CNY
HASCO,IS,yoy,2025Q2,comparison,600741_HASCO_2026_Q2_??????.csv,(??)????????????(??/??),????????????(??/??),Basic EPS ,IS_EPS_BASIC,Income Statement,EPS,Basic EPS (RMB/share),,detail,N,1,0.919,2025????????(??????),CNY
Tuopu,IS,yoy,2026Q2,current,601689_Tuopu_2026_Q2_??????.csv,??????????????,??????????,Total Operating Revenue,IS_TOT_REV,Income Statement,Revenue,Section Header,,header,N,0,14199245308,2026????????,CNY
Tuopu,IS,yoy,2026Q2,current,601689_Tuopu_2026_Q2_??????.csv,????:????????,????????,Revenue,IS_REV,Income Statement,Revenue,Operating Revenue,,detail,N,1,14199245308,2026????????,CNY
Tuopu,IS,yoy,2026Q2,current,601689_Tuopu_2026_Q2_??????.csv,??????????????,??????????,Total Operating Costs,IS_TOT_COST,Income Statement,Costs and Expenses,Section Header,,header,N,0,13150241673,2026????????,CNY
Tuopu,IS,yoy,2026Q2,current,601689_Tuopu_2026_Q2_??????.csv,????:????????,????????,Operating Costs,IS_COGS,Income Statement,Costs and Expenses,Operating Costs,,detail,N,-1,11527968959,2026????????,CNY
Tuopu,IS,yoy,2026Q2,current,601689_Tuopu_2026_Q2_??????.csv,??????????,??????????,Taxes and Surcharges,IS_COST_TAXE_SURC,Income Statement,Costs and Expenses,Taxes and Surcharges,,detail,N,-1,100210213,2026????????,CNY
Tuopu,IS,yoy,2026Q2,current,601689_Tuopu_2026_Q2_??????.csv,????????,????????,Selling Expenses,IS_COST_SELL_EXPE,Income Statement,Costs and Expenses,Selling Expenses,,detail,N,-1,130898899.7,2026????????,CNY
Tuopu,IS,yoy,2026Q2,current,601689_Tuopu_2026_Q2_??????.csv,????????,????????,Administrative Expenses,IS_COST_ADMI_EXPE,Income Statement,Costs and Expenses,Administrative Expenses,,detail,N,-1,424898467.3,2026????????,CNY
Tuopu,IS,yoy,2026Q2,current,601689_Tuopu_2026_Q2_??????.csv,????????,????????,Research and Development Expenses,IS_COST_RESE_DEVE_EXPE,Income Statement,Costs and Expenses,Research and Development Expenses,,detail,N,-1,790837436.3,2026????????,CNY
Tuopu,IS,yoy,2026Q2,current,601689_Tuopu_2026_Q2_??????.csv,????????,????????,Finance Costs,IS_COST_FINA_COST,Income Statement,Costs and Expenses,Finance Costs,,detail,N,-1,175427698.1,2026????????,CNY
Tuopu,IS,yoy,2026Q2,current,601689_Tuopu_2026_Q2_??????.csv,????:????????,????????,Interest Expense,IS_COST_INTE_EXPE,Income Statement,Costs and Expenses,Interest Expense,,detail,N,-1,67986772.28,2026????????,CNY
Tuopu,IS,yoy,2026Q2,current,601689_Tuopu_2026_Q2_??????.csv,????????,????????,Interest Income,IS_REV_INTE_INCO,Income Statement,Revenue,Interest Income,,detail,N,1,15007027.71,2026????????,CNY
Tuopu,IS,yoy,2026Q2,current,601689_Tuopu_2026_Q2_??????.csv,??:????????,????????,Other Income,IS_COST_OTHE_INCO,Income Statement,Costs and Expenses,Other Income,,detail,N,1,182328061,2026????????,CNY
Tuopu,IS,yoy,2026Q2,current,601689_Tuopu_2026_Q2_??????.csv,????????(????????-?????? ??),????????(????????-????????),Investment Income,IS_COST_INVE_INCO,Income Statement,Costs and Expenses,Investment Income,,detail,N,1,19298631.09,2026????????,CNY
Tuopu,IS,yoy,2026Q2,current,601689_Tuopu_2026_Q2_??????.csv,????:?????????????????????? ????????,??????????????????????????????,Investment Income from Associates and Joint Ventures,IS_COST_INVE_INCO_INVE_INCO_ASSO_JOIN,Income Statement,Costs and Expenses,Investment Income from Associates and Joint Ventures,,detail,N,1,14713286.05,2026????????,CNY
Tuopu,IS,yoy,2026Q2,current,601689_Tuopu_2026_Q2_??????.csv,????????????(????????-?????? ??),????????????(????????-????????),Credit Impairment Losses,IS_COST_CRED_IMPA_LOSS,Income Statement,Costs and Expenses,Credit Impairment Losses,,detail,N,-1,26709786.76,2026????????,CNY
Tuopu,IS,yoy,2026Q2,current,601689_Tuopu_2026_Q2_??????.csv,????????????(????????-?????? ??),????????????(????????-????????),Asset Impairment Losses,IS_COST_ASSE_IMPA_LOSS,Income Statement,Costs and Expenses,Asset Impairment Losses,,detail,N,-1,-92976776.92,2026????????,CNY
Tuopu,IS,yoy,2026Q2,current,601689_Tuopu_2026_Q2_??????.csv,????????????(????????-???? ????),????????????(????????-????????),Gains on Disposal of Assets,IS_COST_GAIN_DISP_ASSE,Income Statement,Costs and Expenses,Gains on Disposal of Assets,,detail,N,1,613296.67,2026????????,CNY
Tuopu,IS,yoy,2026Q2,current,601689_Tuopu_2026_Q2_??????.csv,????????????(????????-????????),????????(????????-????????),Operating Profit,IS_OP,Income Statement,Operating Profit,Section Header,,header,N,0,1184976634,2026????????,CNY
Tuopu,IS,yoy,2026Q2,current,601689_Tuopu_2026_Q2_??????.csv,??:??????????,??????????,Non-operating Income,IS_OP_NON_OPER_INCO,Income Statement,Operating Profit,Non-operating Income,,detail,N,1,1774874.41,2026????????,CNY
Tuopu,IS,yoy,2026Q2,current,601689_Tuopu_2026_Q2_??????.csv,??:??????????,??????????,Non-operating Expenses,IS_OP_NON_OPER_EXPE,Income Statement,Operating Profit,Non-operating Expenses,,detail,N,-1,12204051.57,2026????????,CNY
Tuopu,IS,yoy,2026Q2,current,601689_Tuopu_2026_Q2_??????.csv,????????????(????????????-????????),????????(????????????-????????),Total Profit,IS_PBT,Income Statement,Total Profit,Section Header,,header,N,0,1174547456,2026????????,CNY
Tuopu,IS,yoy,2026Q2,current,601689_Tuopu_2026_Q2_??????.csv,??:??????????,??????????,Income Tax Expense,IS_TP_INCO_TAX_EXPE,Income Statement,Total Profit,Income Tax Expense,,detail,N,-1,151303579.8,2026????????,CNY
Tuopu,IS,yoy,2026Q2,current,601689_Tuopu_2026_Q2_??????.csv,??????????(??????????-????????),??????(??????????-????????),Net Profit,IS_NP,Income Statement,Net Profit,Section Header,,header,N,0,1023243877,2026????????,CNY
Tuopu,IS,yoy,2026Q2,current,601689_Tuopu_2026_Q2_??????.csv,1.??????????????(??????????-???? ????),??????????????(??????????-????????),Net Profit from Continuing Operations,IS_NP_PROF_CONT_OPER,Income Statement,Net Profit,Net Profit from Continuing Operations,,detail,N,1,1023243877,2026????????,CNY
Tuopu,IS,yoy,2026Q2,current,601689_Tuopu_2026_Q2_??????.csv,1.????????????????????????(?? ????????-????????),????????????????????????(??????????-????????),Net Profit Attributable to Owners of the Parent,IS_NP_PARENT,Income Statement,Net Profit,Net Profit Attributable to Owners of the Parent,,detail,N,1,1022548891,2026????????,CNY
Tuopu,IS,yoy,2026Q2,current,601689_Tuopu_2026_Q2_??????.csv,2.????????????(??????????-???? ????),????????????(??????????-????????),Profit or Loss Attributable to Non-controlling Interests,IS_NCI_PL,Income Statement,Net Profit,Profit or Loss Attributable to Non-controlling Interests,,detail,N,1,694985.65,2026????????,CNY
Tuopu,IS,yoy,2026Q2,current,601689_Tuopu_2026_Q2_??????.csv,??????????????????????????,??????????????????????,"OCI, Net of Tax",IS_OCI_HDR,Income Statement,OCI,Section Header,,header,N,0,-51163734.64,2026????????,CNY
Tuopu,IS,yoy,2026Q2,current,601689_Tuopu_2026_Q2_??????.csv,(??)?????????????????????????? ??????????????,????????????????????????????????????????,"OCI Attributable to Owners of the Parent, Net of Tax",IS_OCI_TOTAL_OCI_ATTR_OWNE_PARE,Income Statement,OCI,"OCI Attributable to Owners of the Parent, Net of Tax",,total,Y,1,-51071040.76,2026????????,CNY
Tuopu,IS,yoy,2026Q2,current,601689_Tuopu_2026_Q2_??????.csv,2.????????????????????????????,????????????????????????????,OCI Reclassified to Profit or Loss,IS_OCI_OCI_RECL_PROF_LOSS,Income Statement,OCI,OCI Reclassified to Profit or Loss,,detail,N,1,-51071040.76,2026????????,CNY
Tuopu,IS,yoy,2026Q2,current,601689_Tuopu_2026_Q2_??????.csv,(6)????????????????????,????????????????????,Foreign Currency Translation Differences,IS_OCI_FORE_CURR_TRAN_DIFF,Income Statement,OCI Details,Foreign Currency Translation Differences,,detail,N,1,-51071040.76,2026????????,CNY
Tuopu,IS,yoy,2026Q2,current,601689_Tuopu_2026_Q2_??????.csv,(??)?????????????????????????? ????????????,??????????????????????????????????????,"OCI Attributable to Non-controlling Interests, Net of Tax",IS_OCI_TOTAL_OCI_ATTR_NON_CONT,Income Statement,OCI,"OCI Attributable to Non-controlling Interests, Net of Tax",,total,Y,1,-92693.88,2026????????,CNY
Tuopu,IS,yoy,2026Q2,current,601689_Tuopu_2026_Q2_??????.csv,????????????????,????????????,Total Comprehensive Income,IS_CI_HDR,Income Statement,Comprehensive Income,Section Header,,header,N,0,972080142,2026????????,CNY
Tuopu,IS,yoy,2026Q2,current,601689_Tuopu_2026_Q2_??????.csv,(??)?????????????????????????? ??????,????????????????????????????????,Total Comprehensive Income Attributable to Owners of the Parent,IS_CI_COMP_INCO_ATTR_OWNE,Income Statement,Comprehensive Income,Total Comprehensive Income Attributable to Owners of the Parent,,detail,N,1,971477850.2,2026????????,CNY
Tuopu,IS,yoy,2026Q2,current,601689_Tuopu_2026_Q2_??????.csv,(??)?????????????????????????? ??,????????????????????????????,Total Comprehensive Income Attributable to Non-controlling Interests,IS_CI_COMP_INCO_ATTR_NON,Income Statement,Comprehensive Income,Total Comprehensive Income Attributable to Non-controlling Interests,,detail,N,1,602291.77,2026????????,CNY
Tuopu,IS,yoy,2026Q2,current,601689_Tuopu_2026_Q2_??????.csv,(??)????????????(??/??),????????????(??/??),Basic EPS ,IS_EPS_BASIC,Income Statement,EPS,Basic EPS (RMB/share),,detail,N,1,0.59,2026????????,CNY
Tuopu,IS,yoy,2026Q2,current,601689_Tuopu_2026_Q2_??????.csv,(??)????????????(??/??),????????????(??/??),Diluted EPS,IS_EPS_DILUTED,Income Statement,EPS,Diluted EPS (RMB/share),,detail,N,1,0.59,2026????????,CNY
Tuopu,IS,yoy,2025Q2,comparison,601689_Tuopu_2026_Q2_??????.csv,??????????????,??????????,Total Operating Revenue,IS_TOT_REV,Income Statement,Revenue,Section Header,,header,N,0,12934627599,2025????????,CNY
Tuopu,IS,yoy,2025Q2,comparison,601689_Tuopu_2026_Q2_??????.csv,????:????????,????????,Revenue,IS_REV,Income Statement,Revenue,Operating Revenue,,detail,N,1,12934627599,2025????????,CNY
Tuopu,IS,yoy,2025Q2,comparison,601689_Tuopu_2026_Q2_??????.csv,??????????????,??????????,Total Operating Costs,IS_TOT_COST,Income Statement,Costs and Expenses,Section Header,,header,N,0,11704235503,2025????????,CNY
Tuopu,IS,yoy,2025Q2,comparison,601689_Tuopu_2026_Q2_??????.csv,????:????????,????????,Operating Costs,IS_COGS,Income Statement,Costs and Expenses,Operating Costs,,detail,N,-1,10405770831,2025????????,CNY
Tuopu,IS,yoy,2025Q2,comparison,601689_Tuopu_2026_Q2_??????.csv,??????????,??????????,Taxes and Surcharges,IS_COST_TAXE_SURC,Income Statement,Costs and Expenses,Taxes and Surcharges,,detail,N,-1,92636907.56,2025????????,CNY
Tuopu,IS,yoy,2025Q2,comparison,601689_Tuopu_2026_Q2_??????.csv,????????,????????,Selling Expenses,IS_COST_SELL_EXPE,Income Statement,Costs and Expenses,Selling Expenses,,detail,N,-1,131613898,2025????????,CNY
Tuopu,IS,yoy,2025Q2,comparison,601689_Tuopu_2026_Q2_??????.csv,????????,????????,Administrative Expenses,IS_COST_ADMI_EXPE,Income Statement,Costs and Expenses,Administrative Expenses,,detail,N,-1,378158457.6,2025????????,CNY
Tuopu,IS,yoy,2025Q2,comparison,601689_Tuopu_2026_Q2_??????.csv,????????,????????,Research and Development Expenses,IS_COST_RESE_DEVE_EXPE,Income Statement,Costs and Expenses,Research and Development Expenses,,detail,N,-1,705060676.3,2025????????,CNY
Tuopu,IS,yoy,2025Q2,comparison,601689_Tuopu_2026_Q2_??????.csv,????????,????????,Finance Costs,IS_COST_FINA_COST,Income Statement,Costs and Expenses,Finance Costs,,detail,N,-1,-9005267.5,2025????????,CNY
Tuopu,IS,yoy,2025Q2,comparison,601689_Tuopu_2026_Q2_??????.csv,????:????????,????????,Interest Expense,IS_COST_INTE_EXPE,Income Statement,Costs and Expenses,Interest Expense,,detail,N,-1,87530742.57,2025????????,CNY
Tuopu,IS,yoy,2025Q2,comparison,601689_Tuopu_2026_Q2_??????.csv,????????,????????,Interest Income,IS_REV_INTE_INCO,Income Statement,Revenue,Interest Income,,detail,N,1,19925614.8,2025????????,CNY
Tuopu,IS,yoy,2025Q2,comparison,601689_Tuopu_2026_Q2_??????.csv,??:????????,????????,Other Income,IS_COST_OTHE_INCO,Income Statement,Costs and Expenses,Other Income,,detail,N,1,221315449.2,2025????????,CNY
Tuopu,IS,yoy,2025Q2,comparison,601689_Tuopu_2026_Q2_??????.csv,????????(????????-?????? ??),????????(????????-????????),Investment Income,IS_COST_INVE_INCO,Income Statement,Costs and Expenses,Investment Income,,detail,N,1,33948234.37,2025????????,CNY
Tuopu,IS,yoy,2025Q2,comparison,601689_Tuopu_2026_Q2_??????.csv,????:?????????????????????? ????????,??????????????????????????????,Investment Income from Associates and Joint Ventures,IS_COST_INVE_INCO_INVE_INCO_ASSO_JOIN,Income Statement,Costs and Expenses,Investment Income from Associates and Joint Ventures,,detail,N,1,21235412.15,2025????????,CNY
Tuopu,IS,yoy,2025Q2,comparison,601689_Tuopu_2026_Q2_??????.csv,????????????(????????-?????? ??),????????????(????????-????????),Credit Impairment Losses,IS_COST_CRED_IMPA_LOSS,Income Statement,Costs and Expenses,Credit Impairment Losses,,detail,N,-1,6598315.66,2025????????,CNY
Tuopu,IS,yoy,2025Q2,comparison,601689_Tuopu_2026_Q2_??????.csv,????????????(????????-?????? ??),????????????(????????-????????),Asset Impairment Losses,IS_COST_ASSE_IMPA_LOSS,Income Statement,Costs and Expenses,Asset Impairment Losses,,detail,N,-1,-32245147.39,2025????????,CNY
Tuopu,IS,yoy,2025Q2,comparison,601689_Tuopu_2026_Q2_??????.csv,????????????(????????-????????),????????(????????-????????),Operating Profit,IS_OP,Income Statement,Operating Profit,Section Header,,header,N,0,1460008948,2025????????,CNY
Tuopu,IS,yoy,2025Q2,comparison,601689_Tuopu_2026_Q2_??????.csv,??:??????????,??????????,Non-operating Income,IS_OP_NON_OPER_INCO,Income Statement,Operating Profit,Non-operating Income,,detail,N,1,5774104.76,2025????????,CNY
Tuopu,IS,yoy,2025Q2,comparison,601689_Tuopu_2026_Q2_??????.csv,??:??????????,??????????,Non-operating Expenses,IS_OP_NON_OPER_EXPE,Income Statement,Operating Profit,Non-operating Expenses,,detail,N,-1,8339986.18,2025????????,CNY
Tuopu,IS,yoy,2025Q2,comparison,601689_Tuopu_2026_Q2_??????.csv,????????????(????????????-????????),????????(????????????-????????),Total Profit,IS_PBT,Income Statement,Total Profit,Section Header,,header,N,0,1457443066,2025????????,CNY
Tuopu,IS,yoy,2025Q2,comparison,601689_Tuopu_2026_Q2_??????.csv,??:??????????,??????????,Income Tax Expense,IS_TP_INCO_TAX_EXPE,Income Statement,Total Profit,Income Tax Expense,,detail,N,-1,161499705.7,2025????????,CNY
Tuopu,IS,yoy,2025Q2,comparison,601689_Tuopu_2026_Q2_??????.csv,??????????(??????????-????????),??????(??????????-????????),Net Profit,IS_NP,Income Statement,Net Profit,Section Header,,header,N,0,1295943360,2025????????,CNY
Tuopu,IS,yoy,2025Q2,comparison,601689_Tuopu_2026_Q2_??????.csv,1.??????????????(??????????-???? ????),??????????????(??????????-????????),Net Profit from Continuing Operations,IS_NP_PROF_CONT_OPER,Income Statement,Net Profit,Net Profit from Continuing Operations,,detail,N,1,1295943360,2025????????,CNY
Tuopu,IS,yoy,2025Q2,comparison,601689_Tuopu_2026_Q2_??????.csv,1.????????????????????????(?? ????????-????????),????????????????????????(??????????-????????),Net Profit Attributable to Owners of the Parent,IS_NP_PARENT,Income Statement,Net Profit,Net Profit Attributable to Owners of the Parent,,detail,N,1,1294928328,2025????????,CNY
Tuopu,IS,yoy,2025Q2,comparison,601689_Tuopu_2026_Q2_??????.csv,2.????????????(??????????-???? ????),????????????(??????????-????????),Profit or Loss Attributable to Non-controlling Interests,IS_NCI_PL,Income Statement,Net Profit,Profit or Loss Attributable to Non-controlling Interests,,detail,N,1,1015032.54,2025????????,CNY
Tuopu,IS,yoy,2025Q2,comparison,601689_Tuopu_2026_Q2_??????.csv,??????????????????????????,??????????????????????,"OCI, Net of Tax",IS_OCI_HDR,Income Statement,OCI,Section Header,,header,N,0,111492257.2,2025????????,CNY
Tuopu,IS,yoy,2025Q2,comparison,601689_Tuopu_2026_Q2_??????.csv,(??)?????????????????????????? ??????????????,????????????????????????????????????????,"OCI Attributable to Owners of the Parent, Net of Tax",IS_OCI_TOTAL_OCI_ATTR_OWNE_PARE,Income Statement,OCI,"OCI Attributable to Owners of the Parent, Net of Tax",,total,Y,1,111441020.7,2025????????,CNY
Tuopu,IS,yoy,2025Q2,comparison,601689_Tuopu_2026_Q2_??????.csv,2.????????????????????????????,????????????????????????????,OCI Reclassified to Profit or Loss,IS_OCI_OCI_RECL_PROF_LOSS,Income Statement,OCI,OCI Reclassified to Profit or Loss,,detail,N,1,111441020.7,2025????????,CNY
Tuopu,IS,yoy,2025Q2,comparison,601689_Tuopu_2026_Q2_??????.csv,(6)????????????????????,????????????????????,Foreign Currency Translation Differences,IS_OCI_FORE_CURR_TRAN_DIFF,Income Statement,OCI Details,Foreign Currency Translation Differences,,detail,N,1,111441020.7,2025????????,CNY
Tuopu,IS,yoy,2025Q2,comparison,601689_Tuopu_2026_Q2_??????.csv,(??)?????????????????????????? ????????????,??????????????????????????????????????,"OCI Attributable to Non-controlling Interests, Net of Tax",IS_OCI_TOTAL_OCI_ATTR_NON_CONT,Income Statement,OCI,"OCI Attributable to Non-controlling Interests, Net of Tax",,total,Y,1,51236.56,2025????????,CNY
Tuopu,IS,yoy,2025Q2,comparison,601689_Tuopu_2026_Q2_??????.csv,????????????????,????????????,Total Comprehensive Income,IS_CI_HDR,Income Statement,Comprehensive Income,Section Header,,header,N,0,1407435618,2025????????,CNY
Tuopu,IS,yoy,2025Q2,comparison,601689_Tuopu_2026_Q2_??????.csv,(??)?????????????????????????? ??????,????????????????????????????????,Total Comprehensive Income Attributable to Owners of the Parent,IS_CI_COMP_INCO_ATTR_OWNE,Income Statement,Comprehensive Income,Total Comprehensive Income Attributable to Owners of the Parent,,detail,N,1,1406369349,2025????????,CNY
Tuopu,IS,yoy,2025Q2,comparison,601689_Tuopu_2026_Q2_??????.csv,(??)?????????????????????????? ??,????????????????????????????,Total Comprehensive Income Attributable to Non-controlling Interests,IS_CI_COMP_INCO_ATTR_NON,Income Statement,Comprehensive Income,Total Comprehensive Income Attributable to Non-controlling Interests,,detail,N,1,1066269.1,2025????????,CNY
Tuopu,IS,yoy,2025Q2,comparison,601689_Tuopu_2026_Q2_??????.csv,(??)????????????(??/??),????????????(??/??),Basic EPS ,IS_EPS_BASIC,Income Statement,EPS,Basic EPS (RMB/share),,detail,N,1,0.75,2025????????,CNY
Tuopu,IS,yoy,2025Q2,comparison,601689_Tuopu_2026_Q2_??????.csv,(??)????????????(??/??),????????????(??/??),Diluted EPS,IS_EPS_DILUTED,Income Statement,EPS,Diluted EPS (RMB/share),,detail,N,1,0.75,2025????????,CNY
Baolong,IS,yoy,2026Q2,current,603197_Baolong_2026_Q2_??????.csv,??????????????,??????????,Total Operating Revenue,IS_TOT_REV,Income Statement,Revenue,Section Header,,header,N,0,4684042755,2026????????,CNY
Baolong,IS,yoy,2026Q2,current,603197_Baolong_2026_Q2_??????.csv,????:????????,????????,Revenue,IS_REV,Income Statement,Revenue,Operating Revenue,,detail,N,1,4684042755,2026????????,CNY
Baolong,IS,yoy,2026Q2,current,603197_Baolong_2026_Q2_??????.csv,??????????????,??????????,Total Operating Costs,IS_TOT_COST,Income Statement,Costs and Expenses,Section Header,,header,N,0,4422960271,2026????????,CNY
Baolong,IS,yoy,2026Q2,current,603197_Baolong_2026_Q2_??????.csv,????:????????,????????,Operating Costs,IS_COGS,Income Statement,Costs and Expenses,Operating Costs,,detail,N,-1,3631699446,2026????????,CNY
Baolong,IS,yoy,2026Q2,current,603197_Baolong_2026_Q2_??????.csv,??????????,??????????,Taxes and Surcharges,IS_COST_TAXE_SURC,Income Statement,Costs and Expenses,Taxes and Surcharges,,detail,N,-1,19885681.85,2026????????,CNY
Baolong,IS,yoy,2026Q2,current,603197_Baolong_2026_Q2_??????.csv,????????,????????,Selling Expenses,IS_COST_SELL_EXPE,Income Statement,Costs and Expenses,Selling Expenses,,detail,N,-1,136707485.2,2026????????,CNY
Baolong,IS,yoy,2026Q2,current,603197_Baolong_2026_Q2_??????.csv,????????,????????,Administrative Expenses,IS_COST_ADMI_EXPE,Income Statement,Costs and Expenses,Administrative Expenses,,detail,N,-1,226657795.6,2026????????,CNY
Baolong,IS,yoy,2026Q2,current,603197_Baolong_2026_Q2_??????.csv,????????,????????,Research and Development Expenses,IS_COST_RESE_DEVE_EXPE,Income Statement,Costs and Expenses,Research and Development Expenses,,detail,N,-1,324477706.6,2026????????,CNY
Baolong,IS,yoy,2026Q2,current,603197_Baolong_2026_Q2_??????.csv,????????,????????,Finance Costs,IS_COST_FINA_COST,Income Statement,Costs and Expenses,Finance Costs,,detail,N,-1,83532155.31,2026????????,CNY
Baolong,IS,yoy,2026Q2,current,603197_Baolong_2026_Q2_??????.csv,????:????????,????????,Interest Expense,IS_COST_INTE_EXPE,Income Statement,Costs and Expenses,Interest Expense,,detail,N,-1,25063824.64,2026????????,CNY
Baolong,IS,yoy,2026Q2,current,603197_Baolong_2026_Q2_??????.csv,????????,????????,Interest Income,IS_REV_INTE_INCO,Income Statement,Revenue,Interest Income,,detail,N,1,5620404.43,2026????????,CNY
Baolong,IS,yoy,2026Q2,current,603197_Baolong_2026_Q2_??????.csv,??:????????,????????,Other Income,IS_COST_OTHE_INCO,Income Statement,Costs and Expenses,Other Income,,detail,N,1,25331844.15,2026????????,CNY
Baolong,IS,yoy,2026Q2,current,603197_Baolong_2026_Q2_??????.csv,????????(????????-?????? ??),????????(????????-????????),Investment Income,IS_COST_INVE_INCO,Income Statement,Costs and Expenses,Investment Income,,detail,N,1,-2099823.5,2026????????,CNY
Baolong,IS,yoy,2026Q2,current,603197_Baolong_2026_Q2_??????.csv,????:???????????????????? ??????????,??????????????????????????????,Investment Income from Associates and Joint Ventures,IS_COST_INVE_INCO_INVE_INCO_ASSO_JOIN,Income Statement,Costs and Expenses,Investment Income from Associates and Joint Ventures,,detail,N,1,-13614766.94,2026????????,CNY
Baolong,IS,yoy,2026Q2,current,603197_Baolong_2026_Q2_??????.csv,????????????????(?????? ??-????????),????????????????(????????-????????),Fair Value Change Gains,IS_COST_FAIR_VALU_CHAN_GAIN,Income Statement,Costs and Expenses,Fair Value Change Gains,,detail,N,1,116288362.5,2026????????,CNY
Baolong,IS,yoy,2026Q2,current,603197_Baolong_2026_Q2_??????.csv,????????????(????????-?? ??????),????????????(????????-????????),Credit Impairment Losses,IS_COST_CRED_IMPA_LOSS,Income Statement,Costs and Expenses,Credit Impairment Losses,,detail,N,-1,-5374271.45,2026????????,CNY
Baolong,IS,yoy,2026Q2,current,603197_Baolong_2026_Q2_??????.csv,????????????(????????-?? ??????),????????????(????????-????????),Asset Impairment Losses,IS_COST_ASSE_IMPA_LOSS,Income Statement,Costs and Expenses,Asset Impairment Losses,,detail,N,-1,-34490552.98,2026????????,CNY
Baolong,IS,yoy,2026Q2,current,603197_Baolong_2026_Q2_??????.csv,????????????(????????-?? ??????),????????????(????????-????????),Gains on Disposal of Assets,IS_COST_GAIN_DISP_ASSE,Income Statement,Costs and Expenses,Gains on Disposal of Assets,,detail,N,1,2143559.1,2026????????,CNY
Baolong,IS,yoy,2026Q2,current,603197_Baolong_2026_Q2_??????.csv,????????????(????????-?????? ??),????????(????????-????????),Operating Profit,IS_OP,Income Statement,Operating Profit,Section Header,,header,N,0,362881601.4,2026????????,CNY
Baolong,IS,yoy,2026Q2,current,603197_Baolong_2026_Q2_??????.csv,??:??????????,??????????,Non-operating Income,IS_OP_NON_OPER_INCO,Income Statement,Operating Profit,Non-operating Income,,detail,N,1,453785.35,2026????????,CNY
Baolong,IS,yoy,2026Q2,current,603197_Baolong_2026_Q2_??????.csv,??:??????????,??????????,Non-operating Expenses,IS_OP_NON_OPER_EXPE,Income Statement,Operating Profit,Non-operating Expenses,,detail,N,-1,1801039.24,2026????????,CNY
Baolong,IS,yoy,2026Q2,current,603197_Baolong_2026_Q2_??????.csv,????????????(????????????-???? ????),????????(????????????-????????),Total Profit,IS_PBT,Income Statement,Total Profit,Section Header,,header,N,0,361534347.5,2026????????,CNY
Baolong,IS,yoy,2026Q2,current,603197_Baolong_2026_Q2_??????.csv,??:??????????,??????????,Income Tax Expense,IS_TP_INCO_TAX_EXPE,Income Statement,Total Profit,Income Tax Expense,,detail,N,-1,71424633.42,2026????????,CNY
Baolong,IS,yoy,2026Q2,current,603197_Baolong_2026_Q2_??????.csv,??????????(??????????-?????? ??),??????(??????????-????????),Net Profit,IS_NP,Income Statement,Net Profit,Section Header,,header,N,0,290109714.1,2026????????,CNY
Baolong,IS,yoy,2026Q2,current,603197_Baolong_2026_Q2_??????.csv,1.??????????????(???????? ??-????????),??????????????(??????????-????????),Net Profit from Continuing Operations,IS_NP_PROF_CONT_OPER,Income Statement,Net Profit,Net Profit from Continuing Operations,,detail,N,1,290109714.1,2026????????,CNY
Baolong,IS,yoy,2026Q2,current,603197_Baolong_2026_Q2_??????.csv,1.???????????????????????? (??????????-????????),????????????????????????(??????????-????????),Net Profit Attributable to Owners of the Parent,IS_NP_PARENT,Income Statement,Net Profit,Net Profit Attributable to Owners of the Parent,,detail,N,1,263826053.6,2026????????,CNY
Baolong,IS,yoy,2026Q2,current,603197_Baolong_2026_Q2_??????.csv,2.????????????(???????? ??-????????),????????????(??????????-????????),Profit or Loss Attributable to Non-controlling Interests,IS_NCI_PL,Income Statement,Net Profit,Profit or Loss Attributable to Non-controlling Interests,,detail,N,1,26283660.47,2026????????,CNY
Baolong,IS,yoy,2026Q2,current,603197_Baolong_2026_Q2_??????.csv,??????????????????????????,??????????????????????,"OCI, Net of Tax",IS_OCI_HDR,Income Statement,OCI,Section Header,,header,N,0,-94211858.68,2026????????,CNY
Baolong,IS,yoy,2026Q2,current,603197_Baolong_2026_Q2_??????.csv,(??)???????????????????????? ????????????????,????????????????????????????????????????,"OCI Attributable to Owners of the Parent, Net of Tax",IS_OCI_TOTAL_OCI_ATTR_OWNE_PARE,Income Statement,OCI,"OCI Attributable to Owners of the Parent, Net of Tax",,total,Y,1,-86005068.9,2026????????,CNY
Baolong,IS,yoy,2026Q2,current,603197_Baolong_2026_Q2_??????.csv,2.?????????????????????????? ??,????????????????????????????,OCI Reclassified to Profit or Loss,IS_OCI_OCI_RECL_PROF_LOSS,Income Statement,OCI,OCI Reclassified to Profit or Loss,,detail,N,1,-86005068.9,2026????????,CNY
Baolong,IS,yoy,2026Q2,current,603197_Baolong_2026_Q2_??????.csv,(6)????????????????????,????????????????????,Foreign Currency Translation Differences,IS_OCI_FORE_CURR_TRAN_DIFF,Income Statement,OCI Details,Foreign Currency Translation Differences,,detail,N,1,-86005068.9,2026????????,CNY
Baolong,IS,yoy,2026Q2,current,603197_Baolong_2026_Q2_??????.csv,(??)???????????????????????? ??????????????,??????????????????????????????????????,"OCI Attributable to Non-controlling Interests, Net of Tax",IS_OCI_TOTAL_OCI_ATTR_NON_CONT,Income Statement,OCI,"OCI Attributable to Non-controlling Interests, Net of Tax",,total,Y,1,-8206789.78,2026????????,CNY
Baolong,IS,yoy,2026Q2,current,603197_Baolong_2026_Q2_??????.csv,????????????????,????????????,Total Comprehensive Income,IS_CI_HDR,Income Statement,Comprehensive Income,Section Header,,header,N,0,195897855.4,2026????????,CNY
Baolong,IS,yoy,2026Q2,current,603197_Baolong_2026_Q2_??????.csv,(??)???????????????????????? ????????,????????????????????????????????,Total Comprehensive Income Attributable to Owners of the Parent,IS_CI_COMP_INCO_ATTR_OWNE,Income Statement,Comprehensive Income,Total Comprehensive Income Attributable to Owners of the Parent,,detail,N,1,177820984.7,2026????????,CNY
Baolong,IS,yoy,2026Q2,current,603197_Baolong_2026_Q2_??????.csv,(??)???????????????????????? ????,????????????????????????????,Total Comprehensive Income Attributable to Non-controlling Interests,IS_CI_COMP_INCO_ATTR_NON,Income Statement,Comprehensive Income,Total Comprehensive Income Attributable to Non-controlling Interests,,detail,N,1,18076870.69,2026????????,CNY
Baolong,IS,yoy,2026Q2,current,603197_Baolong_2026_Q2_??????.csv,(??)????????????(??/??),????????????(??/??),Basic EPS ,IS_EPS_BASIC,Income Statement,EPS,Basic EPS (RMB/share),,detail,N,1,1.24,2026????????,CNY
Baolong,IS,yoy,2026Q2,current,603197_Baolong_2026_Q2_??????.csv,(??)????????????(??/??),????????????(??/??),Diluted EPS,IS_EPS_DILUTED,Income Statement,EPS,Diluted EPS (RMB/share),,detail,N,1,1.23,2026????????,CNY
Baolong,IS,yoy,2025Q2,comparison,603197_Baolong_2026_Q2_??????.csv,??????????????,??????????,Total Operating Revenue,IS_TOT_REV,Income Statement,Revenue,Section Header,,header,N,0,3949720066,2025????????,CNY
Baolong,IS,yoy,2025Q2,comparison,603197_Baolong_2026_Q2_??????.csv,????:????????,????????,Revenue,IS_REV,Income Statement,Revenue,Operating Revenue,,detail,N,1,3949720066,2025????????,CNY
Baolong,IS,yoy,2025Q2,comparison,603197_Baolong_2026_Q2_??????.csv,??????????????,??????????,Total Operating Costs,IS_TOT_COST,Income Statement,Costs and Expenses,Section Header,,header,N,0,3746099886,2025????????,CNY
Baolong,IS,yoy,2025Q2,comparison,603197_Baolong_2026_Q2_??????.csv,????:????????,????????,Operating Costs,IS_COGS,Income Statement,Costs and Expenses,Operating Costs,,detail,N,-1,3088149134,2025????????,CNY
Baolong,IS,yoy,2025Q2,comparison,603197_Baolong_2026_Q2_??????.csv,??????????,??????????,Taxes and Surcharges,IS_COST_TAXE_SURC,Income Statement,Costs and Expenses,Taxes and Surcharges,,detail,N,-1,17802212.54,2025????????,CNY
Baolong,IS,yoy,2025Q2,comparison,603197_Baolong_2026_Q2_??????.csv,????????,????????,Selling Expenses,IS_COST_SELL_EXPE,Income Statement,Costs and Expenses,Selling Expenses,,detail,N,-1,120973378.4,2025????????,CNY
Baolong,IS,yoy,2025Q2,comparison,603197_Baolong_2026_Q2_??????.csv,????????,????????,Administrative Expenses,IS_COST_ADMI_EXPE,Income Statement,Costs and Expenses,Administrative Expenses,,detail,N,-1,210215927,2025????????,CNY
Baolong,IS,yoy,2025Q2,comparison,603197_Baolong_2026_Q2_??????.csv,????????,????????,Research and Development Expenses,IS_COST_RESE_DEVE_EXPE,Income Statement,Costs and Expenses,Research and Development Expenses,,detail,N,-1,291882425.8,2025????????,CNY
Baolong,IS,yoy,2025Q2,comparison,603197_Baolong_2026_Q2_??????.csv,????????,????????,Finance Costs,IS_COST_FINA_COST,Income Statement,Costs and Expenses,Finance Costs,,detail,N,-1,17076808.02,2025????????,CNY
Baolong,IS,yoy,2025Q2,comparison,603197_Baolong_2026_Q2_??????.csv,????:????????,????????,Interest Expense,IS_COST_INTE_EXPE,Income Statement,Costs and Expenses,Interest Expense,,detail,N,-1,24366135.95,2025????????,CNY
Baolong,IS,yoy,2025Q2,comparison,603197_Baolong_2026_Q2_??????.csv,????????,????????,Interest Income,IS_REV_INTE_INCO,Income Statement,Revenue,Interest Income,,detail,N,1,2725897.51,2025????????,CNY
Baolong,IS,yoy,2025Q2,comparison,603197_Baolong_2026_Q2_??????.csv,??:????????,????????,Other Income,IS_COST_OTHE_INCO,Income Statement,Costs and Expenses,Other Income,,detail,N,1,24166102.01,2025????????,CNY
Baolong,IS,yoy,2025Q2,comparison,603197_Baolong_2026_Q2_??????.csv,????????(????????-?????? ??),????????(????????-????????),Investment Income,IS_COST_INVE_INCO,Income Statement,Costs and Expenses,Investment Income,,detail,N,1,6241.38,2025????????,CNY
Baolong,IS,yoy,2025Q2,comparison,603197_Baolong_2026_Q2_??????.csv,????:???????????????????? ??????????,??????????????????????????????,Investment Income from Associates and Joint Ventures,IS_COST_INVE_INCO_INVE_INCO_ASSO_JOIN,Income Statement,Costs and Expenses,Investment Income from Associates and Joint Ventures,,detail,N,1,-4252904.04,2025????????,CNY
Baolong,IS,yoy,2025Q2,comparison,603197_Baolong_2026_Q2_??????.csv,????????????????(?????? ??-????????),????????????????(????????-????????),Fair Value Change Gains,IS_COST_FAIR_VALU_CHAN_GAIN,Income Statement,Costs and Expenses,Fair Value Change Gains,,detail,N,1,17495580.26,2025????????,CNY
Baolong,IS,yoy,2025Q2,comparison,603197_Baolong_2026_Q2_??????.csv,????????????(????????-?? ??????),????????????(????????-????????),Credit Impairment Losses,IS_COST_CRED_IMPA_LOSS,Income Statement,Costs and Expenses,Credit Impairment Losses,,detail,N,-1,-1375907.06,2025????????,CNY
Baolong,IS,yoy,2025Q2,comparison,603197_Baolong_2026_Q2_??????.csv,????????????(????????-?? ??????),????????????(????????-????????),Asset Impairment Losses,IS_COST_ASSE_IMPA_LOSS,Income Statement,Costs and Expenses,Asset Impairment Losses,,detail,N,-1,-15804153.74,2025????????,CNY
Baolong,IS,yoy,2025Q2,comparison,603197_Baolong_2026_Q2_??????.csv,????????????(????????-?? ??????),????????????(????????-????????),Gains on Disposal of Assets,IS_COST_GAIN_DISP_ASSE,Income Statement,Costs and Expenses,Gains on Disposal of Assets,,detail,N,1,796644,2025????????,CNY
Baolong,IS,yoy,2025Q2,comparison,603197_Baolong_2026_Q2_??????.csv,????????????(????????-?????? ??),????????(????????-????????),Operating Profit,IS_OP,Income Statement,Operating Profit,Section Header,,header,N,0,228904687,2025????????,CNY
Baolong,IS,yoy,2025Q2,comparison,603197_Baolong_2026_Q2_??????.csv,??:??????????,??????????,Non-operating Income,IS_OP_NON_OPER_INCO,Income Statement,Operating Profit,Non-operating Income,,detail,N,1,66971.38,2025????????,CNY
Baolong,IS,yoy,2025Q2,comparison,603197_Baolong_2026_Q2_??????.csv,??:??????????,??????????,Non-operating Expenses,IS_OP_NON_OPER_EXPE,Income Statement,Operating Profit,Non-operating Expenses,,detail,N,-1,1777382.74,2025????????,CNY
Baolong,IS,yoy,2025Q2,comparison,603197_Baolong_2026_Q2_??????.csv,????????????(????????????-???? ????),????????(????????????-????????),Total Profit,IS_PBT,Income Statement,Total Profit,Section Header,,header,N,0,227194275.6,2025????????,CNY
Baolong,IS,yoy,2025Q2,comparison,603197_Baolong_2026_Q2_??????.csv,??:??????????,??????????,Income Tax Expense,IS_TP_INCO_TAX_EXPE,Income Statement,Total Profit,Income Tax Expense,,detail,N,-1,68597599.46,2025????????,CNY
Baolong,IS,yoy,2025Q2,comparison,603197_Baolong_2026_Q2_??????.csv,??????????(??????????-?????? ??),??????(??????????-????????),Net Profit,IS_NP,Income Statement,Net Profit,Section Header,,header,N,0,158596676.2,2025????????,CNY
Baolong,IS,yoy,2025Q2,comparison,603197_Baolong_2026_Q2_??????.csv,1.??????????????(???????? ??-????????),??????????????(??????????-????????),Net Profit from Continuing Operations,IS_NP_PROF_CONT_OPER,Income Statement,Net Profit,Net Profit from Continuing Operations,,detail,N,1,158596676.2,2025????????,CNY
Baolong,IS,yoy,2025Q2,comparison,603197_Baolong_2026_Q2_??????.csv,1.???????????????????????? (??????????-????????),????????????????????????(??????????-????????),Net Profit Attributable to Owners of the Parent,IS_NP_PARENT,Income Statement,Net Profit,Net Profit Attributable to Owners of the Parent,,detail,N,1,134746726.8,2025????????,CNY
Baolong,IS,yoy,2025Q2,comparison,603197_Baolong_2026_Q2_??????.csv,2.????????????(???????? ??-????????),????????????(??????????-????????),Profit or Loss Attributable to Non-controlling Interests,IS_NCI_PL,Income Statement,Net Profit,Profit or Loss Attributable to Non-controlling Interests,,detail,N,1,23849949.39,2025????????,CNY
Baolong,IS,yoy,2025Q2,comparison,603197_Baolong_2026_Q2_??????.csv,??????????????????????????,??????????????????????,"OCI, Net of Tax",IS_OCI_HDR,Income Statement,OCI,Section Header,,header,N,0,51344960.86,2025????????,CNY
Baolong,IS,yoy,2025Q2,comparison,603197_Baolong_2026_Q2_??????.csv,(??)???????????????????????? ????????????????,????????????????????????????????????????,"OCI Attributable to Owners of the Parent, Net of Tax",IS_OCI_TOTAL_OCI_ATTR_OWNE_PARE,Income Statement,OCI,"OCI Attributable to Owners of the Parent, Net of Tax",,total,Y,1,50714417.31,2025????????,CNY
Baolong,IS,yoy,2025Q2,comparison,603197_Baolong_2026_Q2_??????.csv,2.?????????????????????????? ??,????????????????????????????,OCI Reclassified to Profit or Loss,IS_OCI_OCI_RECL_PROF_LOSS,Income Statement,OCI,OCI Reclassified to Profit or Loss,,detail,N,1,50714417.31,2025????????,CNY
Baolong,IS,yoy,2025Q2,comparison,603197_Baolong_2026_Q2_??????.csv,(6)????????????????????,????????????????????,Foreign Currency Translation Differences,IS_OCI_FORE_CURR_TRAN_DIFF,Income Statement,OCI Details,Foreign Currency Translation Differences,,detail,N,1,50714417.31,2025????????,CNY
Baolong,IS,yoy,2025Q2,comparison,603197_Baolong_2026_Q2_??????.csv,(??)???????????????????????? ??????????????,??????????????????????????????????????,"OCI Attributable to Non-controlling Interests, Net of Tax",IS_OCI_TOTAL_OCI_ATTR_NON_CONT,Income Statement,OCI,"OCI Attributable to Non-controlling Interests, Net of Tax",,total,Y,1,630543.55,2025????????,CNY
Baolong,IS,yoy,2025Q2,comparison,603197_Baolong_2026_Q2_??????.csv,????????????????,????????????,Total Comprehensive Income,IS_CI_HDR,Income Statement,Comprehensive Income,Section Header,,header,N,0,209941637,2025????????,CNY
Baolong,IS,yoy,2025Q2,comparison,603197_Baolong_2026_Q2_??????.csv,(??)???????????????????????? ????????,????????????????????????????????,Total Comprehensive Income Attributable to Owners of the Parent,IS_CI_COMP_INCO_ATTR_OWNE,Income Statement,Comprehensive Income,Total Comprehensive Income Attributable to Owners of the Parent,,detail,N,1,185461144.1,2025????????,CNY
Baolong,IS,yoy,2025Q2,comparison,603197_Baolong_2026_Q2_??????.csv,(??)???????????????????????? ????,????????????????????????????,Total Comprehensive Income Attributable to Non-controlling Interests,IS_CI_COMP_INCO_ATTR_NON,Income Statement,Comprehensive Income,Total Comprehensive Income Attributable to Non-controlling Interests,,detail,N,1,24480492.94,2025????????,CNY
Baolong,IS,yoy,2025Q2,comparison,603197_Baolong_2026_Q2_??????.csv,(??)????????????(??/??),????????????(??/??),Basic EPS ,IS_EPS_BASIC,Income Statement,EPS,Basic EPS (RMB/share),,detail,N,1,0.63,2025????????,CNY
Baolong,IS,yoy,2025Q2,comparison,603197_Baolong_2026_Q2_??????.csv,(??)????????????(??/??),????????????(??/??),Diluted EPS,IS_EPS_DILUTED,Income Statement,EPS,Diluted EPS (RMB/share),,detail,N,1,0.63,2025????????,CNY
BTL,IS,yoy,2026Q2,current,603596_BTL_2026_Q2_??????.csv,??????????????,??????????,Total Operating Revenue,IS_TOT_REV,Income Statement,Revenue,Section Header,,header,N,0,6271971695,2026????????,CNY
BTL,IS,yoy,2026Q2,current,603596_BTL_2026_Q2_??????.csv,????:????????,????????,Revenue,IS_REV,Income Statement,Revenue,Operating Revenue,,detail,N,1,6271971695,2026????????,CNY
BTL,IS,yoy,2026Q2,current,603596_BTL_2026_Q2_??????.csv,??????????????,??????????,Total Operating Costs,IS_TOT_COST,Income Statement,Costs and Expenses,Section Header,,header,N,0,5671800379,2026????????,CNY
BTL,IS,yoy,2026Q2,current,603596_BTL_2026_Q2_??????.csv,????:????????,????????,Operating Costs,IS_COGS,Income Statement,Costs and Expenses,Operating Costs,,detail,N,-1,5052338243,2026????????,CNY
BTL,IS,yoy,2026Q2,current,603596_BTL_2026_Q2_??????.csv,??????????,??????????,Taxes and Surcharges,IS_COST_TAXE_SURC,Income Statement,Costs and Expenses,Taxes and Surcharges,,detail,N,-1,31425904.15,2026????????,CNY
BTL,IS,yoy,2026Q2,current,603596_BTL_2026_Q2_??????.csv,????????,????????,Selling Expenses,IS_COST_SELL_EXPE,Income Statement,Costs and Expenses,Selling Expenses,,detail,N,-1,34576881.84,2026????????,CNY
BTL,IS,yoy,2026Q2,current,603596_BTL_2026_Q2_??????.csv,????????,????????,Administrative Expenses,IS_COST_ADMI_EXPE,Income Statement,Costs and Expenses,Administrative Expenses,,detail,N,-1,173143547,2026????????,CNY
BTL,IS,yoy,2026Q2,current,603596_BTL_2026_Q2_??????.csv,????????,????????,Research and Development Expenses,IS_COST_RESE_DEVE_EXPE,Income Statement,Costs and Expenses,Research and Development Expenses,,detail,N,-1,334471347.3,2026????????,CNY
BTL,IS,yoy,2026Q2,current,603596_BTL_2026_Q2_??????.csv,????????,????????,Finance Costs,IS_COST_FINA_COST,Income Statement,Costs and Expenses,Finance Costs,,detail,N,-1,45844455.45,2026????????,CNY
BTL,IS,yoy,2026Q2,current,603596_BTL_2026_Q2_??????.csv,????:????????,????????,Interest Expense,IS_COST_INTE_EXPE,Income Statement,Costs and Expenses,Interest Expense,,detail,N,-1,36563256.62,2026????????,CNY
BTL,IS,yoy,2026Q2,current,603596_BTL_2026_Q2_??????.csv,????????,????????,Interest Income,IS_REV_INTE_INCO,Income Statement,Revenue,Interest Income,,detail,N,1,12212969.54,2026????????,CNY
BTL,IS,yoy,2026Q2,current,603596_BTL_2026_Q2_??????.csv,??:????????,????????,Other Income,IS_COST_OTHE_INCO,Income Statement,Costs and Expenses,Other Income,,detail,N,1,73098902.2,2026????????,CNY
BTL,IS,yoy,2026Q2,current,603596_BTL_2026_Q2_??????.csv,????????(????????-?????? ??),????????(????????-????????),Investment Income,IS_COST_INVE_INCO,Income Statement,Costs and Expenses,Investment Income,,detail,N,1,54389630.11,2026????????,CNY
BTL,IS,yoy,2026Q2,current,603596_BTL_2026_Q2_??????.csv,????:?????????????????????? ????????,??????????????????????????????,Investment Income from Associates and Joint Ventures,IS_COST_INVE_INCO_INVE_INCO_ASSO_JOIN,Income Statement,Costs and Expenses,Investment Income from Associates and Joint Ventures,,detail,N,1,2777988.14,2026????????,CNY
BTL,IS,yoy,2026Q2,current,603596_BTL_2026_Q2_??????.csv,????????????????(?????? ??-????????),????????????????(????????-????????),Fair Value Change Gains,IS_COST_FAIR_VALU_CHAN_GAIN,Income Statement,Costs and Expenses,Fair Value Change Gains,,detail,N,1,20402848.19,2026????????,CNY
BTL,IS,yoy,2026Q2,current,603596_BTL_2026_Q2_??????.csv,????????????(????????-?????? ??),????????????(????????-????????),Credit Impairment Losses,IS_COST_CRED_IMPA_LOSS,Income Statement,Costs and Expenses,Credit Impairment Losses,,detail,N,-1,-12335244.88,2026????????,CNY
BTL,IS,yoy,2026Q2,current,603596_BTL_2026_Q2_??????.csv,????????????(????????-?????? ??),????????????(????????-????????),Asset Impairment Losses,IS_COST_ASSE_IMPA_LOSS,Income Statement,Costs and Expenses,Asset Impairment Losses,,detail,N,-1,-10280317.12,2026????????,CNY
BTL,IS,yoy,2026Q2,current,603596_BTL_2026_Q2_??????.csv,????????????(????????-???? ????),????????????(????????-????????),Gains on Disposal of Assets,IS_COST_GAIN_DISP_ASSE,Income Statement,Costs and Expenses,Gains on Disposal of Assets,,detail,N,1,-135887.59,2026????????,CNY
BTL,IS,yoy,2026Q2,current,603596_BTL_2026_Q2_??????.csv,????????????(????????-????????),????????(????????-????????),Operating Profit,IS_OP,Income Statement,Operating Profit,Section Header,,header,N,0,725311246.5,2026????????,CNY
BTL,IS,yoy,2026Q2,current,603596_BTL_2026_Q2_??????.csv,??:??????????,??????????,Non-operating Income,IS_OP_NON_OPER_INCO,Income Statement,Operating Profit,Non-operating Income,,detail,N,1,747168.09,2026????????,CNY
BTL,IS,yoy,2026Q2,current,603596_BTL_2026_Q2_??????.csv,??:??????????,??????????,Non-operating Expenses,IS_OP_NON_OPER_EXPE,Income Statement,Operating Profit,Non-operating Expenses,,detail,N,-1,2142760.61,2026????????,CNY
BTL,IS,yoy,2026Q2,current,603596_BTL_2026_Q2_??????.csv,????????????(????????????-?????? ??),????????(????????????-????????),Total Profit,IS_PBT,Income Statement,Total Profit,Section Header,,header,N,0,723915654,2026????????,CNY
BTL,IS,yoy,2026Q2,current,603596_BTL_2026_Q2_??????.csv,??:??????????,??????????,Income Tax Expense,IS_TP_INCO_TAX_EXPE,Income Statement,Total Profit,Income Tax Expense,,detail,N,-1,89326090.15,2026????????,CNY
BTL,IS,yoy,2026Q2,current,603596_BTL_2026_Q2_??????.csv,??????????(??????????-????????),??????(??????????-????????),Net Profit,IS_NP,Income Statement,Net Profit,Section Header,,header,N,0,634589563.8,2026????????,CNY
BTL,IS,yoy,2026Q2,current,603596_BTL_2026_Q2_??????.csv,1.??????????????(??????????-???? ????),??????????????(??????????-????????),Net Profit from Continuing Operations,IS_NP_PROF_CONT_OPER,Income Statement,Net Profit,Net Profit from Continuing Operations,,detail,N,1,634589563.8,2026????????,CNY
BTL,IS,yoy,2026Q2,current,603596_BTL_2026_Q2_??????.csv,1.????????????????????????(?? ????????-????????),????????????????????????(??????????-????????),Net Profit Attributable to Owners of the Parent,IS_NP_PARENT,Income Statement,Net Profit,Net Profit Attributable to Owners of the Parent,,detail,N,1,641482632.3,2026????????,CNY
BTL,IS,yoy,2026Q2,current,603596_BTL_2026_Q2_??????.csv,2.????????????(??????????-???? ????),????????????(??????????-????????),Profit or Loss Attributable to Non-controlling Interests,IS_NCI_PL,Income Statement,Net Profit,Profit or Loss Attributable to Non-controlling Interests,,detail,N,1,-6893068.49,2026????????,CNY
BTL,IS,yoy,2026Q2,current,603596_BTL_2026_Q2_??????.csv,??????????????????????????,??????????????????????,"OCI, Net of Tax",IS_OCI_HDR,Income Statement,OCI,Section Header,,header,N,0,-2898718.91,2026????????,CNY
BTL,IS,yoy,2026Q2,current,603596_BTL_2026_Q2_??????.csv,(??)?????????????????????????? ??????????????,????????????????????????????????????????,"OCI Attributable to Owners of the Parent, Net of Tax",IS_OCI_TOTAL_OCI_ATTR_OWNE_PARE,Income Statement,OCI,"OCI Attributable to Owners of the Parent, Net of Tax",,total,Y,1,-2812324.61,2026????????,CNY
BTL,IS,yoy,2026Q2,current,603596_BTL_2026_Q2_??????.csv,1.???????????????????????????? ??,??????????????????????????????,OCI Not Reclassified to Profit or Loss,IS_OCI_OCI_NOT_RECL_PROF,Income Statement,OCI,OCI Not Reclassified to Profit or Loss,,detail,N,1,1250184.53,2026????????,CNY
BTL,IS,yoy,2026Q2,current,603596_BTL_2026_Q2_??????.csv,(3)????????????????????????????,????????????????????????????,Fair Value Changes of Other Equity Instrument Investments,IS_OCI_FAIR_VALU_CHAN_OTHE,Income Statement,OCI Details,Fair Value Changes of Other Equity Instrument Investments,,detail,N,1,1250184.53,2026????????,CNY
BTL,IS,yoy,2026Q2,current,603596_BTL_2026_Q2_??????.csv,2.????????????????????????????,????????????????????????????,OCI Reclassified to Profit or Loss,IS_OCI_OCI_RECL_PROF_LOSS,Income Statement,OCI,OCI Reclassified to Profit or Loss,,detail,N,1,-4062509.14,2026????????,CNY
BTL,IS,yoy,2026Q2,current,603596_BTL_2026_Q2_??????.csv,(6)????????????????????,????????????????????,Foreign Currency Translation Differences,IS_OCI_FORE_CURR_TRAN_DIFF,Income Statement,OCI Details,Foreign Currency Translation Differences,,detail,N,1,-4062509.14,2026????????,CNY
BTL,IS,yoy,2026Q2,current,603596_BTL_2026_Q2_??????.csv,(??)?????????????????????????? ????????????,??????????????????????????????????????,"OCI Attributable to Non-controlling Interests, Net of Tax",IS_OCI_TOTAL_OCI_ATTR_NON_CONT,Income Statement,OCI,"OCI Attributable to Non-controlling Interests, Net of Tax",,total,Y,1,-86394.3,2026????????,CNY
BTL,IS,yoy,2026Q2,current,603596_BTL_2026_Q2_??????.csv,????????????????,????????????,Total Comprehensive Income,IS_CI_HDR,Income Statement,Comprehensive Income,Section Header,,header,N,0,631690844.9,2026????????,CNY
BTL,IS,yoy,2026Q2,current,603596_BTL_2026_Q2_??????.csv,(??)?????????????????????????? ??????,????????????????????????????????,Total Comprehensive Income Attributable to Owners of the Parent,IS_CI_COMP_INCO_ATTR_OWNE,Income Statement,Comprehensive Income,Total Comprehensive Income Attributable to Owners of the Parent,,detail,N,1,638670307.7,2026????????,CNY
BTL,IS,yoy,2026Q2,current,603596_BTL_2026_Q2_??????.csv,(??)?????????????????????????? ??,????????????????????????????,Total Comprehensive Income Attributable to Non-controlling Interests,IS_CI_COMP_INCO_ATTR_NON,Income Statement,Comprehensive Income,Total Comprehensive Income Attributable to Non-controlling Interests,,detail,N,1,-6979462.79,2026????????,CNY
BTL,IS,yoy,2026Q2,current,603596_BTL_2026_Q2_??????.csv,(??)????????????(??/??),????????????(??/??),Basic EPS ,IS_EPS_BASIC,Income Statement,EPS,Basic EPS (RMB/share),,detail,N,1,0.71,2026????????,CNY
BTL,IS,yoy,2026Q2,current,603596_BTL_2026_Q2_??????.csv,(??)????????????(??/??),????????????(??/??),Diluted EPS,IS_EPS_DILUTED,Income Statement,EPS,Diluted EPS (RMB/share),,detail,N,1,0.69,2026????????,CNY
BTL,IS,yoy,2025Q2,comparison,603596_BTL_2026_Q2_??????.csv,??????????????,??????????,Total Operating Revenue,IS_TOT_REV,Income Statement,Revenue,Section Header,,header,N,0,5163806310,2025????????,CNY
BTL,IS,yoy,2025Q2,comparison,603596_BTL_2026_Q2_??????.csv,????:????????,????????,Revenue,IS_REV,Income Statement,Revenue,Operating Revenue,,detail,N,1,5163806310,2025????????,CNY
BTL,IS,yoy,2025Q2,comparison,603596_BTL_2026_Q2_??????.csv,??????????????,??????????,Total Operating Costs,IS_TOT_COST,Income Statement,Costs and Expenses,Section Header,,header,N,0,4643965059,2025????????,CNY
BTL,IS,yoy,2025Q2,comparison,603596_BTL_2026_Q2_??????.csv,????:????????,????????,Operating Costs,IS_COGS,Income Statement,Costs and Expenses,Operating Costs,,detail,N,-1,4205168807,2025????????,CNY
BTL,IS,yoy,2025Q2,comparison,603596_BTL_2026_Q2_??????.csv,??????????,??????????,Taxes and Surcharges,IS_COST_TAXE_SURC,Income Statement,Costs and Expenses,Taxes and Surcharges,,detail,N,-1,20314279.91,2025????????,CNY
BTL,IS,yoy,2025Q2,comparison,603596_BTL_2026_Q2_??????.csv,????????,????????,Selling Expenses,IS_COST_SELL_EXPE,Income Statement,Costs and Expenses,Selling Expenses,,detail,N,-1,25606494.15,2025????????,CNY
BTL,IS,yoy,2025Q2,comparison,603596_BTL_2026_Q2_??????.csv,????????,????????,Administrative Expenses,IS_COST_ADMI_EXPE,Income Statement,Costs and Expenses,Administrative Expenses,,detail,N,-1,135376324.5,2025????????,CNY
BTL,IS,yoy,2025Q2,comparison,603596_BTL_2026_Q2_??????.csv,????????,????????,Research and Development Expenses,IS_COST_RESE_DEVE_EXPE,Income Statement,Costs and Expenses,Research and Development Expenses,,detail,N,-1,286047375.5,2025????????,CNY
BTL,IS,yoy,2025Q2,comparison,603596_BTL_2026_Q2_??????.csv,????????,????????,Finance Costs,IS_COST_FINA_COST,Income Statement,Costs and Expenses,Finance Costs,,detail,N,-1,-28548222.14,2025????????,CNY
BTL,IS,yoy,2025Q2,comparison,603596_BTL_2026_Q2_??????.csv,????:????????,????????,Interest Expense,IS_COST_INTE_EXPE,Income Statement,Costs and Expenses,Interest Expense,,detail,N,-1,1252608.96,2025????????,CNY
BTL,IS,yoy,2025Q2,comparison,603596_BTL_2026_Q2_??????.csv,????????,????????,Interest Income,IS_REV_INTE_INCO,Income Statement,Revenue,Interest Income,,detail,N,1,28094983.11,2025????????,CNY
BTL,IS,yoy,2025Q2,comparison,603596_BTL_2026_Q2_??????.csv,??:????????,????????,Other Income,IS_COST_OTHE_INCO,Income Statement,Costs and Expenses,Other Income,,detail,N,1,69589773.98,2025????????,CNY
BTL,IS,yoy,2025Q2,comparison,603596_BTL_2026_Q2_??????.csv,????????(????????-?????? ??),????????(????????-????????),Investment Income,IS_COST_INVE_INCO,Income Statement,Costs and Expenses,Investment Income,,detail,N,1,-8332703.13,2025????????,CNY
BTL,IS,yoy,2025Q2,comparison,603596_BTL_2026_Q2_??????.csv,????????????????(?????? ??-????????),????????????????(????????-????????),Fair Value Change Gains,IS_COST_FAIR_VALU_CHAN_GAIN,Income Statement,Costs and Expenses,Fair Value Change Gains,,detail,N,1,2704011.91,2025????????,CNY
BTL,IS,yoy,2025Q2,comparison,603596_BTL_2026_Q2_??????.csv,????????????(????????-?????? ??),????????????(????????-????????),Credit Impairment Losses,IS_COST_CRED_IMPA_LOSS,Income Statement,Costs and Expenses,Credit Impairment Losses,,detail,N,-1,24467820,2025????????,CNY
BTL,IS,yoy,2025Q2,comparison,603596_BTL_2026_Q2_??????.csv,????????????(????????-?????? ??),????????????(????????-????????),Asset Impairment Losses,IS_COST_ASSE_IMPA_LOSS,Income Statement,Costs and Expenses,Asset Impairment Losses,,detail,N,-1,-2600914.58,2025????????,CNY
BTL,IS,yoy,2025Q2,comparison,603596_BTL_2026_Q2_??????.csv,????????????(????????-???? ????),????????????(????????-????????),Gains on Disposal of Assets,IS_COST_GAIN_DISP_ASSE,Income Statement,Costs and Expenses,Gains on Disposal of Assets,,detail,N,1,736643.84,2025????????,CNY
BTL,IS,yoy,2025Q2,comparison,603596_BTL_2026_Q2_??????.csv,????????????(????????-????????),????????(????????-????????),Operating Profit,IS_OP,Income Statement,Operating Profit,Section Header,,header,N,0,606405883.6,2025????????,CNY
BTL,IS,yoy,2025Q2,comparison,603596_BTL_2026_Q2_??????.csv,??:??????????,??????????,Non-operating Income,IS_OP_NON_OPER_INCO,Income Statement,Operating Profit,Non-operating Income,,detail,N,1,770895.6,2025????????,CNY
BTL,IS,yoy,2025Q2,comparison,603596_BTL_2026_Q2_??????.csv,??:??????????,??????????,Non-operating Expenses,IS_OP_NON_OPER_EXPE,Income Statement,Operating Profit,Non-operating Expenses,,detail,N,-1,1617564.64,2025????????,CNY
BTL,IS,yoy,2025Q2,comparison,603596_BTL_2026_Q2_??????.csv,????????????(????????????-?????? ??),????????(????????????-????????),Total Profit,IS_PBT,Income Statement,Total Profit,Section Header,,header,N,0,605559214.6,2025????????,CNY
BTL,IS,yoy,2025Q2,comparison,603596_BTL_2026_Q2_??????.csv,??:??????????,??????????,Income Tax Expense,IS_TP_INCO_TAX_EXPE,Income Statement,Total Profit,Income Tax Expense,,detail,N,-1,80323077.28,2025????????,CNY
BTL,IS,yoy,2025Q2,comparison,603596_BTL_2026_Q2_??????.csv,??????????(??????????-????????),??????(??????????-????????),Net Profit,IS_NP,Income Statement,Net Profit,Section Header,,header,N,0,525236137.3,2025????????,CNY
BTL,IS,yoy,2025Q2,comparison,603596_BTL_2026_Q2_??????.csv,1.??????????????(??????????-???? ????),??????????????(??????????-????????),Net Profit from Continuing Operations,IS_NP_PROF_CONT_OPER,Income Statement,Net Profit,Net Profit from Continuing Operations,,detail,N,1,525236137.3,2025????????,CNY
BTL,IS,yoy,2025Q2,comparison,603596_BTL_2026_Q2_??????.csv,1.????????????????????????(?? ????????-????????),????????????????????????(??????????-????????),Net Profit Attributable to Owners of the Parent,IS_NP_PARENT,Income Statement,Net Profit,Net Profit Attributable to Owners of the Parent,,detail,N,1,522338575.8,2025????????,CNY
BTL,IS,yoy,2025Q2,comparison,603596_BTL_2026_Q2_??????.csv,2.????????????(??????????-???? ????),????????????(??????????-????????),Profit or Loss Attributable to Non-controlling Interests,IS_NCI_PL,Income Statement,Net Profit,Profit or Loss Attributable to Non-controlling Interests,,detail,N,1,2897561.49,2025????????,CNY
BTL,IS,yoy,2025Q2,comparison,603596_BTL_2026_Q2_??????.csv,??????????????????????????,??????????????????????,"OCI, Net of Tax",IS_OCI_HDR,Income Statement,OCI,Section Header,,header,N,0,92645970.06,2025????????,CNY
BTL,IS,yoy,2025Q2,comparison,603596_BTL_2026_Q2_??????.csv,(??)?????????????????????????? ??????????????,????????????????????????????????????????,"OCI Attributable to Owners of the Parent, Net of Tax",IS_OCI_TOTAL_OCI_ATTR_OWNE_PARE,Income Statement,OCI,"OCI Attributable to Owners of the Parent, Net of Tax",,total,Y,1,92645970.06,2025????????,CNY
BTL,IS,yoy,2025Q2,comparison,603596_BTL_2026_Q2_??????.csv,2.????????????????????????????,????????????????????????????,OCI Reclassified to Profit or Loss,IS_OCI_OCI_RECL_PROF_LOSS,Income Statement,OCI,OCI Reclassified to Profit or Loss,,detail,N,1,92645970.06,2025????????,CNY
BTL,IS,yoy,2025Q2,comparison,603596_BTL_2026_Q2_??????.csv,(6)????????????????????,????????????????????,Foreign Currency Translation Differences,IS_OCI_FORE_CURR_TRAN_DIFF,Income Statement,OCI Details,Foreign Currency Translation Differences,,detail,N,1,92645970.06,2025????????,CNY
BTL,IS,yoy,2025Q2,comparison,603596_BTL_2026_Q2_??????.csv,????????????????,????????????,Total Comprehensive Income,IS_CI_HDR,Income Statement,Comprehensive Income,Section Header,,header,N,0,617882107.3,2025????????,CNY
BTL,IS,yoy,2025Q2,comparison,603596_BTL_2026_Q2_??????.csv,(??)?????????????????????????? ??????,????????????????????????????????,Total Comprehensive Income Attributable to Owners of the Parent,IS_CI_COMP_INCO_ATTR_OWNE,Income Statement,Comprehensive Income,Total Comprehensive Income Attributable to Owners of the Parent,,detail,N,1,614984545.8,2025????????,CNY
BTL,IS,yoy,2025Q2,comparison,603596_BTL_2026_Q2_??????.csv,(??)?????????????????????????? ??,????????????????????????????,Total Comprehensive Income Attributable to Non-controlling Interests,IS_CI_COMP_INCO_ATTR_NON,Income Statement,Comprehensive Income,Total Comprehensive Income Attributable to Non-controlling Interests,,detail,N,1,2897561.49,2025????????,CNY
BTL,IS,yoy,2025Q2,comparison,603596_BTL_2026_Q2_??????.csv,(??)????????????(??/??),????????????(??/??),Basic EPS ,IS_EPS_BASIC,Income Statement,EPS,Basic EPS (RMB/share),,detail,N,1,0.58,2025????????,CNY
BTL,IS,yoy,2025Q2,comparison,603596_BTL_2026_Q2_??????.csv,(??)????????????(??/??),????????????(??/??),Diluted EPS,IS_EPS_DILUTED,Income Statement,EPS,Diluted EPS (RMB/share),,detail,N,1,0.58,2025????????,CNY
Luxshare,CF,yoy,2026Q2,current,002475_Luxshare_2026_Q2_??????????.csv,????????????????????????????,????????????????????????????,Cash Received from Sale of Goods and Services,CF_OPA_IN_CASH_RECE_SALE_GOOD,Cash Flow,Operating Activities - Cash Inflows,Cash Received from Sale of Goods and Services,,detail,N,1,1.75E+11,????????,CNY
Luxshare,CF,yoy,2026Q2,current,002475_Luxshare_2026_Q2_??????????.csv,??????????????,??????????????,Tax Refunds Received,CF_OPA_IN_TAX_REFU_RECE,Cash Flow,Operating Activities - Cash Inflows,Tax Refunds Received,,detail,N,1,3519384422,????????,CNY
Luxshare,CF,yoy,2026Q2,current,002475_Luxshare_2026_Q2_??????????.csv,????????????????????????????,????????????????????????????,Other Cash Received from Operating Activities,CF_OPA_IN_OTHE_CASH_RECE_OPER,Cash Flow,Operating Activities - Cash Inflows,Other Cash Received from Operating Activities,,detail,N,1,3031295284,????????,CNY
Luxshare,CF,yoy,2026Q2,current,002475_Luxshare_2026_Q2_??????????.csv,????????????????????,????????????????????,Operating Cash Inflows Subtotal,CF_OPA_TOTAL_OPER_CASH_INFL_SUBT,Cash Flow,Operating Activities,Cash Inflows Subtotal,,total,Y,1,1.81E+11,????????,CNY
Luxshare,CF,yoy,2026Q2,current,002475_Luxshare_2026_Q2_??????????.csv,????????????????????????????,????????????????????????????,Cash Paid for Purchase of Goods and Services,CF_OPA_OUT_CASH_PAID_PURC_GOOD,Cash Flow,Operating Activities - Cash Outflows,Cash Paid for Purchase of Goods and Services,,detail,N,-1,1.58E+11,????????,CNY
Luxshare,CF,yoy,2026Q2,current,002475_Luxshare_2026_Q2_??????????.csv,??????????????????????????????,??????????????????????????????,Cash Paid to and for Employees,CF_OPA_OUT_CASH_PAID_EMPL,Cash Flow,Operating Activities - Cash Outflows,Cash Paid to and for Employees,,detail,N,-1,20877195744,????????,CNY
Luxshare,CF,yoy,2026Q2,current,002475_Luxshare_2026_Q2_??????????.csv,??????????????,??????????????,Taxes Paid,CF_OPA_OUT_TAXE_PAID,Cash Flow,Operating Activities - Cash Outflows,Taxes Paid,,detail,N,-1,2626919560,????????,CNY
Luxshare,CF,yoy,2026Q2,current,002475_Luxshare_2026_Q2_??????????.csv,????????????????????????????,????????????????????????????,Other Cash Paid for Operating Activities,CF_OPA_OUT_OTHE_CASH_PAID_OPER,Cash Flow,Operating Activities - Cash Outflows,Other Cash Paid for Operating Activities,,detail,N,-1,2123737529,????????,CNY
Luxshare,CF,yoy,2026Q2,current,002475_Luxshare_2026_Q2_??????????.csv,????????????????????,????????????????????,Operating Cash Outflows Subtotal,CF_OPA_TOTAL_OPER_CASH_OUTF_SUBT,Cash Flow,Operating Activities,Cash Outflows Subtotal,,total,Y,1,1.84E+11,????????,CNY
Luxshare,CF,yoy,2026Q2,current,002475_Luxshare_2026_Q2_??????????.csv,??????????????????????????,??????????????????????????,Net Cash from Operating Activities,CF_OP_NET,Cash Flow,Operating Activities,Net Cash from Operating Activities,,total,Y,1,-2445863006,????????,CNY
Luxshare,CF,yoy,2026Q2,current,002475_Luxshare_2026_Q2_??????????.csv,??????????????????,??????????????????,Cash Received from Investment Recovery,CF_INA_IN_CASH_RECE_INVE_RECO,Cash Flow,Investing Activities - Cash Inflows,Cash Received from Investment Recovery,,detail,N,1,37841110603,????????,CNY
Luxshare,CF,yoy,2026Q2,current,002475_Luxshare_2026_Q2_??????????.csv,??????????????????????,??????????????????????,Cash Received from Investment Income,CF_INA_IN_CASH_RECE_INVE_INCO,Cash Flow,Investing Activities - Cash Inflows,Cash Received from Investment Income,,detail,N,1,1577143016,????????,CNY
Luxshare,CF,yoy,2026Q2,current,002475_Luxshare_2026_Q2_??????????.csv,????????????????????????????????????????????????????????????????????????????????????????,????????????????????????????????????????????????????????????????????????????????????????,Net Cash Received from Disposal of Long-term Assets,CF_INA_IN_TOTAL_CASH_RECE_DISP_LONG,Cash Flow,Investing Activities - Cash Inflows,Net Cash Received from Disposal of Long-term Assets,,total,Y,1,44134191.02,????????,CNY
Luxshare,CF,yoy,2026Q2,current,002475_Luxshare_2026_Q2_??????????.csv,????????????????????????????,????????????????????????????,Other Cash Received from Investing Activities,CF_INA_IN_OTHE_CASH_RECE_INVE,Cash Flow,Investing Activities - Cash Inflows,Other Cash Received from Investing Activities,,detail,N,1,264616250,????????,CNY
Luxshare,CF,yoy,2026Q2,current,002475_Luxshare_2026_Q2_??????????.csv,????????????????????,????????????????????,Investing Cash Inflows Subtotal,CF_INA_TOTAL_INVE_CASH_INFL_SUBT,Cash Flow,Investing Activities,Cash Inflows Subtotal,,total,Y,1,39727004060,????????,CNY
Luxshare,CF,yoy,2026Q2,current,002475_Luxshare_2026_Q2_??????????.csv,??????????????????????????????????????????????,??????????????????????????????????????????????,Cash Paid for Acquisition and Construction of Long-term Assets,CF_INA_OUT_CASH_PAID_ACQU_CONS,Cash Flow,Investing Activities - Cash Outflows,Cash Paid for Acquisition and Construction of Long-term Assets,,detail,N,-1,10269608443,????????,CNY
Luxshare,CF,yoy,2026Q2,current,002475_Luxshare_2026_Q2_??????????.csv,??????????????????????????????,??????????????????????????????,Cash Paid for Investments & Net Increase in Pledged Loans,CF_INA_OUT_CASH_PAID_INVE_PLEDGED,Cash Flow,Investing Activities - Cash Outflows,Cash Paid for Investments,,detail,N,-1,57185085149,????????,CNY
Luxshare,CF,yoy,2026Q2,current,002475_Luxshare_2026_Q2_??????????.csv,??????????????????????????????????????,??????????????????????????????????????,Net Cash Paid for Acquisition of Subsidiaries and Other Business Units,CF_INA_OUT_TOTAL_CASH_PAID_ACQU_SUBS,Cash Flow,Investing Activities - Cash Outflows,Net Cash Paid for Acquisition of Subsidiaries and Other Business Units,,total,Y,-1,652250976.9,????????,CNY
Luxshare,CF,yoy,2026Q2,current,002475_Luxshare_2026_Q2_??????????.csv,????????????????????????????,????????????????????????????,Other Cash Paid for Investing Activities,CF_INA_OUT_OTHE_CASH_PAID_INVE,Cash Flow,Investing Activities - Cash Outflows,Other Cash Paid for Investing Activities,,detail,N,-1,1665673403,????????,CNY
Luxshare,CF,yoy,2026Q2,current,002475_Luxshare_2026_Q2_??????????.csv,????????????????????,????????????????????,Investing Cash Outflows Subtotal,CF_INA_TOTAL_INVE_CASH_OUTF_SUBT,Cash Flow,Investing Activities,Cash Outflows Subtotal,,total,Y,1,69120366995,????????,CNY
Luxshare,CF,yoy,2026Q2,current,002475_Luxshare_2026_Q2_??????????.csv,??????????????????????????,??????????????????????????,Net Cash from Investing Activities,CF_INV_NET,Cash Flow,Investing Activities,Net Cash from Investing Activities,,total,Y,1,-29393362935,????????,CNY
Luxshare,CF,yoy,2026Q2,current,002475_Luxshare_2026_Q2_??????????.csv,??????????????????,??????????????????,Cash Received from Capital Contributions,CF_FIA_IN_CASH_RECE_CAPI_CONT,Cash Flow,Financing Activities - Cash Inflows,Cash Received from Capital Contributions,,detail,N,1,5116362018,????????,CNY
Luxshare,CF,yoy,2026Q2,current,002475_Luxshare_2026_Q2_??????????.csv,????:????????????????????????????????,????????????????????????????????,Cash Received by Subsidiaries from Non-controlling Shareholders,CF_FIA_IN_CASH_RECE_CAPI_CONT_CASH_RECE_SUBS_NON,Cash Flow,Financing Activities - Cash Inflows,Cash Received by Subsidiaries from Non-controlling Shareholders,,detail,N,1,4167413684,????????,CNY
Luxshare,CF,yoy,2026Q2,current,002475_Luxshare_2026_Q2_??????????.csv,??????????????????,??????????????????,Cash Received from Borrowings,CF_FIA_IN_CASH_RECE_BORR,Cash Flow,Financing Activities - Cash Inflows,Cash Received from Borrowings,,detail,N,1,1.00E+11,????????,CNY
Luxshare,CF,yoy,2026Q2,current,002475_Luxshare_2026_Q2_??????????.csv,????????????????????????????,????????????????????????????,Other Cash Received from Financing Activities,CF_FIA_IN_OTHE_CASH_RECE_FINA,Cash Flow,Financing Activities - Cash Inflows,Other Cash Received from Financing Activities,,detail,N,1,7400000000,????????,CNY
Luxshare,CF,yoy,2026Q2,current,002475_Luxshare_2026_Q2_??????????.csv,????????????????????,????????????????????,Financing Cash Inflows Subtotal,CF_FIA_TOTAL_FINA_CASH_INFL_SUBT,Cash Flow,Financing Activities,Cash Inflows Subtotal,,total,Y,1,1.13E+11,????????,CNY
Luxshare,CF,yoy,2026Q2,current,002475_Luxshare_2026_Q2_??????????.csv,??????????????????,??????????????????,Cash Paid for Debt Repayment,CF_FIA_OUT_CASH_PAID_DEBT_REPA,Cash Flow,Financing Activities - Cash Outflows,Cash Paid for Debt Repayment,,detail,N,-1,62313837431,????????,CNY
Luxshare,CF,yoy,2026Q2,current,002475_Luxshare_2026_Q2_??????????.csv,??????????????????????????????????,??????????????????????????????????,"Cash Paid for Dividends, Profit Distribution or Interest",CF_FIA_OUT_CASH_PAID_DIVI_PROF,Cash Flow,Financing Activities - Cash Outflows,"Cash Paid for Dividends, Profit Distribution or Interest",,detail,N,-1,2250813154,????????,CNY
Luxshare,CF,yoy,2026Q2,current,002475_Luxshare_2026_Q2_??????????.csv,????:????????????????????????????????,????????????????????????????????,Dividends and Profits Paid by Subsidiaries to Non-controlling Shareholders,CF_FIA_OUT_CASH_PAID_DIVI_PROF_DIVI_PROF_PAID_SUBS,Cash Flow,Financing Activities - Cash Outflows,Dividends and Profits Paid by Subsidiaries to Non-controlling Shareholders,,detail,N,-1,1256196.28,????????,CNY
Luxshare,CF,yoy,2026Q2,current,002475_Luxshare_2026_Q2_??????????.csv,????????????????????????????,????????????????????????????,Other Cash Paid for Financing Activities,CF_FIA_OUT_OTHE_CASH_PAID_FINA,Cash Flow,Financing Activities - Cash Outflows,Other Cash Paid for Financing Activities,,detail,N,-1,3350129232,????????,CNY
Luxshare,CF,yoy,2026Q2,current,002475_Luxshare_2026_Q2_??????????.csv,????????????????????,????????????????????,Financing Cash Outflows Subtotal,CF_FIA_TOTAL_FINA_CASH_OUTF_SUBT,Cash Flow,Financing Activities,Cash Outflows Subtotal,,total,Y,1,67914779817,????????,CNY
Luxshare,CF,yoy,2026Q2,current,002475_Luxshare_2026_Q2_??????????.csv,??????????????????????????,??????????????????????????,Net Cash from Financing Activities,CF_FIN_NET,Cash Flow,Financing Activities,Net Cash from Financing Activities,,total,Y,1,44938572382,????????,CNY
Luxshare,CF,yoy,2026Q2,current,002475_Luxshare_2026_Q2_??????????.csv,????????????????????????????????????,????????????????????????????????,FX Impact on Cash and Cash Equivalents,CF_FX_HDR,Cash Flow,FX,Section Header,,header,N,0,-1399362921,????????,CNY
Luxshare,CF,yoy,2026Q2,current,002475_Luxshare_2026_Q2_??????????.csv,????????????????????????????,????????????????????????,Net Increase in Cash and Cash Equivalents,CF_NET_CASH_CHANGE,Cash Flow,Net Cash Change,Section Header,,header,N,0,11699983520,????????,CNY
Luxshare,CF,yoy,2026Q2,current,002475_Luxshare_2026_Q2_??????????.csv,??:????????????????????????,????????????????????????,Opening Cash and Cash Equivalents,CF_OPENING_CASH_BAL,Cash Flow,Cash Balance,Opening Cash and Cash Equivalents,,detail,N,1,59340612951,????????,CNY
Luxshare,CF,yoy,2026Q2,current,002475_Luxshare_2026_Q2_??????????.csv,????????????????????????????,????????????????????????,Ending Cash and Cash Equivalents,CF_ENDING_CASH_BAL,Cash Flow,Cash Balance,Section Header,,header,N,0,71040596471,????????,CNY
Luxshare,CF,yoy,2025Q2,comparison,002475_Luxshare_2026_Q2_??????????.csv,????????????????????????????,????????????????????????????,Cash Received from Sale of Goods and Services,CF_OPA_IN_CASH_RECE_SALE_GOOD,Cash Flow,Operating Activities - Cash Inflows,Cash Received from Sale of Goods and Services,,detail,N,1,1.27E+11,????????,CNY
Luxshare,CF,yoy,2025Q2,comparison,002475_Luxshare_2026_Q2_??????????.csv,??????????????,??????????????,Tax Refunds Received,CF_OPA_IN_TAX_REFU_RECE,Cash Flow,Operating Activities - Cash Inflows,Tax Refunds Received,,detail,N,1,5219467130,????????,CNY
Luxshare,CF,yoy,2025Q2,comparison,002475_Luxshare_2026_Q2_??????????.csv,????????????????????????????,????????????????????????????,Other Cash Received from Operating Activities,CF_OPA_IN_OTHE_CASH_RECE_OPER,Cash Flow,Operating Activities - Cash Inflows,Other Cash Received from Operating Activities,,detail,N,1,1343867978,????????,CNY
Luxshare,CF,yoy,2025Q2,comparison,002475_Luxshare_2026_Q2_??????????.csv,????????????????????,????????????????????,Operating Cash Inflows Subtotal,CF_OPA_TOTAL_OPER_CASH_INFL_SUBT,Cash Flow,Operating Activities,Cash Inflows Subtotal,,total,Y,1,1.33E+11,????????,CNY
Luxshare,CF,yoy,2025Q2,comparison,002475_Luxshare_2026_Q2_??????????.csv,????????????????????????????,????????????????????????????,Cash Paid for Purchase of Goods and Services,CF_OPA_OUT_CASH_PAID_PURC_GOOD,Cash Flow,Operating Activities - Cash Outflows,Cash Paid for Purchase of Goods and Services,,detail,N,-1,1.18E+11,????????,CNY
Luxshare,CF,yoy,2025Q2,comparison,002475_Luxshare_2026_Q2_??????????.csv,??????????????????????????????,??????????????????????????????,Cash Paid to and for Employees,CF_OPA_OUT_CASH_PAID_EMPL,Cash Flow,Operating Activities - Cash Outflows,Cash Paid to and for Employees,,detail,N,-1,13664410970,????????,CNY
Luxshare,CF,yoy,2025Q2,comparison,002475_Luxshare_2026_Q2_??????????.csv,??????????????,??????????????,Taxes Paid,CF_OPA_OUT_TAXE_PAID,Cash Flow,Operating Activities - Cash Outflows,Taxes Paid,,detail,N,-1,1824084091,????????,CNY
Luxshare,CF,yoy,2025Q2,comparison,002475_Luxshare_2026_Q2_??????????.csv,????????????????????????????,????????????????????????????,Other Cash Paid for Operating Activities,CF_OPA_OUT_OTHE_CASH_PAID_OPER,Cash Flow,Operating Activities - Cash Outflows,Other Cash Paid for Operating Activities,,detail,N,-1,1415208999,????????,CNY
Luxshare,CF,yoy,2025Q2,comparison,002475_Luxshare_2026_Q2_??????????.csv,????????????????????,????????????????????,Operating Cash Outflows Subtotal,CF_OPA_TOTAL_OPER_CASH_OUTF_SUBT,Cash Flow,Operating Activities,Cash Outflows Subtotal,,total,Y,1,1.35E+11,????????,CNY
Luxshare,CF,yoy,2025Q2,comparison,002475_Luxshare_2026_Q2_??????????.csv,??????????????????????????,??????????????????????????,Net Cash from Operating Activities,CF_OP_NET,Cash Flow,Operating Activities,Net Cash from Operating Activities,,total,Y,1,-1657810282,????????,CNY
Luxshare,CF,yoy,2025Q2,comparison,002475_Luxshare_2026_Q2_??????????.csv,??????????????????,??????????????????,Cash Received from Investment Recovery,CF_INA_IN_CASH_RECE_INVE_RECO,Cash Flow,Investing Activities - Cash Inflows,Cash Received from Investment Recovery,,detail,N,1,50712233405,????????,CNY
Luxshare,CF,yoy,2025Q2,comparison,002475_Luxshare_2026_Q2_??????????.csv,??????????????????????,??????????????????????,Cash Received from Investment Income,CF_INA_IN_CASH_RECE_INVE_INCO,Cash Flow,Investing Activities - Cash Inflows,Cash Received from Investment Income,,detail,N,1,1736293308,????????,CNY
Luxshare,CF,yoy,2025Q2,comparison,002475_Luxshare_2026_Q2_??????????.csv,????????????????????????????????????????????????????????????????????????????????????????,????????????????????????????????????????????????????????????????????????????????????????,Net Cash Received from Disposal of Long-term Assets,CF_INA_IN_TOTAL_CASH_RECE_DISP_LONG,Cash Flow,Investing Activities - Cash Inflows,Net Cash Received from Disposal of Long-term Assets,,total,Y,1,88041110.62,????????,CNY
Luxshare,CF,yoy,2025Q2,comparison,002475_Luxshare_2026_Q2_??????????.csv,????????????????????????????,????????????????????????????,Other Cash Received from Investing Activities,CF_INA_IN_OTHE_CASH_RECE_INVE,Cash Flow,Investing Activities - Cash Inflows,Other Cash Received from Investing Activities,,detail,N,1,97739018.08,????????,CNY
Luxshare,CF,yoy,2025Q2,comparison,002475_Luxshare_2026_Q2_??????????.csv,????????????????????,????????????????????,Investing Cash Inflows Subtotal,CF_INA_TOTAL_INVE_CASH_INFL_SUBT,Cash Flow,Investing Activities,Cash Inflows Subtotal,,total,Y,1,52634306841,????????,CNY
Luxshare,CF,yoy,2025Q2,comparison,002475_Luxshare_2026_Q2_??????????.csv,??????????????????????????????????????????????,??????????????????????????????????????????????,Cash Paid for Acquisition and Construction of Long-term Assets,CF_INA_OUT_CASH_PAID_ACQU_CONS,Cash Flow,Investing Activities - Cash Outflows,Cash Paid for Acquisition and Construction of Long-term Assets,,detail,N,-1,9527627040,????????,CNY
Luxshare,CF,yoy,2025Q2,comparison,002475_Luxshare_2026_Q2_??????????.csv,??????????????????????????????,??????????????????????????????,Cash Paid for Investments & Net Increase in Pledged Loans,CF_INA_OUT_CASH_PAID_INVE_PLEDGED,Cash Flow,Investing Activities - Cash Outflows,Cash Paid for Investments,,detail,N,-1,55849907587,????????,CNY
Luxshare,CF,yoy,2025Q2,comparison,002475_Luxshare_2026_Q2_??????????.csv,????????????????????????????,????????????????????????????,Other Cash Paid for Investing Activities,CF_INA_OUT_OTHE_CASH_PAID_INVE,Cash Flow,Investing Activities - Cash Outflows,Other Cash Paid for Investing Activities,,detail,N,-1,2436577749,????????,CNY
Luxshare,CF,yoy,2025Q2,comparison,002475_Luxshare_2026_Q2_??????????.csv,????????????????????,????????????????????,Investing Cash Outflows Subtotal,CF_INA_TOTAL_INVE_CASH_OUTF_SUBT,Cash Flow,Investing Activities,Cash Outflows Subtotal,,total,Y,1,68466363353,????????,CNY
Luxshare,CF,yoy,2025Q2,comparison,002475_Luxshare_2026_Q2_??????????.csv,??????????????????????????,??????????????????????????,Net Cash from Investing Activities,CF_INV_NET,Cash Flow,Investing Activities,Net Cash from Investing Activities,,total,Y,1,-15832056512,????????,CNY
Luxshare,CF,yoy,2025Q2,comparison,002475_Luxshare_2026_Q2_??????????.csv,??????????????????,??????????????????,Cash Received from Capital Contributions,CF_FIA_IN_CASH_RECE_CAPI_CONT,Cash Flow,Financing Activities - Cash Inflows,Cash Received from Capital Contributions,,detail,N,1,723779793.6,????????,CNY
Luxshare,CF,yoy,2025Q2,comparison,002475_Luxshare_2026_Q2_??????????.csv,????:????????????????????????????????,????????????????????????????????,Cash Received by Subsidiaries from Non-controlling Shareholders,CF_FIA_IN_CASH_RECE_CAPI_CONT_CASH_RECE_SUBS_NON,Cash Flow,Financing Activities - Cash Inflows,Cash Received by Subsidiaries from Non-controlling Shareholders,,detail,N,1,444852697.6,????????,CNY
Luxshare,CF,yoy,2025Q2,comparison,002475_Luxshare_2026_Q2_??????????.csv,??????????????????,??????????????????,Cash Received from Borrowings,CF_FIA_IN_CASH_RECE_BORR,Cash Flow,Financing Activities - Cash Inflows,Cash Received from Borrowings,,detail,N,1,62171845329,????????,CNY
Luxshare,CF,yoy,2025Q2,comparison,002475_Luxshare_2026_Q2_??????????.csv,????????????????????????????,????????????????????????????,Other Cash Received from Financing Activities,CF_FIA_IN_OTHE_CASH_RECE_FINA,Cash Flow,Financing Activities - Cash Inflows,Other Cash Received from Financing Activities,,detail,N,1,5200000000,????????,CNY
Luxshare,CF,yoy,2025Q2,comparison,002475_Luxshare_2026_Q2_??????????.csv,????????????????????,????????????????????,Financing Cash Inflows Subtotal,CF_FIA_TOTAL_FINA_CASH_INFL_SUBT,Cash Flow,Financing Activities,Cash Inflows Subtotal,,total,Y,1,68095625122,????????,CNY
Luxshare,CF,yoy,2025Q2,comparison,002475_Luxshare_2026_Q2_??????????.csv,??????????????????,??????????????????,Cash Paid for Debt Repayment,CF_FIA_OUT_CASH_PAID_DEBT_REPA,Cash Flow,Financing Activities - Cash Outflows,Cash Paid for Debt Repayment,,detail,N,-1,34997282422,????????,CNY
Luxshare,CF,yoy,2025Q2,comparison,002475_Luxshare_2026_Q2_??????????.csv,??????????????????????????????????,??????????????????????????????????,"Cash Paid for Dividends, Profit Distribution or Interest",CF_FIA_OUT_CASH_PAID_DIVI_PROF,Cash Flow,Financing Activities - Cash Outflows,"Cash Paid for Dividends, Profit Distribution or Interest",,detail,N,-1,923838731.3,????????,CNY
Luxshare,CF,yoy,2025Q2,comparison,002475_Luxshare_2026_Q2_??????????.csv,????:????????????????????????????????,????????????????????????????????,Dividends and Profits Paid by Subsidiaries to Non-controlling Shareholders,CF_FIA_OUT_CASH_PAID_DIVI_PROF_DIVI_PROF_PAID_SUBS,Cash Flow,Financing Activities - Cash Outflows,Dividends and Profits Paid by Subsidiaries to Non-controlling Shareholders,,detail,N,-1,55714887.83,????????,CNY
Luxshare,CF,yoy,2025Q2,comparison,002475_Luxshare_2026_Q2_??????????.csv,????????????????????????????,????????????????????????????,Other Cash Paid for Financing Activities,CF_FIA_OUT_OTHE_CASH_PAID_FINA,Cash Flow,Financing Activities - Cash Outflows,Other Cash Paid for Financing Activities,,detail,N,-1,6012887899,????????,CNY
Luxshare,CF,yoy,2025Q2,comparison,002475_Luxshare_2026_Q2_??????????.csv,????????????????????,????????????????????,Financing Cash Outflows Subtotal,CF_FIA_TOTAL_FINA_CASH_OUTF_SUBT,Cash Flow,Financing Activities,Cash Outflows Subtotal,,total,Y,1,41934009052,????????,CNY
Luxshare,CF,yoy,2025Q2,comparison,002475_Luxshare_2026_Q2_??????????.csv,??????????????????????????,??????????????????????????,Net Cash from Financing Activities,CF_FIN_NET,Cash Flow,Financing Activities,Net Cash from Financing Activities,,total,Y,1,26161616070,????????,CNY
Luxshare,CF,yoy,2025Q2,comparison,002475_Luxshare_2026_Q2_??????????.csv,????????????????????????????????????,????????????????????????????????,FX Impact on Cash and Cash Equivalents,CF_FX_HDR,Cash Flow,FX,Section Header,,header,N,0,546278350.4,????????,CNY
Luxshare,CF,yoy,2025Q2,comparison,002475_Luxshare_2026_Q2_??????????.csv,????????????????????????????,????????????????????????,Net Increase in Cash and Cash Equivalents,CF_NET_CASH_CHANGE,Cash Flow,Net Cash Change,Section Header,,header,N,0,9218027626,????????,CNY
Luxshare,CF,yoy,2025Q2,comparison,002475_Luxshare_2026_Q2_??????????.csv,??:????????????????????????,????????????????????????,Opening Cash and Cash Equivalents,CF_OPENING_CASH_BAL,Cash Flow,Cash Balance,Opening Cash and Cash Equivalents,,detail,N,1,47267103006,????????,CNY
Luxshare,CF,yoy,2025Q2,comparison,002475_Luxshare_2026_Q2_??????????.csv,????????????????????????????,????????????????????????,Ending Cash and Cash Equivalents,CF_ENDING_CASH_BAL,Cash Flow,Cash Balance,Section Header,,header,N,0,56485130632,????????,CNY
HASCO,CF,yoy,2026Q2,current,600741_HASCO_2026_Q2_??????????.csv,????????????????????????????,????????????????????????????,Cash Received from Sale of Goods and Services,CF_OPA_IN_CASH_RECE_SALE_GOOD,Cash Flow,Operating Activities - Cash Inflows,Cash Received from Sale of Goods and Services,,detail,N,1,68357069415,2026????????,CNY
HASCO,CF,yoy,2026Q2,current,600741_HASCO_2026_Q2_??????????.csv,??????????????,??????????????,Tax Refunds Received,CF_OPA_IN_TAX_REFU_RECE,Cash Flow,Operating Activities - Cash Inflows,Tax Refunds Received,,detail,N,1,293979907.7,2026????????,CNY
HASCO,CF,yoy,2026Q2,current,600741_HASCO_2026_Q2_??????????.csv,????????????????????????????,????????????????????????????,Other Cash Received from Operating Activities,CF_OPA_IN_OTHE_CASH_RECE_OPER,Cash Flow,Operating Activities - Cash Inflows,Other Cash Received from Operating Activities,,detail,N,1,956330052.3,2026????????,CNY
HASCO,CF,yoy,2026Q2,current,600741_HASCO_2026_Q2_??????????.csv,????????????????????,????????????????????,Operating Cash Inflows Subtotal,CF_OPA_TOTAL_OPER_CASH_INFL_SUBT,Cash Flow,Operating Activities,Cash Inflows Subtotal,,total,Y,1,69607379375,2026????????,CNY
HASCO,CF,yoy,2026Q2,current,600741_HASCO_2026_Q2_??????????.csv,????????????????????????????,????????????????????????????,Cash Paid for Purchase of Goods and Services,CF_OPA_OUT_CASH_PAID_PURC_GOOD,Cash Flow,Operating Activities - Cash Outflows,Cash Paid for Purchase of Goods and Services,,detail,N,-1,43739752241,2026????????,CNY
HASCO,CF,yoy,2026Q2,current,600741_HASCO_2026_Q2_??????????.csv,????????????????????????????,????????????????????????????,Cash Paid to and for Employees,CF_OPA_OUT_CASH_PAID_EMPL,Cash Flow,Operating Activities - Cash Outflows,Cash Paid to and for Employees,,detail,N,-1,10583898687,2026????????,CNY
HASCO,CF,yoy,2026Q2,current,600741_HASCO_2026_Q2_??????????.csv,??????????????,??????????????,Taxes Paid,CF_OPA_OUT_TAXE_PAID,Cash Flow,Operating Activities - Cash Outflows,Taxes Paid,,detail,N,-1,3673637468,2026????????,CNY
HASCO,CF,yoy,2026Q2,current,600741_HASCO_2026_Q2_??????????.csv,????????????????????????????,????????????????????????????,Other Cash Paid for Operating Activities,CF_OPA_OUT_OTHE_CASH_PAID_OPER,Cash Flow,Operating Activities - Cash Outflows,Other Cash Paid for Operating Activities,,detail,N,-1,3641806942,2026????????,CNY
HASCO,CF,yoy,2026Q2,current,600741_HASCO_2026_Q2_??????????.csv,????????????????????,????????????????????,Operating Cash Outflows Subtotal,CF_OPA_TOTAL_OPER_CASH_OUTF_SUBT,Cash Flow,Operating Activities,Cash Outflows Subtotal,,total,Y,1,61639095338,2026????????,CNY
HASCO,CF,yoy,2026Q2,current,600741_HASCO_2026_Q2_??????????.csv,??????????????????????????,??????????????????????????,Net Cash from Operating Activities,CF_OP_NET,Cash Flow,Operating Activities,Net Cash from Operating Activities,,total,Y,1,7968284037,2026????????,CNY
HASCO,CF,yoy,2026Q2,current,600741_HASCO_2026_Q2_??????????.csv,??????????????????,??????????????????,Cash Received from Investment Recovery,CF_INA_IN_CASH_RECE_INVE_RECO,Cash Flow,Investing Activities - Cash Inflows,Cash Received from Investment Recovery,,detail,N,1,785614762.9,2026????????,CNY
HASCO,CF,yoy,2026Q2,current,600741_HASCO_2026_Q2_??????????.csv,??????????????????????,??????????????????????,Cash Received from Investment Income,CF_INA_IN_CASH_RECE_INVE_INCO,Cash Flow,Investing Activities - Cash Inflows,Cash Received from Investment Income,,detail,N,1,1228377886,2026????????,CNY
HASCO,CF,yoy,2026Q2,current,600741_HASCO_2026_Q2_??????????.csv,?????????????????????????????????? ????????????????,??????????????????????????????????????????????????,Net Cash Received from Disposal of Long-term Assets,CF_INA_IN_TOTAL_CASH_RECE_DISP_LONG,Cash Flow,Investing Activities - Cash Inflows,Net Cash Received from Disposal of Long-term Assets,,total,Y,1,106276027,2026????????,CNY
HASCO,CF,yoy,2026Q2,current,600741_HASCO_2026_Q2_??????????.csv,????????????????????,????????????????????,Investing Cash Inflows Subtotal,CF_INA_TOTAL_INVE_CASH_INFL_SUBT,Cash Flow,Investing Activities,Cash Inflows Subtotal,,total,Y,1,2120268676,2026????????,CNY
HASCO,CF,yoy,2026Q2,current,600741_HASCO_2026_Q2_??????????.csv,?????????????????????????????????? ????????????,??????????????????????????????????????????????,Cash Paid for Acquisition and Construction of Long-term Assets,CF_INA_OUT_CASH_PAID_ACQU_CONS,Cash Flow,Investing Activities - Cash Outflows,Cash Paid for Acquisition and Construction of Long-term Assets,,detail,N,-1,2413029604,2026????????,CNY
HASCO,CF,yoy,2026Q2,current,600741_HASCO_2026_Q2_??????????.csv,??????????????,??????????????,Cash Paid for Investments,CF_INA_OUT_CASH_PAID_INVE,Cash Flow,Investing Activities - Cash Outflows,Cash Paid for Investments,,detail,N,-1,4755462898,2026????????,CNY
HASCO,CF,yoy,2026Q2,current,600741_HASCO_2026_Q2_??????????.csv,????????????????????????????,????????????????????????????,Other Cash Paid for Investing Activities,CF_INA_OUT_OTHE_CASH_PAID_INVE,Cash Flow,Investing Activities - Cash Outflows,Other Cash Paid for Investing Activities,,detail,N,-1,195258416.3,2026????????,CNY
HASCO,CF,yoy,2026Q2,current,600741_HASCO_2026_Q2_??????????.csv,????????????????????,????????????????????,Investing Cash Outflows Subtotal,CF_INA_TOTAL_INVE_CASH_OUTF_SUBT,Cash Flow,Investing Activities,Cash Outflows Subtotal,,total,Y,1,7363750919,2026????????,CNY
HASCO,CF,yoy,2026Q2,current,600741_HASCO_2026_Q2_??????????.csv,??????????????????????????,??????????????????????????,Net Cash from Investing Activities,CF_INV_NET,Cash Flow,Investing Activities,Net Cash from Investing Activities,,total,Y,1,-5243482242,2026????????,CNY
HASCO,CF,yoy,2026Q2,current,600741_HASCO_2026_Q2_??????????.csv,??????????????????,??????????????????,Cash Received from Capital Contributions,CF_FIA_IN_CASH_RECE_CAPI_CONT,Cash Flow,Financing Activities - Cash Inflows,Cash Received from Capital Contributions,,detail,N,1,568500000,2026????????,CNY
HASCO,CF,yoy,2026Q2,current,600741_HASCO_2026_Q2_??????????.csv,????:???????????????????????????? ????,????????????????????????????????,Cash Received by Subsidiaries from Non-controlling Shareholders,CF_FIA_IN_CASH_RECE_CAPI_CONT_CASH_RECE_SUBS_NON,Cash Flow,Financing Activities - Cash Inflows,Cash Received by Subsidiaries from Non-controlling Shareholders,,detail,N,1,568500000,2026????????,CNY
HASCO,CF,yoy,2026Q2,current,600741_HASCO_2026_Q2_??????????.csv,??????????????????,??????????????????,Cash Received from Borrowings,CF_FIA_IN_CASH_RECE_BORR,Cash Flow,Financing Activities - Cash Inflows,Cash Received from Borrowings,,detail,N,1,4558524333,2026????????,CNY
HASCO,CF,yoy,2026Q2,current,600741_HASCO_2026_Q2_??????????.csv,????????????????????,????????????????????,Financing Cash Inflows Subtotal,CF_FIA_TOTAL_FINA_CASH_INFL_SUBT,Cash Flow,Financing Activities,Cash Inflows Subtotal,,total,Y,1,5127024333,2026????????,CNY
HASCO,CF,yoy,2026Q2,current,600741_HASCO_2026_Q2_??????????.csv,??????????????????,??????????????????,Cash Paid for Debt Repayment,CF_FIA_OUT_CASH_PAID_DEBT_REPA,Cash Flow,Financing Activities - Cash Outflows,Cash Paid for Debt Repayment,,detail,N,-1,6332037420,2026????????,CNY
HASCO,CF,yoy,2026Q2,current,600741_HASCO_2026_Q2_??????????.csv,??????????????????????????????????,??????????????????????????????????,"Cash Paid for Dividends, Profit Distribution or Interest",CF_FIA_OUT_CASH_PAID_DIVI_PROF,Cash Flow,Financing Activities - Cash Outflows,"Cash Paid for Dividends, Profit Distribution or Interest",,detail,N,-1,828058214.5,2026????????,CNY
HASCO,CF,yoy,2026Q2,current,600741_HASCO_2026_Q2_??????????.csv,????:???????????????????????????? ????,????????????????????????????????,Dividends and Profits Paid by Subsidiaries to Non-controlling Shareholders,CF_FIA_OUT_CASH_PAID_DIVI_PROF_DIVI_PROF_PAID_SUBS,Cash Flow,Financing Activities - Cash Outflows,Dividends and Profits Paid by Subsidiaries to Non-controlling Shareholders,,detail,N,-1,537547656.4,2026????????,CNY
HASCO,CF,yoy,2026Q2,current,600741_HASCO_2026_Q2_??????????.csv,????????????????????????????,????????????????????????????,Other Cash Paid for Financing Activities,CF_FIA_OUT_OTHE_CASH_PAID_FINA,Cash Flow,Financing Activities - Cash Outflows,Other Cash Paid for Financing Activities,,detail,N,-1,850743639.6,2026????????,CNY
HASCO,CF,yoy,2026Q2,current,600741_HASCO_2026_Q2_??????????.csv,????????????????????,????????????????????,Financing Cash Outflows Subtotal,CF_FIA_TOTAL_FINA_CASH_OUTF_SUBT,Cash Flow,Financing Activities,Cash Outflows Subtotal,,total,Y,1,8010839274,2026????????,CNY
HASCO,CF,yoy,2026Q2,current,600741_HASCO_2026_Q2_??????????.csv,??????????????????????????,??????????????????????????,Net Cash from Financing Activities,CF_FIN_NET,Cash Flow,Financing Activities,Net Cash from Financing Activities,,total,Y,1,-2883814941,2026????????,CNY
HASCO,CF,yoy,2026Q2,current,600741_HASCO_2026_Q2_??????????.csv,????????????????????????????????????,????????????????????????????????,FX Impact on Cash and Cash Equivalents,CF_FX_HDR,Cash Flow,FX,Section Header,,header,N,0,-58205604.79,2026????????,CNY
HASCO,CF,yoy,2026Q2,current,600741_HASCO_2026_Q2_??????????.csv,????????????????????????????,????????????????????????,Net Increase in Cash and Cash Equivalents,CF_NET_CASH_CHANGE,Cash Flow,Net Cash Change,Section Header,,header,N,0,-217218751.2,2026????????,CNY
HASCO,CF,yoy,2026Q2,current,600741_HASCO_2026_Q2_??????????.csv,??:????????????????????????,????????????????????????,Opening Cash and Cash Equivalents,CF_OPENING_CASH_BAL,Cash Flow,Cash Balance,Opening Cash and Cash Equivalents,,detail,N,1,36535074549,2026????????,CNY
HASCO,CF,yoy,2026Q2,current,600741_HASCO_2026_Q2_??????????.csv,????????????????????????????,????????????????????????,Ending Cash and Cash Equivalents,CF_ENDING_CASH_BAL,Cash Flow,Cash Balance,Section Header,,header,N,0,36317855798,2026????????,CNY
HASCO,CF,yoy,2025Q2,comparison,600741_HASCO_2026_Q2_??????????.csv,????????????????????????????,????????????????????????????,Cash Received from Sale of Goods and Services,CF_OPA_IN_CASH_RECE_SALE_GOOD,Cash Flow,Operating Activities - Cash Inflows,Cash Received from Sale of Goods and Services,,detail,N,1,65134411959,2025????????(??????),CNY
HASCO,CF,yoy,2025Q2,comparison,600741_HASCO_2026_Q2_??????????.csv,??????????????,??????????????,Tax Refunds Received,CF_OPA_IN_TAX_REFU_RECE,Cash Flow,Operating Activities - Cash Inflows,Tax Refunds Received,,detail,N,1,265209102.2,2025????????(??????),CNY
HASCO,CF,yoy,2025Q2,comparison,600741_HASCO_2026_Q2_??????????.csv,????????????????????????????,????????????????????????????,Other Cash Received from Operating Activities,CF_OPA_IN_OTHE_CASH_RECE_OPER,Cash Flow,Operating Activities - Cash Inflows,Other Cash Received from Operating Activities,,detail,N,1,557482018.5,2025????????(??????),CNY
HASCO,CF,yoy,2025Q2,comparison,600741_HASCO_2026_Q2_??????????.csv,????????????????????,????????????????????,Operating Cash Inflows Subtotal,CF_OPA_TOTAL_OPER_CASH_INFL_SUBT,Cash Flow,Operating Activities,Cash Inflows Subtotal,,total,Y,1,65957103080,2025????????(??????),CNY
HASCO,CF,yoy,2025Q2,comparison,600741_HASCO_2026_Q2_??????????.csv,????????????????????????????,????????????????????????????,Cash Paid for Purchase of Goods and Services,CF_OPA_OUT_CASH_PAID_PURC_GOOD,Cash Flow,Operating Activities - Cash Outflows,Cash Paid for Purchase of Goods and Services,,detail,N,-1,41910940109,2025????????(??????),CNY
HASCO,CF,yoy,2025Q2,comparison,600741_HASCO_2026_Q2_??????????.csv,????????????????????????????,????????????????????????????,Cash Paid to and for Employees,CF_OPA_OUT_CASH_PAID_EMPL,Cash Flow,Operating Activities - Cash Outflows,Cash Paid to and for Employees,,detail,N,-1,10093842709,2025????????(??????),CNY
HASCO,CF,yoy,2025Q2,comparison,600741_HASCO_2026_Q2_??????????.csv,??????????????,??????????????,Taxes Paid,CF_OPA_OUT_TAXE_PAID,Cash Flow,Operating Activities - Cash Outflows,Taxes Paid,,detail,N,-1,3241802409,2025????????(??????),CNY
HASCO,CF,yoy,2025Q2,comparison,600741_HASCO_2026_Q2_??????????.csv,????????????????????????????,????????????????????????????,Other Cash Paid for Operating Activities,CF_OPA_OUT_OTHE_CASH_PAID_OPER,Cash Flow,Operating Activities - Cash Outflows,Other Cash Paid for Operating Activities,,detail,N,-1,3881823260,2025????????(??????),CNY
HASCO,CF,yoy,2025Q2,comparison,600741_HASCO_2026_Q2_??????????.csv,????????????????????,????????????????????,Operating Cash Outflows Subtotal,CF_OPA_TOTAL_OPER_CASH_OUTF_SUBT,Cash Flow,Operating Activities,Cash Outflows Subtotal,,total,Y,1,59128408487,2025????????(??????),CNY
HASCO,CF,yoy,2025Q2,comparison,600741_HASCO_2026_Q2_??????????.csv,??????????????????????????,??????????????????????????,Net Cash from Operating Activities,CF_OP_NET,Cash Flow,Operating Activities,Net Cash from Operating Activities,,total,Y,1,6828694593,2025????????(??????),CNY
HASCO,CF,yoy,2025Q2,comparison,600741_HASCO_2026_Q2_??????????.csv,??????????????????,??????????????????,Cash Received from Investment Recovery,CF_INA_IN_CASH_RECE_INVE_RECO,Cash Flow,Investing Activities - Cash Inflows,Cash Received from Investment Recovery,,detail,N,1,297172750,2025????????(??????),CNY
HASCO,CF,yoy,2025Q2,comparison,600741_HASCO_2026_Q2_??????????.csv,??????????????????????,??????????????????????,Cash Received from Investment Income,CF_INA_IN_CASH_RECE_INVE_INCO,Cash Flow,Investing Activities - Cash Inflows,Cash Received from Investment Income,,detail,N,1,1516809924,2025????????(??????),CNY
HASCO,CF,yoy,2025Q2,comparison,600741_HASCO_2026_Q2_??????????.csv,?????????????????????????????????? ????????????????,??????????????????????????????????????????????????,Net Cash Received from Disposal of Long-term Assets,CF_INA_IN_TOTAL_CASH_RECE_DISP_LONG,Cash Flow,Investing Activities - Cash Inflows,Net Cash Received from Disposal of Long-term Assets,,total,Y,1,38243347.48,2025????????(??????),CNY
HASCO,CF,yoy,2025Q2,comparison,600741_HASCO_2026_Q2_??????????.csv,?????????????????????????????????? ????,??????????????????????????????????????,Net Cash Received from Disposal of Subsidiaries and Other Business Units,CF_INA_IN_TOTAL_CASH_RECE_DISP_SUBS,Cash Flow,Investing Activities - Cash Inflows,Net Cash Received from Disposal of Subsidiaries and Other Business Units,,total,Y,1,14000000,2025????????(??????),CNY
HASCO,CF,yoy,2025Q2,comparison,600741_HASCO_2026_Q2_??????????.csv,????????????????????,????????????????????,Investing Cash Inflows Subtotal,CF_INA_TOTAL_INVE_CASH_INFL_SUBT,Cash Flow,Investing Activities,Cash Inflows Subtotal,,total,Y,1,1866226022,2025????????(??????),CNY
HASCO,CF,yoy,2025Q2,comparison,600741_HASCO_2026_Q2_??????????.csv,?????????????????????????????????? ????????????,??????????????????????????????????????????????,Cash Paid for Acquisition and Construction of Long-term Assets,CF_INA_OUT_CASH_PAID_ACQU_CONS,Cash Flow,Investing Activities - Cash Outflows,Cash Paid for Acquisition and Construction of Long-term Assets,,detail,N,-1,1466547841,2025????????(??????),CNY
HASCO,CF,yoy,2025Q2,comparison,600741_HASCO_2026_Q2_??????????.csv,??????????????,??????????????,Cash Paid for Investments,CF_INA_OUT_CASH_PAID_INVE,Cash Flow,Investing Activities - Cash Outflows,Cash Paid for Investments,,detail,N,-1,100000000,2025????????(??????),CNY
HASCO,CF,yoy,2025Q2,comparison,600741_HASCO_2026_Q2_??????????.csv,????????????????????,????????????????????,Investing Cash Outflows Subtotal,CF_INA_TOTAL_INVE_CASH_OUTF_SUBT,Cash Flow,Investing Activities,Cash Outflows Subtotal,,total,Y,1,1566547841,2025????????(??????),CNY
HASCO,CF,yoy,2025Q2,comparison,600741_HASCO_2026_Q2_??????????.csv,??????????????????????????,??????????????????????????,Net Cash from Investing Activities,CF_INV_NET,Cash Flow,Investing Activities,Net Cash from Investing Activities,,total,Y,1,299678180.2,2025????????(??????),CNY
HASCO,CF,yoy,2025Q2,comparison,600741_HASCO_2026_Q2_??????????.csv,??????????????????,??????????????????,Cash Received from Borrowings,CF_FIA_IN_CASH_RECE_BORR,Cash Flow,Financing Activities - Cash Inflows,Cash Received from Borrowings,,detail,N,1,4289027525,2025????????(??????),CNY
HASCO,CF,yoy,2025Q2,comparison,600741_HASCO_2026_Q2_??????????.csv,????????????????????,????????????????????,Financing Cash Inflows Subtotal,CF_FIA_TOTAL_FINA_CASH_INFL_SUBT,Cash Flow,Financing Activities,Cash Inflows Subtotal,,total,Y,1,4289027525,2025????????(??????),CNY
HASCO,CF,yoy,2025Q2,comparison,600741_HASCO_2026_Q2_??????????.csv,??????????????????,??????????????????,Cash Paid for Debt Repayment,CF_FIA_OUT_CASH_PAID_DEBT_REPA,Cash Flow,Financing Activities - Cash Outflows,Cash Paid for Debt Repayment,,detail,N,-1,4222746972,2025????????(??????),CNY
HASCO,CF,yoy,2025Q2,comparison,600741_HASCO_2026_Q2_??????????.csv,??????????????????????????????????,??????????????????????????????????,"Cash Paid for Dividends, Profit Distribution or Interest",CF_FIA_OUT_CASH_PAID_DIVI_PROF,Cash Flow,Financing Activities - Cash Outflows,"Cash Paid for Dividends, Profit Distribution or Interest",,detail,N,-1,866953014.4,2025????????(??????),CNY
HASCO,CF,yoy,2025Q2,comparison,600741_HASCO_2026_Q2_??????????.csv,????:???????????????????????????? ????,????????????????????????????????,Dividends and Profits Paid by Subsidiaries to Non-controlling Shareholders,CF_FIA_OUT_CASH_PAID_DIVI_PROF_DIVI_PROF_PAID_SUBS,Cash Flow,Financing Activities - Cash Outflows,Dividends and Profits Paid by Subsidiaries to Non-controlling Shareholders,,detail,N,-1,540058926.6,2025????????(??????),CNY
HASCO,CF,yoy,2025Q2,comparison,600741_HASCO_2026_Q2_??????????.csv,????????????????????????????,????????????????????????????,Other Cash Paid for Financing Activities,CF_FIA_OUT_OTHE_CASH_PAID_FINA,Cash Flow,Financing Activities - Cash Outflows,Other Cash Paid for Financing Activities,,detail,N,-1,555935837.2,2025????????(??????),CNY
HASCO,CF,yoy,2025Q2,comparison,600741_HASCO_2026_Q2_??????????.csv,????????????????????,????????????????????,Financing Cash Outflows Subtotal,CF_FIA_TOTAL_FINA_CASH_OUTF_SUBT,Cash Flow,Financing Activities,Cash Outflows Subtotal,,total,Y,1,5645635823,2025????????(??????),CNY
HASCO,CF,yoy,2025Q2,comparison,600741_HASCO_2026_Q2_??????????.csv,??????????????????????????,??????????????????????????,Net Cash from Financing Activities,CF_FIN_NET,Cash Flow,Financing Activities,Net Cash from Financing Activities,,total,Y,1,-1356608298,2025????????(??????),CNY
HASCO,CF,yoy,2025Q2,comparison,600741_HASCO_2026_Q2_??????????.csv,????????????????????????????????????,????????????????????????????????,FX Impact on Cash and Cash Equivalents,CF_FX_HDR,Cash Flow,FX,Section Header,,header,N,0,37439835.23,2025????????(??????),CNY
HASCO,CF,yoy,2025Q2,comparison,600741_HASCO_2026_Q2_??????????.csv,????????????????????????????,????????????????????????,Net Increase in Cash and Cash Equivalents,CF_NET_CASH_CHANGE,Cash Flow,Net Cash Change,Section Header,,header,N,0,5809204310,2025????????(??????),CNY
HASCO,CF,yoy,2025Q2,comparison,600741_HASCO_2026_Q2_??????????.csv,??:????????????????????????,????????????????????????,Opening Cash and Cash Equivalents,CF_OPENING_CASH_BAL,Cash Flow,Cash Balance,Opening Cash and Cash Equivalents,,detail,N,1,34485958519,2025????????(??????),CNY
HASCO,CF,yoy,2025Q2,comparison,600741_HASCO_2026_Q2_??????????.csv,????????????????????????????,????????????????????????,Ending Cash and Cash Equivalents,CF_ENDING_CASH_BAL,Cash Flow,Cash Balance,Section Header,,header,N,0,40295162829,2025????????(??????),CNY
Tuopu,CF,yoy,2026Q2,current,601689_Tuopu_2026_Q2_??????????.csv,????????????????????????????,????????????????????????????,Cash Received from Sale of Goods and Services,CF_OPA_IN_CASH_RECE_SALE_GOOD,Cash Flow,Operating Activities - Cash Inflows,Cash Received from Sale of Goods and Services,,detail,N,1,14126411024,2026????????,CNY
Tuopu,CF,yoy,2026Q2,current,601689_Tuopu_2026_Q2_??????????.csv,??????????????,??????????????,Tax Refunds Received,CF_OPA_IN_TAX_REFU_RECE,Cash Flow,Operating Activities - Cash Inflows,Tax Refunds Received,,detail,N,1,339714886.6,2026????????,CNY
Tuopu,CF,yoy,2026Q2,current,601689_Tuopu_2026_Q2_??????????.csv,????????????????????????????,????????????????????????????,Other Cash Received from Operating Activities,CF_OPA_IN_OTHE_CASH_RECE_OPER,Cash Flow,Operating Activities - Cash Inflows,Other Cash Received from Operating Activities,,detail,N,1,152442436.3,2026????????,CNY
Tuopu,CF,yoy,2026Q2,current,601689_Tuopu_2026_Q2_??????????.csv,????????????????????,????????????????????,Operating Cash Inflows Subtotal,CF_OPA_TOTAL_OPER_CASH_INFL_SUBT,Cash Flow,Operating Activities,Cash Inflows Subtotal,,total,Y,1,14618568347,2026????????,CNY
Tuopu,CF,yoy,2026Q2,current,601689_Tuopu_2026_Q2_??????????.csv,????????????????????????????,????????????????????????????,Cash Paid for Purchase of Goods and Services,CF_OPA_OUT_CASH_PAID_PURC_GOOD,Cash Flow,Operating Activities - Cash Outflows,Cash Paid for Purchase of Goods and Services,,detail,N,-1,8713448280,2026????????,CNY
Tuopu,CF,yoy,2026Q2,current,601689_Tuopu_2026_Q2_??????????.csv,????????????????????????????,????????????????????????????,Cash Paid to and for Employees,CF_OPA_OUT_CASH_PAID_EMPL,Cash Flow,Operating Activities - Cash Outflows,Cash Paid to and for Employees,,detail,N,-1,1932361086,2026????????,CNY
Tuopu,CF,yoy,2026Q2,current,601689_Tuopu_2026_Q2_??????????.csv,??????????????,??????????????,Taxes Paid,CF_OPA_OUT_TAXE_PAID,Cash Flow,Operating Activities - Cash Outflows,Taxes Paid,,detail,N,-1,825679002.9,2026????????,CNY
Tuopu,CF,yoy,2026Q2,current,601689_Tuopu_2026_Q2_??????????.csv,????????????????????????????,????????????????????????????,Other Cash Paid for Operating Activities,CF_OPA_OUT_OTHE_CASH_PAID_OPER,Cash Flow,Operating Activities - Cash Outflows,Other Cash Paid for Operating Activities,,detail,N,-1,551023439.9,2026????????,CNY
Tuopu,CF,yoy,2026Q2,current,601689_Tuopu_2026_Q2_??????????.csv,????????????????????,????????????????????,Operating Cash Outflows Subtotal,CF_OPA_TOTAL_OPER_CASH_OUTF_SUBT,Cash Flow,Operating Activities,Cash Outflows Subtotal,,total,Y,1,12022511809,2026????????,CNY
Tuopu,CF,yoy,2026Q2,current,601689_Tuopu_2026_Q2_??????????.csv,??????????????????????????,??????????????????????????,Net Cash from Operating Activities,CF_OP_NET,Cash Flow,Operating Activities,Net Cash from Operating Activities,,total,Y,1,2596056538,2026????????,CNY
Tuopu,CF,yoy,2026Q2,current,601689_Tuopu_2026_Q2_??????????.csv,??????????????????,??????????????????,Cash Received from Investment Recovery,CF_INA_IN_CASH_RECE_INVE_RECO,Cash Flow,Investing Activities - Cash Inflows,Cash Received from Investment Recovery,,detail,N,1,605585345,2026????????,CNY
Tuopu,CF,yoy,2026Q2,current,601689_Tuopu_2026_Q2_??????????.csv,?????????????????????????????????? ????????????????,??????????????????????????????????????????????????,Net Cash Received from Disposal of Long-term Assets,CF_INA_IN_TOTAL_CASH_RECE_DISP_LONG,Cash Flow,Investing Activities - Cash Inflows,Net Cash Received from Disposal of Long-term Assets,,total,Y,1,35842983.26,2026????????,CNY
Tuopu,CF,yoy,2026Q2,current,601689_Tuopu_2026_Q2_??????????.csv,????????????????????,????????????????????,Investing Cash Inflows Subtotal,CF_INA_TOTAL_INVE_CASH_INFL_SUBT,Cash Flow,Investing Activities,Cash Inflows Subtotal,,total,Y,1,641428328.3,2026????????,CNY
Tuopu,CF,yoy,2026Q2,current,601689_Tuopu_2026_Q2_??????????.csv,?????????????????????????????????? ????????????,??????????????????????????????????????????????,Cash Paid for Acquisition and Construction of Long-term Assets,CF_INA_OUT_CASH_PAID_ACQU_CONS,Cash Flow,Investing Activities - Cash Outflows,Cash Paid for Acquisition and Construction of Long-term Assets,,detail,N,-1,1354341275,2026????????,CNY
Tuopu,CF,yoy,2026Q2,current,601689_Tuopu_2026_Q2_??????????.csv,??????????????,??????????????,Cash Paid for Investments,CF_INA_OUT_CASH_PAID_INVE,Cash Flow,Investing Activities - Cash Outflows,Cash Paid for Investments,,detail,N,-1,951000000,2026????????,CNY
Tuopu,CF,yoy,2026Q2,current,601689_Tuopu_2026_Q2_??????????.csv,????????????????????,????????????????????,Investing Cash Outflows Subtotal,CF_INA_TOTAL_INVE_CASH_OUTF_SUBT,Cash Flow,Investing Activities,Cash Outflows Subtotal,,total,Y,1,2305341275,2026????????,CNY
Tuopu,CF,yoy,2026Q2,current,601689_Tuopu_2026_Q2_??????????.csv,??????????????????????????,??????????????????????????,Net Cash from Investing Activities,CF_INV_NET,Cash Flow,Investing Activities,Net Cash from Investing Activities,,total,Y,1,-1663912947,2026????????,CNY
Tuopu,CF,yoy,2026Q2,current,601689_Tuopu_2026_Q2_??????????.csv,??????????????????,??????????????????,Cash Received from Borrowings,CF_FIA_IN_CASH_RECE_BORR,Cash Flow,Financing Activities - Cash Inflows,Cash Received from Borrowings,,detail,N,1,3490000000,2026????????,CNY
Tuopu,CF,yoy,2026Q2,current,601689_Tuopu_2026_Q2_??????????.csv,????????????????????,????????????????????,Financing Cash Inflows Subtotal,CF_FIA_TOTAL_FINA_CASH_INFL_SUBT,Cash Flow,Financing Activities,Cash Inflows Subtotal,,total,Y,1,3490000000,2026????????,CNY
Tuopu,CF,yoy,2026Q2,current,601689_Tuopu_2026_Q2_??????????.csv,??????????????????,??????????????????,Cash Paid for Debt Repayment,CF_FIA_OUT_CASH_PAID_DEBT_REPA,Cash Flow,Financing Activities - Cash Outflows,Cash Paid for Debt Repayment,,detail,N,-1,2780100874,2026????????,CNY
Tuopu,CF,yoy,2026Q2,current,601689_Tuopu_2026_Q2_??????????.csv,??????????????????????????????????,??????????????????????????????????,"Cash Paid for Dividends, Profit Distribution or Interest",CF_FIA_OUT_CASH_PAID_DIVI_PROF,Cash Flow,Financing Activities - Cash Outflows,"Cash Paid for Dividends, Profit Distribution or Interest",,detail,N,-1,898545230.7,2026????????,CNY
Tuopu,CF,yoy,2026Q2,current,601689_Tuopu_2026_Q2_??????????.csv,????????????????????????????,????????????????????????????,Other Cash Paid for Financing Activities,CF_FIA_OUT_OTHE_CASH_PAID_FINA,Cash Flow,Financing Activities - Cash Outflows,Other Cash Paid for Financing Activities,,detail,N,-1,99870258.94,2026????????,CNY
Tuopu,CF,yoy,2026Q2,current,601689_Tuopu_2026_Q2_??????????.csv,????????????????????,????????????????????,Financing Cash Outflows Subtotal,CF_FIA_TOTAL_FINA_CASH_OUTF_SUBT,Cash Flow,Financing Activities,Cash Outflows Subtotal,,total,Y,1,3778516364,2026????????,CNY
Tuopu,CF,yoy,2026Q2,current,601689_Tuopu_2026_Q2_??????????.csv,??????????????????????????,??????????????????????????,Net Cash from Financing Activities,CF_FIN_NET,Cash Flow,Financing Activities,Net Cash from Financing Activities,,total,Y,1,-288516363.7,2026????????,CNY
Tuopu,CF,yoy,2026Q2,current,601689_Tuopu_2026_Q2_??????????.csv,????????????????????????????????????,????????????????????????????????,FX Impact on Cash and Cash Equivalents,CF_FX_HDR,Cash Flow,FX,Section Header,,header,N,0,-158548250.2,2026????????,CNY
Tuopu,CF,yoy,2026Q2,current,601689_Tuopu_2026_Q2_??????????.csv,????????????????????????????,????????????????????????,Net Increase in Cash and Cash Equivalents,CF_NET_CASH_CHANGE,Cash Flow,Net Cash Change,Section Header,,header,N,0,485078977.8,2026????????,CNY
Tuopu,CF,yoy,2026Q2,current,601689_Tuopu_2026_Q2_??????????.csv,??:????????????????????????,????????????????????????,Opening Cash and Cash Equivalents,CF_OPENING_CASH_BAL,Cash Flow,Cash Balance,Opening Cash and Cash Equivalents,,detail,N,1,4701248084,2026????????,CNY
Tuopu,CF,yoy,2026Q2,current,601689_Tuopu_2026_Q2_??????????.csv,????????????????????????????,????????????????????????,Ending Cash and Cash Equivalents,CF_ENDING_CASH_BAL,Cash Flow,Cash Balance,Section Header,,header,N,0,5186327062,2026????????,CNY
Tuopu,CF,yoy,2025Q2,comparison,601689_Tuopu_2026_Q2_??????????.csv,????????????????????????????,????????????????????????????,Cash Received from Sale of Goods and Services,CF_OPA_IN_CASH_RECE_SALE_GOOD,Cash Flow,Operating Activities - Cash Inflows,Cash Received from Sale of Goods and Services,,detail,N,1,11764996065,2025????????,CNY
Tuopu,CF,yoy,2025Q2,comparison,601689_Tuopu_2026_Q2_??????????.csv,??????????????,??????????????,Tax Refunds Received,CF_OPA_IN_TAX_REFU_RECE,Cash Flow,Operating Activities - Cash Inflows,Tax Refunds Received,,detail,N,1,275715679.4,2025????????,CNY
Tuopu,CF,yoy,2025Q2,comparison,601689_Tuopu_2026_Q2_??????????.csv,????????????????????????????,????????????????????????????,Other Cash Received from Operating Activities,CF_OPA_IN_OTHE_CASH_RECE_OPER,Cash Flow,Operating Activities - Cash Inflows,Other Cash Received from Operating Activities,,detail,N,1,213676100.9,2025????????,CNY
Tuopu,CF,yoy,2025Q2,comparison,601689_Tuopu_2026_Q2_??????????.csv,????????????????????,????????????????????,Operating Cash Inflows Subtotal,CF_OPA_TOTAL_OPER_CASH_INFL_SUBT,Cash Flow,Operating Activities,Cash Inflows Subtotal,,total,Y,1,12254387845,2025????????,CNY
Tuopu,CF,yoy,2025Q2,comparison,601689_Tuopu_2026_Q2_??????????.csv,????????????????????????????,????????????????????????????,Cash Paid for Purchase of Goods and Services,CF_OPA_OUT_CASH_PAID_PURC_GOOD,Cash Flow,Operating Activities - Cash Outflows,Cash Paid for Purchase of Goods and Services,,detail,N,-1,6806692166,2025????????,CNY
Tuopu,CF,yoy,2025Q2,comparison,601689_Tuopu_2026_Q2_??????????.csv,????????????????????????????,????????????????????????????,Cash Paid to and for Employees,CF_OPA_OUT_CASH_PAID_EMPL,Cash Flow,Operating Activities - Cash Outflows,Cash Paid to and for Employees,,detail,N,-1,1713939030,2025????????,CNY
Tuopu,CF,yoy,2025Q2,comparison,601689_Tuopu_2026_Q2_??????????.csv,??????????????,??????????????,Taxes Paid,CF_OPA_OUT_TAXE_PAID,Cash Flow,Operating Activities - Cash Outflows,Taxes Paid,,detail,N,-1,749575976.6,2025????????,CNY
Tuopu,CF,yoy,2025Q2,comparison,601689_Tuopu_2026_Q2_??????????.csv,????????????????????????????,????????????????????????????,Other Cash Paid for Operating Activities,CF_OPA_OUT_OTHE_CASH_PAID_OPER,Cash Flow,Operating Activities - Cash Outflows,Other Cash Paid for Operating Activities,,detail,N,-1,527909425.2,2025????????,CNY
Tuopu,CF,yoy,2025Q2,comparison,601689_Tuopu_2026_Q2_??????????.csv,????????????????????,????????????????????,Operating Cash Outflows Subtotal,CF_OPA_TOTAL_OPER_CASH_OUTF_SUBT,Cash Flow,Operating Activities,Cash Outflows Subtotal,,total,Y,1,9798116597,2025????????,CNY
Tuopu,CF,yoy,2025Q2,comparison,601689_Tuopu_2026_Q2_??????????.csv,??????????????????????????,??????????????????????????,Net Cash from Operating Activities,CF_OP_NET,Cash Flow,Operating Activities,Net Cash from Operating Activities,,total,Y,1,2456271248,2025????????,CNY
Tuopu,CF,yoy,2025Q2,comparison,601689_Tuopu_2026_Q2_??????????.csv,??????????????????,??????????????????,Cash Received from Investment Recovery,CF_INA_IN_CASH_RECE_INVE_RECO,Cash Flow,Investing Activities - Cash Inflows,Cash Received from Investment Recovery,,detail,N,1,1362712822,2025????????,CNY
Tuopu,CF,yoy,2025Q2,comparison,601689_Tuopu_2026_Q2_??????????.csv,??????????????????????,??????????????????????,Cash Received from Investment Income,CF_INA_IN_CASH_RECE_INVE_INCO,Cash Flow,Investing Activities - Cash Inflows,Cash Received from Investment Income,,detail,N,1,35000000,2025????????,CNY
Tuopu,CF,yoy,2025Q2,comparison,601689_Tuopu_2026_Q2_??????????.csv,?????????????????????????????????? ????????????????,??????????????????????????????????????????????????,Net Cash Received from Disposal of Long-term Assets,CF_INA_IN_TOTAL_CASH_RECE_DISP_LONG,Cash Flow,Investing Activities - Cash Inflows,Net Cash Received from Disposal of Long-term Assets,,total,Y,1,22670747.44,2025????????,CNY
Tuopu,CF,yoy,2025Q2,comparison,601689_Tuopu_2026_Q2_??????????.csv,????????????????????,????????????????????,Investing Cash Inflows Subtotal,CF_INA_TOTAL_INVE_CASH_INFL_SUBT,Cash Flow,Investing Activities,Cash Inflows Subtotal,,total,Y,1,1420383570,2025????????,CNY
Tuopu,CF,yoy,2025Q2,comparison,601689_Tuopu_2026_Q2_??????????.csv,?????????????????????????????????? ????????????,??????????????????????????????????????????????,Cash Paid for Acquisition and Construction of Long-term Assets,CF_INA_OUT_CASH_PAID_ACQU_CONS,Cash Flow,Investing Activities - Cash Outflows,Cash Paid for Acquisition and Construction of Long-term Assets,,detail,N,-1,1559639673,2025????????,CNY
Tuopu,CF,yoy,2025Q2,comparison,601689_Tuopu_2026_Q2_??????????.csv,??????????????,??????????????,Cash Paid for Investments,CF_INA_OUT_CASH_PAID_INVE,Cash Flow,Investing Activities - Cash Outflows,Cash Paid for Investments,,detail,N,-1,1200000000,2025????????,CNY
Tuopu,CF,yoy,2025Q2,comparison,601689_Tuopu_2026_Q2_??????????.csv,?????????????????????????????????? ????,??????????????????????????????????????,Net Cash Paid for Acquisition of Subsidiaries and Other Business Units,CF_INA_OUT_TOTAL_CASH_PAID_ACQU_SUBS,Cash Flow,Investing Activities - Cash Outflows,Net Cash Paid for Acquisition of Subsidiaries and Other Business Units,,total,Y,-1,287348335.2,2025????????,CNY
Tuopu,CF,yoy,2025Q2,comparison,601689_Tuopu_2026_Q2_??????????.csv,????????????????????,????????????????????,Investing Cash Outflows Subtotal,CF_INA_TOTAL_INVE_CASH_OUTF_SUBT,Cash Flow,Investing Activities,Cash Outflows Subtotal,,total,Y,1,3046988008,2025????????,CNY
Tuopu,CF,yoy,2025Q2,comparison,601689_Tuopu_2026_Q2_??????????.csv,??????????????????????????,??????????????????????????,Net Cash from Investing Activities,CF_INV_NET,Cash Flow,Investing Activities,Net Cash from Investing Activities,,total,Y,1,-1626604438,2025????????,CNY
Tuopu,CF,yoy,2025Q2,comparison,601689_Tuopu_2026_Q2_??????????.csv,??????????????????,??????????????????,Cash Received from Borrowings,CF_FIA_IN_CASH_RECE_BORR,Cash Flow,Financing Activities - Cash Inflows,Cash Received from Borrowings,,detail,N,1,2170000000,2025????????,CNY
Tuopu,CF,yoy,2025Q2,comparison,601689_Tuopu_2026_Q2_??????????.csv,????????????????????,????????????????????,Financing Cash Inflows Subtotal,CF_FIA_TOTAL_FINA_CASH_INFL_SUBT,Cash Flow,Financing Activities,Cash Inflows Subtotal,,total,Y,1,2170000000,2025????????,CNY
Tuopu,CF,yoy,2025Q2,comparison,601689_Tuopu_2026_Q2_??????????.csv,??????????????????,??????????????????,Cash Paid for Debt Repayment,CF_FIA_OUT_CASH_PAID_DEBT_REPA,Cash Flow,Financing Activities - Cash Outflows,Cash Paid for Debt Repayment,,detail,N,-1,1504454467,2025????????,CNY
Tuopu,CF,yoy,2025Q2,comparison,601689_Tuopu_2026_Q2_??????????.csv,??????????????????????????????????,??????????????????????????????????,"Cash Paid for Dividends, Profit Distribution or Interest",CF_FIA_OUT_CASH_PAID_DIVI_PROF,Cash Flow,Financing Activities - Cash Outflows,"Cash Paid for Dividends, Profit Distribution or Interest",,detail,N,-1,982837672,2025????????,CNY
Tuopu,CF,yoy,2025Q2,comparison,601689_Tuopu_2026_Q2_??????????.csv,????????????????????????????,????????????????????????????,Other Cash Paid for Financing Activities,CF_FIA_OUT_OTHE_CASH_PAID_FINA,Cash Flow,Financing Activities - Cash Outflows,Other Cash Paid for Financing Activities,,detail,N,-1,49347533.02,2025????????,CNY
Tuopu,CF,yoy,2025Q2,comparison,601689_Tuopu_2026_Q2_??????????.csv,????????????????????,????????????????????,Financing Cash Outflows Subtotal,CF_FIA_TOTAL_FINA_CASH_OUTF_SUBT,Cash Flow,Financing Activities,Cash Outflows Subtotal,,total,Y,1,2536639672,2025????????,CNY
Tuopu,CF,yoy,2025Q2,comparison,601689_Tuopu_2026_Q2_??????????.csv,??????????????????????????,??????????????????????????,Net Cash from Financing Activities,CF_FIN_NET,Cash Flow,Financing Activities,Net Cash from Financing Activities,,total,Y,1,-366639672.2,2025????????,CNY
Tuopu,CF,yoy,2025Q2,comparison,601689_Tuopu_2026_Q2_??????????.csv,????????????????????????????????????,????????????????????????????????,FX Impact on Cash and Cash Equivalents,CF_FX_HDR,Cash Flow,FX,Section Header,,header,N,0,139203362.4,2025????????,CNY
Tuopu,CF,yoy,2025Q2,comparison,601689_Tuopu_2026_Q2_??????????.csv,????????????????????????????,????????????????????????,Net Increase in Cash and Cash Equivalents,CF_NET_CASH_CHANGE,Cash Flow,Net Cash Change,Section Header,,header,N,0,602230500.2,2025????????,CNY
Tuopu,CF,yoy,2025Q2,comparison,601689_Tuopu_2026_Q2_??????????.csv,??:????????????????????????,????????????????????????,Opening Cash and Cash Equivalents,CF_OPENING_CASH_BAL,Cash Flow,Cash Balance,Opening Cash and Cash Equivalents,,detail,N,1,3942266589,2025????????,CNY
Tuopu,CF,yoy,2025Q2,comparison,601689_Tuopu_2026_Q2_??????????.csv,????????????????????????????,????????????????????????,Ending Cash and Cash Equivalents,CF_ENDING_CASH_BAL,Cash Flow,Cash Balance,Section Header,,header,N,0,4544497089,2025????????,CNY
Baolong,CF,yoy,2026Q2,current,603197_Baolong_2026_Q2_??????????.csv,????????????????????????????,????????????????????????????,Cash Received from Sale of Goods and Services,CF_OPA_IN_CASH_RECE_SALE_GOOD,Cash Flow,Operating Activities - Cash Inflows,Cash Received from Sale of Goods and Services,,detail,N,1,4841988787,2026????????,CNY
Baolong,CF,yoy,2026Q2,current,603197_Baolong_2026_Q2_??????????.csv,??????????????,??????????????,Tax Refunds Received,CF_OPA_IN_TAX_REFU_RECE,Cash Flow,Operating Activities - Cash Inflows,Tax Refunds Received,,detail,N,1,135690555.6,2026????????,CNY
Baolong,CF,yoy,2026Q2,current,603197_Baolong_2026_Q2_??????????.csv,????????????????????????????,????????????????????????????,Other Cash Received from Operating Activities,CF_OPA_IN_OTHE_CASH_RECE_OPER,Cash Flow,Operating Activities - Cash Inflows,Other Cash Received from Operating Activities,,detail,N,1,26278468.64,2026????????,CNY
Baolong,CF,yoy,2026Q2,current,603197_Baolong_2026_Q2_??????????.csv,????????????????????,????????????????????,Operating Cash Inflows Subtotal,CF_OPA_TOTAL_OPER_CASH_INFL_SUBT,Cash Flow,Operating Activities,Cash Inflows Subtotal,,total,Y,1,5003957811,2026????????,CNY
Baolong,CF,yoy,2026Q2,current,603197_Baolong_2026_Q2_??????????.csv,????????????????????????????,????????????????????????????,Cash Paid for Purchase of Goods and Services,CF_OPA_OUT_CASH_PAID_PURC_GOOD,Cash Flow,Operating Activities - Cash Outflows,Cash Paid for Purchase of Goods and Services,,detail,N,-1,3373979431,2026????????,CNY
Baolong,CF,yoy,2026Q2,current,603197_Baolong_2026_Q2_??????????.csv,????????????????????????????,????????????????????????????,Cash Paid to and for Employees,CF_OPA_OUT_CASH_PAID_EMPL,Cash Flow,Operating Activities - Cash Outflows,Cash Paid to and for Employees,,detail,N,-1,978943401.3,2026????????,CNY
Baolong,CF,yoy,2026Q2,current,603197_Baolong_2026_Q2_??????????.csv,??????????????,??????????????,Taxes Paid,CF_OPA_OUT_TAXE_PAID,Cash Flow,Operating Activities - Cash Outflows,Taxes Paid,,detail,N,-1,166924331.7,2026????????,CNY
Baolong,CF,yoy,2026Q2,current,603197_Baolong_2026_Q2_??????????.csv,????????????????????????????,????????????????????????????,Other Cash Paid for Operating Activities,CF_OPA_OUT_OTHE_CASH_PAID_OPER,Cash Flow,Operating Activities - Cash Outflows,Other Cash Paid for Operating Activities,,detail,N,-1,306964984.2,2026????????,CNY
Baolong,CF,yoy,2026Q2,current,603197_Baolong_2026_Q2_??????????.csv,????????????????????,????????????????????,Operating Cash Outflows Subtotal,CF_OPA_TOTAL_OPER_CASH_OUTF_SUBT,Cash Flow,Operating Activities,Cash Outflows Subtotal,,total,Y,1,4826812149,2026????????,CNY
Baolong,CF,yoy,2026Q2,current,603197_Baolong_2026_Q2_??????????.csv,???????????????????????? ??,??????????????????????????,Net Cash from Operating Activities,CF_OP_NET,Cash Flow,Operating Activities,Net Cash from Operating Activities,,total,Y,1,177145662.7,2026????????,CNY
Baolong,CF,yoy,2026Q2,current,603197_Baolong_2026_Q2_??????????.csv,??????????????????,??????????????????,Cash Received from Investment Recovery,CF_INA_IN_CASH_RECE_INVE_RECO,Cash Flow,Investing Activities - Cash Inflows,Cash Received from Investment Recovery,,detail,N,1,28972061.77,2026????????,CNY
Baolong,CF,yoy,2026Q2,current,603197_Baolong_2026_Q2_??????????.csv,??????????????????????,??????????????????????,Cash Received from Investment Income,CF_INA_IN_CASH_RECE_INVE_INCO,Cash Flow,Investing Activities - Cash Inflows,Cash Received from Investment Income,,detail,N,1,2932933.7,2026????????,CNY
Baolong,CF,yoy,2026Q2,current,603197_Baolong_2026_Q2_??????????.csv,???????????????????????????? ??????????????????????,??????????????????????????????????????????????????,Net Cash Received from Disposal of Long-term Assets,CF_INA_IN_TOTAL_CASH_RECE_DISP_LONG,Cash Flow,Investing Activities - Cash Inflows,Net Cash Received from Disposal of Long-term Assets,,total,Y,1,97243.98,2026????????,CNY
Baolong,CF,yoy,2026Q2,current,603197_Baolong_2026_Q2_??????????.csv,????????????????????,????????????????????,Investing Cash Inflows Subtotal,CF_INA_TOTAL_INVE_CASH_INFL_SUBT,Cash Flow,Investing Activities,Cash Inflows Subtotal,,total,Y,1,32002239.45,2026????????,CNY
Baolong,CF,yoy,2026Q2,current,603197_Baolong_2026_Q2_??????????.csv,???????????????????????????? ??????????????????,??????????????????????????????????????????????,Cash Paid for Acquisition and Construction of Long-term Assets,CF_INA_OUT_CASH_PAID_ACQU_CONS,Cash Flow,Investing Activities - Cash Outflows,Cash Paid for Acquisition and Construction of Long-term Assets,,detail,N,-1,335981796.6,2026????????,CNY
Baolong,CF,yoy,2026Q2,current,603197_Baolong_2026_Q2_??????????.csv,??????????????,??????????????,Cash Paid for Investments,CF_INA_OUT_CASH_PAID_INVE,Cash Flow,Investing Activities - Cash Outflows,Cash Paid for Investments,,detail,N,-1,201645107.1,2026????????,CNY
Baolong,CF,yoy,2026Q2,current,603197_Baolong_2026_Q2_??????????.csv,????????????????????,????????????????????,Investing Cash Outflows Subtotal,CF_INA_TOTAL_INVE_CASH_OUTF_SUBT,Cash Flow,Investing Activities,Cash Outflows Subtotal,,total,Y,1,537626903.7,2026????????,CNY
Baolong,CF,yoy,2026Q2,current,603197_Baolong_2026_Q2_??????????.csv,???????????????????????? ??,??????????????????????????,Net Cash from Investing Activities,CF_INV_NET,Cash Flow,Investing Activities,Net Cash from Investing Activities,,total,Y,1,-505624664.2,2026????????,CNY
Baolong,CF,yoy,2026Q2,current,603197_Baolong_2026_Q2_??????????.csv,??????????????????,??????????????????,Cash Received from Capital Contributions,CF_FIA_IN_CASH_RECE_CAPI_CONT,Cash Flow,Financing Activities - Cash Inflows,Cash Received from Capital Contributions,,detail,N,1,53676897.46,2026????????,CNY
Baolong,CF,yoy,2026Q2,current,603197_Baolong_2026_Q2_??????????.csv,??????????????????,??????????????????,Cash Received from Borrowings,CF_FIA_IN_CASH_RECE_BORR,Cash Flow,Financing Activities - Cash Inflows,Cash Received from Borrowings,,detail,N,1,1666725931,2026????????,CNY
Baolong,CF,yoy,2026Q2,current,603197_Baolong_2026_Q2_??????????.csv,????????????????????,????????????????????,Financing Cash Inflows Subtotal,CF_FIA_TOTAL_FINA_CASH_INFL_SUBT,Cash Flow,Financing Activities,Cash Inflows Subtotal,,total,Y,1,1720402828,2026????????,CNY
Baolong,CF,yoy,2026Q2,current,603197_Baolong_2026_Q2_??????????.csv,??????????????????,??????????????????,Cash Paid for Debt Repayment,CF_FIA_OUT_CASH_PAID_DEBT_REPA,Cash Flow,Financing Activities - Cash Outflows,Cash Paid for Debt Repayment,,detail,N,-1,1027963195,2026????????,CNY
Baolong,CF,yoy,2026Q2,current,603197_Baolong_2026_Q2_??????????.csv,???????????????????????????? ??????,??????????????????????????????????,"Cash Paid for Dividends, Profit Distribution or Interest",CF_FIA_OUT_CASH_PAID_DIVI_PROF,Cash Flow,Financing Activities - Cash Outflows,"Cash Paid for Dividends, Profit Distribution or Interest",,detail,N,-1,63978895.86,2026????????,CNY
Baolong,CF,yoy,2026Q2,current,603197_Baolong_2026_Q2_??????????.csv,????????????????????????????,????????????????????????????,Other Cash Paid for Financing Activities,CF_FIA_OUT_OTHE_CASH_PAID_FINA,Cash Flow,Financing Activities - Cash Outflows,Other Cash Paid for Financing Activities,,detail,N,-1,29305578.09,2026????????,CNY
Baolong,CF,yoy,2026Q2,current,603197_Baolong_2026_Q2_??????????.csv,????????????????????,????????????????????,Financing Cash Outflows Subtotal,CF_FIA_TOTAL_FINA_CASH_OUTF_SUBT,Cash Flow,Financing Activities,Cash Outflows Subtotal,,total,Y,1,1121247669,2026????????,CNY
Baolong,CF,yoy,2026Q2,current,603197_Baolong_2026_Q2_??????????.csv,???????????????????????? ??,??????????????????????????,Net Cash from Financing Activities,CF_FIN_NET,Cash Flow,Financing Activities,Net Cash from Financing Activities,,total,Y,1,599155159.5,2026????????,CNY
Baolong,CF,yoy,2026Q2,current,603197_Baolong_2026_Q2_??????????.csv,?????????????????????????????? ??????,????????????????????????????????,FX Impact on Cash and Cash Equivalents,CF_FX_HDR,Cash Flow,FX,Section Header,,header,N,0,-15446105.28,2026????????,CNY
Baolong,CF,yoy,2026Q2,current,603197_Baolong_2026_Q2_??????????.csv,????????????????????????????,????????????????????????,Net Increase in Cash and Cash Equivalents,CF_NET_CASH_CHANGE,Cash Flow,Net Cash Change,Section Header,,header,N,0,255230052.7,2026????????,CNY
Baolong,CF,yoy,2026Q2,current,603197_Baolong_2026_Q2_??????????.csv,??:????????????????????????,????????????????????????,Opening Cash and Cash Equivalents,CF_OPENING_CASH_BAL,Cash Flow,Cash Balance,Opening Cash and Cash Equivalents,,detail,N,1,417521627.2,2026????????,CNY
Baolong,CF,yoy,2026Q2,current,603197_Baolong_2026_Q2_??????????.csv,????????????????????????????,????????????????????????,Ending Cash and Cash Equivalents,CF_ENDING_CASH_BAL,Cash Flow,Cash Balance,Section Header,,header,N,0,672751679.9,2026????????,CNY
Baolong,CF,yoy,2025Q2,comparison,603197_Baolong_2026_Q2_??????????.csv,????????????????????????????,????????????????????????????,Cash Received from Sale of Goods and Services,CF_OPA_IN_CASH_RECE_SALE_GOOD,Cash Flow,Operating Activities - Cash Inflows,Cash Received from Sale of Goods and Services,,detail,N,1,3814497192,2025????????,CNY
Baolong,CF,yoy,2025Q2,comparison,603197_Baolong_2026_Q2_??????????.csv,??????????????,??????????????,Tax Refunds Received,CF_OPA_IN_TAX_REFU_RECE,Cash Flow,Operating Activities - Cash Inflows,Tax Refunds Received,,detail,N,1,126817225.6,2025????????,CNY
Baolong,CF,yoy,2025Q2,comparison,603197_Baolong_2026_Q2_??????????.csv,????????????????????????????,????????????????????????????,Other Cash Received from Operating Activities,CF_OPA_IN_OTHE_CASH_RECE_OPER,Cash Flow,Operating Activities - Cash Inflows,Other Cash Received from Operating Activities,,detail,N,1,32917369.65,2025????????,CNY
Baolong,CF,yoy,2025Q2,comparison,603197_Baolong_2026_Q2_??????????.csv,????????????????????,????????????????????,Operating Cash Inflows Subtotal,CF_OPA_TOTAL_OPER_CASH_INFL_SUBT,Cash Flow,Operating Activities,Cash Inflows Subtotal,,total,Y,1,3974231787,2025????????,CNY
Baolong,CF,yoy,2025Q2,comparison,603197_Baolong_2026_Q2_??????????.csv,????????????????????????????,????????????????????????????,Cash Paid for Purchase of Goods and Services,CF_OPA_OUT_CASH_PAID_PURC_GOOD,Cash Flow,Operating Activities - Cash Outflows,Cash Paid for Purchase of Goods and Services,,detail,N,-1,2522189238,2025????????,CNY
Baolong,CF,yoy,2025Q2,comparison,603197_Baolong_2026_Q2_??????????.csv,????????????????????????????,????????????????????????????,Cash Paid to and for Employees,CF_OPA_OUT_CASH_PAID_EMPL,Cash Flow,Operating Activities - Cash Outflows,Cash Paid to and for Employees,,detail,N,-1,835040131.9,2025????????,CNY
Baolong,CF,yoy,2025Q2,comparison,603197_Baolong_2026_Q2_??????????.csv,??????????????,??????????????,Taxes Paid,CF_OPA_OUT_TAXE_PAID,Cash Flow,Operating Activities - Cash Outflows,Taxes Paid,,detail,N,-1,165800832.8,2025????????,CNY
Baolong,CF,yoy,2025Q2,comparison,603197_Baolong_2026_Q2_??????????.csv,????????????????????????????,????????????????????????????,Other Cash Paid for Operating Activities,CF_OPA_OUT_OTHE_CASH_PAID_OPER,Cash Flow,Operating Activities - Cash Outflows,Other Cash Paid for Operating Activities,,detail,N,-1,290689161.7,2025????????,CNY
Baolong,CF,yoy,2025Q2,comparison,603197_Baolong_2026_Q2_??????????.csv,????????????????????,????????????????????,Operating Cash Outflows Subtotal,CF_OPA_TOTAL_OPER_CASH_OUTF_SUBT,Cash Flow,Operating Activities,Cash Outflows Subtotal,,total,Y,1,3813719364,2025????????,CNY
Baolong,CF,yoy,2025Q2,comparison,603197_Baolong_2026_Q2_??????????.csv,???????????????????????? ??,??????????????????????????,Net Cash from Operating Activities,CF_OP_NET,Cash Flow,Operating Activities,Net Cash from Operating Activities,,total,Y,1,160512423.3,2025????????,CNY
Baolong,CF,yoy,2025Q2,comparison,603197_Baolong_2026_Q2_??????????.csv,??????????????????,??????????????????,Cash Received from Investment Recovery,CF_INA_IN_CASH_RECE_INVE_RECO,Cash Flow,Investing Activities - Cash Inflows,Cash Received from Investment Recovery,,detail,N,1,14593015.45,2025????????,CNY
Baolong,CF,yoy,2025Q2,comparison,603197_Baolong_2026_Q2_??????????.csv,??????????????????????,??????????????????????,Cash Received from Investment Income,CF_INA_IN_CASH_RECE_INVE_INCO,Cash Flow,Investing Activities - Cash Inflows,Cash Received from Investment Income,,detail,N,1,5197190.55,2025????????,CNY
Baolong,CF,yoy,2025Q2,comparison,603197_Baolong_2026_Q2_??????????.csv,???????????????????????????? ??????????????????????,??????????????????????????????????????????????????,Net Cash Received from Disposal of Long-term Assets,CF_INA_IN_TOTAL_CASH_RECE_DISP_LONG,Cash Flow,Investing Activities - Cash Inflows,Net Cash Received from Disposal of Long-term Assets,,total,Y,1,319789.12,2025????????,CNY
Baolong,CF,yoy,2025Q2,comparison,603197_Baolong_2026_Q2_??????????.csv,????????????????????,????????????????????,Investing Cash Inflows Subtotal,CF_INA_TOTAL_INVE_CASH_INFL_SUBT,Cash Flow,Investing Activities,Cash Inflows Subtotal,,total,Y,1,20109995.12,2025????????,CNY
Baolong,CF,yoy,2025Q2,comparison,603197_Baolong_2026_Q2_??????????.csv,???????????????????????????? ??????????????????,??????????????????????????????????????????????,Cash Paid for Acquisition and Construction of Long-term Assets,CF_INA_OUT_CASH_PAID_ACQU_CONS,Cash Flow,Investing Activities - Cash Outflows,Cash Paid for Acquisition and Construction of Long-term Assets,,detail,N,-1,411446665.1,2025????????,CNY
Baolong,CF,yoy,2025Q2,comparison,603197_Baolong_2026_Q2_??????????.csv,??????????????,??????????????,Cash Paid for Investments,CF_INA_OUT_CASH_PAID_INVE,Cash Flow,Investing Activities - Cash Outflows,Cash Paid for Investments,,detail,N,-1,609804118.4,2025????????,CNY
Baolong,CF,yoy,2025Q2,comparison,603197_Baolong_2026_Q2_??????????.csv,????????????????????,????????????????????,Investing Cash Outflows Subtotal,CF_INA_TOTAL_INVE_CASH_OUTF_SUBT,Cash Flow,Investing Activities,Cash Outflows Subtotal,,total,Y,1,1021250784,2025????????,CNY
Baolong,CF,yoy,2025Q2,comparison,603197_Baolong_2026_Q2_??????????.csv,???????????????????????? ??,??????????????????????????,Net Cash from Investing Activities,CF_INV_NET,Cash Flow,Investing Activities,Net Cash from Investing Activities,,total,Y,1,-1001140788,2025????????,CNY
Baolong,CF,yoy,2025Q2,comparison,603197_Baolong_2026_Q2_??????????.csv,??????????????????,??????????????????,Cash Received from Capital Contributions,CF_FIA_IN_CASH_RECE_CAPI_CONT,Cash Flow,Financing Activities - Cash Inflows,Cash Received from Capital Contributions,,detail,N,1,108210239.9,2025????????,CNY
Baolong,CF,yoy,2025Q2,comparison,603197_Baolong_2026_Q2_??????????.csv,????:?????????????????????? ??????????,????????????????????????????????,Cash Received by Subsidiaries from Non-controlling Shareholders,CF_FIA_IN_CASH_RECE_CAPI_CONT_CASH_RECE_SUBS_NON,Cash Flow,Financing Activities - Cash Inflows,Cash Received by Subsidiaries from Non-controlling Shareholders,,detail,N,1,2467080.53,2025????????,CNY
Baolong,CF,yoy,2025Q2,comparison,603197_Baolong_2026_Q2_??????????.csv,??????????????????,??????????????????,Cash Received from Borrowings,CF_FIA_IN_CASH_RECE_BORR,Cash Flow,Financing Activities - Cash Inflows,Cash Received from Borrowings,,detail,N,1,1217608997,2025????????,CNY
Baolong,CF,yoy,2025Q2,comparison,603197_Baolong_2026_Q2_??????????.csv,????????????????????????????,????????????????????????????,Other Cash Received from Financing Activities,CF_FIA_IN_OTHE_CASH_RECE_FINA,Cash Flow,Financing Activities - Cash Inflows,Other Cash Received from Financing Activities,,detail,N,1,2400000,2025????????,CNY
Baolong,CF,yoy,2025Q2,comparison,603197_Baolong_2026_Q2_??????????.csv,????????????????????,????????????????????,Financing Cash Inflows Subtotal,CF_FIA_TOTAL_FINA_CASH_INFL_SUBT,Cash Flow,Financing Activities,Cash Inflows Subtotal,,total,Y,1,1328219237,2025????????,CNY
Baolong,CF,yoy,2025Q2,comparison,603197_Baolong_2026_Q2_??????????.csv,??????????????????,??????????????????,Cash Paid for Debt Repayment,CF_FIA_OUT_CASH_PAID_DEBT_REPA,Cash Flow,Financing Activities - Cash Outflows,Cash Paid for Debt Repayment,,detail,N,-1,783586387.6,2025????????,CNY
Baolong,CF,yoy,2025Q2,comparison,603197_Baolong_2026_Q2_??????????.csv,???????????????????????????? ??????,??????????????????????????????????,"Cash Paid for Dividends, Profit Distribution or Interest",CF_FIA_OUT_CASH_PAID_DIVI_PROF,Cash Flow,Financing Activities - Cash Outflows,"Cash Paid for Dividends, Profit Distribution or Interest",,detail,N,-1,133898712,2025????????,CNY
Baolong,CF,yoy,2025Q2,comparison,603197_Baolong_2026_Q2_??????????.csv,????????????????????????????,????????????????????????????,Other Cash Paid for Financing Activities,CF_FIA_OUT_OTHE_CASH_PAID_FINA,Cash Flow,Financing Activities - Cash Outflows,Other Cash Paid for Financing Activities,,detail,N,-1,124605524.8,2025????????,CNY
Baolong,CF,yoy,2025Q2,comparison,603197_Baolong_2026_Q2_??????????.csv,????????????????????,????????????????????,Financing Cash Outflows Subtotal,CF_FIA_TOTAL_FINA_CASH_OUTF_SUBT,Cash Flow,Financing Activities,Cash Outflows Subtotal,,total,Y,1,1042090624,2025????????,CNY
Baolong,CF,yoy,2025Q2,comparison,603197_Baolong_2026_Q2_??????????.csv,???????????????????????? ??,??????????????????????????,Net Cash from Financing Activities,CF_FIN_NET,Cash Flow,Financing Activities,Net Cash from Financing Activities,,total,Y,1,286128612.2,2025????????,CNY
Baolong,CF,yoy,2025Q2,comparison,603197_Baolong_2026_Q2_??????????.csv,?????????????????????????????? ??????,????????????????????????????????,FX Impact on Cash and Cash Equivalents,CF_FX_HDR,Cash Flow,FX,Section Header,,header,N,0,14853447.36,2025????????,CNY
Baolong,CF,yoy,2025Q2,comparison,603197_Baolong_2026_Q2_??????????.csv,????????????????????????????,????????????????????????,Net Increase in Cash and Cash Equivalents,CF_NET_CASH_CHANGE,Cash Flow,Net Cash Change,Section Header,,header,N,0,-539646305.5,2025????????,CNY
Baolong,CF,yoy,2025Q2,comparison,603197_Baolong_2026_Q2_??????????.csv,??:????????????????????????,????????????????????????,Opening Cash and Cash Equivalents,CF_OPENING_CASH_BAL,Cash Flow,Cash Balance,Opening Cash and Cash Equivalents,,detail,N,1,1223942869,2025????????,CNY
Baolong,CF,yoy,2025Q2,comparison,603197_Baolong_2026_Q2_??????????.csv,????????????????????????????,????????????????????????,Ending Cash and Cash Equivalents,CF_ENDING_CASH_BAL,Cash Flow,Cash Balance,Section Header,,header,N,0,684296563.1,2025????????,CNY
BTL,CF,yoy,2026Q2,current,603596_BTL_2026_Q2_??????????.csv,????????????????????????????,????????????????????????????,Cash Received from Sale of Goods and Services,CF_OPA_IN_CASH_RECE_SALE_GOOD,Cash Flow,Operating Activities - Cash Inflows,Cash Received from Sale of Goods and Services,,detail,N,1,6332473425,2026????????,CNY
BTL,CF,yoy,2026Q2,current,603596_BTL_2026_Q2_??????????.csv,??????????????,??????????????,Tax Refunds Received,CF_OPA_IN_TAX_REFU_RECE,Cash Flow,Operating Activities - Cash Inflows,Tax Refunds Received,,detail,N,1,83205164.77,2026????????,CNY
BTL,CF,yoy,2026Q2,current,603596_BTL_2026_Q2_??????????.csv,????????????????????????????,????????????????????????????,Other Cash Received from Operating Activities,CF_OPA_IN_OTHE_CASH_RECE_OPER,Cash Flow,Operating Activities - Cash Inflows,Other Cash Received from Operating Activities,,detail,N,1,56982509.73,2026????????,CNY
BTL,CF,yoy,2026Q2,current,603596_BTL_2026_Q2_??????????.csv,????????????????????,????????????????????,Operating Cash Inflows Subtotal,CF_OPA_TOTAL_OPER_CASH_INFL_SUBT,Cash Flow,Operating Activities,Cash Inflows Subtotal,,total,Y,1,6472661099,2026????????,CNY
BTL,CF,yoy,2026Q2,current,603596_BTL_2026_Q2_??????????.csv,????????????????????????????,????????????????????????????,Cash Paid for Purchase of Goods and Services,CF_OPA_OUT_CASH_PAID_PURC_GOOD,Cash Flow,Operating Activities - Cash Outflows,Cash Paid for Purchase of Goods and Services,,detail,N,-1,4313504307,2026????????,CNY
BTL,CF,yoy,2026Q2,current,603596_BTL_2026_Q2_??????????.csv,????????????????????????????,????????????????????????????,Cash Paid to and for Employees,CF_OPA_OUT_CASH_PAID_EMPL,Cash Flow,Operating Activities - Cash Outflows,Cash Paid to and for Employees,,detail,N,-1,710217347.8,2026????????,CNY
BTL,CF,yoy,2026Q2,current,603596_BTL_2026_Q2_??????????.csv,??????????????,??????????????,Taxes Paid,CF_OPA_OUT_TAXE_PAID,Cash Flow,Operating Activities - Cash Outflows,Taxes Paid,,detail,N,-1,485937556,2026????????,CNY
BTL,CF,yoy,2026Q2,current,603596_BTL_2026_Q2_??????????.csv,????????????????????????????,????????????????????????????,Other Cash Paid for Operating Activities,CF_OPA_OUT_OTHE_CASH_PAID_OPER,Cash Flow,Operating Activities - Cash Outflows,Other Cash Paid for Operating Activities,,detail,N,-1,211378049,2026????????,CNY
BTL,CF,yoy,2026Q2,current,603596_BTL_2026_Q2_??????????.csv,????????????????????,????????????????????,Operating Cash Outflows Subtotal,CF_OPA_TOTAL_OPER_CASH_OUTF_SUBT,Cash Flow,Operating Activities,Cash Outflows Subtotal,,total,Y,1,5721037260,2026????????,CNY
BTL,CF,yoy,2026Q2,current,603596_BTL_2026_Q2_??????????.csv,??????????????????????????,??????????????????????????,Net Cash from Operating Activities,CF_OP_NET,Cash Flow,Operating Activities,Net Cash from Operating Activities,,total,Y,1,751623839.2,2026????????,CNY
BTL,CF,yoy,2026Q2,current,603596_BTL_2026_Q2_??????????.csv,??????????????????,??????????????????,Cash Received from Investment Recovery,CF_INA_IN_CASH_RECE_INVE_RECO,Cash Flow,Investing Activities - Cash Inflows,Cash Received from Investment Recovery,,detail,N,1,1382508510,2026????????,CNY
BTL,CF,yoy,2026Q2,current,603596_BTL_2026_Q2_??????????.csv,??????????????????????,??????????????????????,Cash Received from Investment Income,CF_INA_IN_CASH_RECE_INVE_INCO,Cash Flow,Investing Activities - Cash Inflows,Cash Received from Investment Income,,detail,N,1,39749201.62,2026????????,CNY
BTL,CF,yoy,2026Q2,current,603596_BTL_2026_Q2_??????????.csv,?????????????????????????????? ????????????????????,??????????????????????????????????????????????????,Net Cash Received from Disposal of Long-term Assets,CF_INA_IN_TOTAL_CASH_RECE_DISP_LONG,Cash Flow,Investing Activities - Cash Inflows,Net Cash Received from Disposal of Long-term Assets,,total,Y,1,556139.59,2026????????,CNY
BTL,CF,yoy,2026Q2,current,603596_BTL_2026_Q2_??????????.csv,????????????????????????????,????????????????????????????,Other Cash Received from Investing Activities,CF_INA_IN_OTHE_CASH_RECE_INVE,Cash Flow,Investing Activities - Cash Inflows,Other Cash Received from Investing Activities,,detail,N,1,38952306.48,2026????????,CNY
BTL,CF,yoy,2026Q2,current,603596_BTL_2026_Q2_??????????.csv,????????????????????,????????????????????,Investing Cash Inflows Subtotal,CF_INA_TOTAL_INVE_CASH_INFL_SUBT,Cash Flow,Investing Activities,Cash Inflows Subtotal,,total,Y,1,1461766158,2026????????,CNY
BTL,CF,yoy,2026Q2,current,603596_BTL_2026_Q2_??????????.csv,?????????????????????????????? ????????????????,??????????????????????????????????????????????,Cash Paid for Acquisition and Construction of Long-term Assets,CF_INA_OUT_CASH_PAID_ACQU_CONS,Cash Flow,Investing Activities - Cash Outflows,Cash Paid for Acquisition and Construction of Long-term Assets,,detail,N,-1,364019942.9,2026????????,CNY
BTL,CF,yoy,2026Q2,current,603596_BTL_2026_Q2_??????????.csv,??????????????,??????????????,Cash Paid for Investments,CF_INA_OUT_CASH_PAID_INVE,Cash Flow,Investing Activities - Cash Outflows,Cash Paid for Investments,,detail,N,-1,1305448812,2026????????,CNY
BTL,CF,yoy,2026Q2,current,603596_BTL_2026_Q2_??????????.csv,?????????????????????????????? ????????,??????????????????????????????????????,Net Cash Paid for Acquisition of Subsidiaries and Other Business Units,CF_INA_OUT_TOTAL_CASH_PAID_ACQU_SUBS,Cash Flow,Investing Activities - Cash Outflows,Net Cash Paid for Acquisition of Subsidiaries and Other Business Units,,total,Y,-1,373981035.2,2026????????,CNY
BTL,CF,yoy,2026Q2,current,603596_BTL_2026_Q2_??????????.csv,????????????????????,????????????????????,Investing Cash Outflows Subtotal,CF_INA_TOTAL_INVE_CASH_OUTF_SUBT,Cash Flow,Investing Activities,Cash Outflows Subtotal,,total,Y,1,2043449790,2026????????,CNY
BTL,CF,yoy,2026Q2,current,603596_BTL_2026_Q2_??????????.csv,??????????????????????????,??????????????????????????,Net Cash from Investing Activities,CF_INV_NET,Cash Flow,Investing Activities,Net Cash from Investing Activities,,total,Y,1,-581683632.8,2026????????,CNY
BTL,CF,yoy,2026Q2,current,603596_BTL_2026_Q2_??????????.csv,??????????????????,??????????????????,Cash Received from Capital Contributions,CF_FIA_IN_CASH_RECE_CAPI_CONT,Cash Flow,Financing Activities - Cash Inflows,Cash Received from Capital Contributions,,detail,N,1,3200000,2026????????,CNY
BTL,CF,yoy,2026Q2,current,603596_BTL_2026_Q2_??????????.csv,????:???????????????????????? ????????,????????????????????????????????,Cash Received by Subsidiaries from Non-controlling Shareholders,CF_FIA_IN_CASH_RECE_CAPI_CONT_CASH_RECE_SUBS_NON,Cash Flow,Financing Activities - Cash Inflows,Cash Received by Subsidiaries from Non-controlling Shareholders,,detail,N,1,3200000,2026????????,CNY
BTL,CF,yoy,2026Q2,current,603596_BTL_2026_Q2_??????????.csv,??????????????????,??????????????????,Cash Received from Borrowings,CF_FIA_IN_CASH_RECE_BORR,Cash Flow,Financing Activities - Cash Inflows,Cash Received from Borrowings,,detail,N,1,1177383373,2026????????,CNY
BTL,CF,yoy,2026Q2,current,603596_BTL_2026_Q2_??????????.csv,????????????????????,????????????????????,Financing Cash Inflows Subtotal,CF_FIA_TOTAL_FINA_CASH_INFL_SUBT,Cash Flow,Financing Activities,Cash Inflows Subtotal,,total,Y,1,1180583373,2026????????,CNY
BTL,CF,yoy,2026Q2,current,603596_BTL_2026_Q2_??????????.csv,??????????????????,??????????????????,Cash Paid for Debt Repayment,CF_FIA_OUT_CASH_PAID_DEBT_REPA,Cash Flow,Financing Activities - Cash Outflows,Cash Paid for Debt Repayment,,detail,N,-1,233191773.9,2026????????,CNY
BTL,CF,yoy,2026Q2,current,603596_BTL_2026_Q2_??????????.csv,?????????????????????????????? ????,??????????????????????????????????,"Cash Paid for Dividends, Profit Distribution or Interest",CF_FIA_OUT_CASH_PAID_DIVI_PROF,Cash Flow,Financing Activities - Cash Outflows,"Cash Paid for Dividends, Profit Distribution or Interest",,detail,N,-1,238192411.7,2026????????,CNY
BTL,CF,yoy,2026Q2,current,603596_BTL_2026_Q2_??????????.csv,????????????????????????????,????????????????????????????,Other Cash Paid for Financing Activities,CF_FIA_OUT_OTHE_CASH_PAID_FINA,Cash Flow,Financing Activities - Cash Outflows,Other Cash Paid for Financing Activities,,detail,N,-1,17757147.6,2026????????,CNY
BTL,CF,yoy,2026Q2,current,603596_BTL_2026_Q2_??????????.csv,????????????????????,????????????????????,Financing Cash Outflows Subtotal,CF_FIA_TOTAL_FINA_CASH_OUTF_SUBT,Cash Flow,Financing Activities,Cash Outflows Subtotal,,total,Y,1,489141333.1,2026????????,CNY
BTL,CF,yoy,2026Q2,current,603596_BTL_2026_Q2_??????????.csv,??????????????????????????,??????????????????????????,Net Cash from Financing Activities,CF_FIN_NET,Cash Flow,Financing Activities,Net Cash from Financing Activities,,total,Y,1,691442039.9,2026????????,CNY
BTL,CF,yoy,2026Q2,current,603596_BTL_2026_Q2_??????????.csv,???????????????????????????????? ????,????????????????????????????????,FX Impact on Cash and Cash Equivalents,CF_FX_HDR,Cash Flow,FX,Section Header,,header,N,0,-4935402.76,2026????????,CNY
BTL,CF,yoy,2026Q2,current,603596_BTL_2026_Q2_??????????.csv,????????????????????????????,????????????????????????,Net Increase in Cash and Cash Equivalents,CF_NET_CASH_CHANGE,Cash Flow,Net Cash Change,Section Header,,header,N,0,856446843.5,2026????????,CNY
BTL,CF,yoy,2026Q2,current,603596_BTL_2026_Q2_??????????.csv,??:????????????????????????,????????????????????????,Opening Cash and Cash Equivalents,CF_OPENING_CASH_BAL,Cash Flow,Cash Balance,Opening Cash and Cash Equivalents,,detail,N,1,1706647803,2026????????,CNY
BTL,CF,yoy,2026Q2,current,603596_BTL_2026_Q2_??????????.csv,????????????????????????????,????????????????????????,Ending Cash and Cash Equivalents,CF_ENDING_CASH_BAL,Cash Flow,Cash Balance,Section Header,,header,N,0,2563094647,2026????????,CNY
BTL,CF,yoy,2025Q2,comparison,603596_BTL_2026_Q2_??????????.csv,????????????????????????????,????????????????????????????,Cash Received from Sale of Goods and Services,CF_OPA_IN_CASH_RECE_SALE_GOOD,Cash Flow,Operating Activities - Cash Inflows,Cash Received from Sale of Goods and Services,,detail,N,1,6518970960,2025????????,CNY
BTL,CF,yoy,2025Q2,comparison,603596_BTL_2026_Q2_??????????.csv,??????????????,??????????????,Tax Refunds Received,CF_OPA_IN_TAX_REFU_RECE,Cash Flow,Operating Activities - Cash Inflows,Tax Refunds Received,,detail,N,1,94942242.03,2025????????,CNY
BTL,CF,yoy,2025Q2,comparison,603596_BTL_2026_Q2_??????????.csv,????????????????????????????,????????????????????????????,Other Cash Received from Operating Activities,CF_OPA_IN_OTHE_CASH_RECE_OPER,Cash Flow,Operating Activities - Cash Inflows,Other Cash Received from Operating Activities,,detail,N,1,54073089.29,2025????????,CNY
BTL,CF,yoy,2025Q2,comparison,603596_BTL_2026_Q2_??????????.csv,????????????????????,????????????????????,Operating Cash Inflows Subtotal,CF_OPA_TOTAL_OPER_CASH_INFL_SUBT,Cash Flow,Operating Activities,Cash Inflows Subtotal,,total,Y,1,6667986291,2025????????,CNY
BTL,CF,yoy,2025Q2,comparison,603596_BTL_2026_Q2_??????????.csv,????????????????????????????,????????????????????????????,Cash Paid for Purchase of Goods and Services,CF_OPA_OUT_CASH_PAID_PURC_GOOD,Cash Flow,Operating Activities - Cash Outflows,Cash Paid for Purchase of Goods and Services,,detail,N,-1,5051873324,2025????????,CNY
BTL,CF,yoy,2025Q2,comparison,603596_BTL_2026_Q2_??????????.csv,????????????????????????????,????????????????????????????,Cash Paid to and for Employees,CF_OPA_OUT_CASH_PAID_EMPL,Cash Flow,Operating Activities - Cash Outflows,Cash Paid to and for Employees,,detail,N,-1,630245449.4,2025????????,CNY
BTL,CF,yoy,2025Q2,comparison,603596_BTL_2026_Q2_??????????.csv,??????????????,??????????????,Taxes Paid,CF_OPA_OUT_TAXE_PAID,Cash Flow,Operating Activities - Cash Outflows,Taxes Paid,,detail,N,-1,252936055.1,2025????????,CNY
BTL,CF,yoy,2025Q2,comparison,603596_BTL_2026_Q2_??????????.csv,????????????????????????????,????????????????????????????,Other Cash Paid for Operating Activities,CF_OPA_OUT_OTHE_CASH_PAID_OPER,Cash Flow,Operating Activities - Cash Outflows,Other Cash Paid for Operating Activities,,detail,N,-1,96327565.84,2025????????,CNY
BTL,CF,yoy,2025Q2,comparison,603596_BTL_2026_Q2_??????????.csv,????????????????????,????????????????????,Operating Cash Outflows Subtotal,CF_OPA_TOTAL_OPER_CASH_OUTF_SUBT,Cash Flow,Operating Activities,Cash Outflows Subtotal,,total,Y,1,6031382394,2025????????,CNY
BTL,CF,yoy,2025Q2,comparison,603596_BTL_2026_Q2_??????????.csv,??????????????????????????,??????????????????????????,Net Cash from Operating Activities,CF_OP_NET,Cash Flow,Operating Activities,Net Cash from Operating Activities,,total,Y,1,636603896.6,2025????????,CNY
BTL,CF,yoy,2025Q2,comparison,603596_BTL_2026_Q2_??????????.csv,??????????????????,??????????????????,Cash Received from Investment Recovery,CF_INA_IN_CASH_RECE_INVE_RECO,Cash Flow,Investing Activities - Cash Inflows,Cash Received from Investment Recovery,,detail,N,1,235280514.4,2025????????,CNY
BTL,CF,yoy,2025Q2,comparison,603596_BTL_2026_Q2_??????????.csv,??????????????????????,??????????????????????,Cash Received from Investment Income,CF_INA_IN_CASH_RECE_INVE_INCO,Cash Flow,Investing Activities - Cash Inflows,Cash Received from Investment Income,,detail,N,1,26406296.16,2025????????,CNY
BTL,CF,yoy,2025Q2,comparison,603596_BTL_2026_Q2_??????????.csv,?????????????????????????????? ????????????????????,??????????????????????????????????????????????????,Net Cash Received from Disposal of Long-term Assets,CF_INA_IN_TOTAL_CASH_RECE_DISP_LONG,Cash Flow,Investing Activities - Cash Inflows,Net Cash Received from Disposal of Long-term Assets,,total,Y,1,17700,2025????????,CNY
BTL,CF,yoy,2025Q2,comparison,603596_BTL_2026_Q2_??????????.csv,????????????????????????????,????????????????????????????,Other Cash Received from Investing Activities,CF_INA_IN_OTHE_CASH_RECE_INVE,Cash Flow,Investing Activities - Cash Inflows,Other Cash Received from Investing Activities,,detail,N,1,33418367.28,2025????????,CNY
BTL,CF,yoy,2025Q2,comparison,603596_BTL_2026_Q2_??????????.csv,????????????????????,????????????????????,Investing Cash Inflows Subtotal,CF_INA_TOTAL_INVE_CASH_INFL_SUBT,Cash Flow,Investing Activities,Cash Inflows Subtotal,,total,Y,1,295122877.8,2025????????,CNY
BTL,CF,yoy,2025Q2,comparison,603596_BTL_2026_Q2_??????????.csv,?????????????????????????????? ????????????????,??????????????????????????????????????????????,Cash Paid for Acquisition and Construction of Long-term Assets,CF_INA_OUT_CASH_PAID_ACQU_CONS,Cash Flow,Investing Activities - Cash Outflows,Cash Paid for Acquisition and Construction of Long-term Assets,,detail,N,-1,334500859,2025????????,CNY
BTL,CF,yoy,2025Q2,comparison,603596_BTL_2026_Q2_??????????.csv,??????????????,??????????????,Cash Paid for Investments,CF_INA_OUT_CASH_PAID_INVE,Cash Flow,Investing Activities - Cash Outflows,Cash Paid for Investments,,detail,N,-1,605500000,2025????????,CNY
BTL,CF,yoy,2025Q2,comparison,603596_BTL_2026_Q2_??????????.csv,????????????????????,????????????????????,Investing Cash Outflows Subtotal,CF_INA_TOTAL_INVE_CASH_OUTF_SUBT,Cash Flow,Investing Activities,Cash Outflows Subtotal,,total,Y,1,940000859,2025????????,CNY
BTL,CF,yoy,2025Q2,comparison,603596_BTL_2026_Q2_??????????.csv,??????????????????????????,??????????????????????????,Net Cash from Investing Activities,CF_INV_NET,Cash Flow,Investing Activities,Net Cash from Investing Activities,,total,Y,1,-644877981.2,2025????????,CNY
BTL,CF,yoy,2025Q2,comparison,603596_BTL_2026_Q2_??????????.csv,??????????????????,??????????????????,Cash Received from Borrowings,CF_FIA_IN_CASH_RECE_BORR,Cash Flow,Financing Activities - Cash Inflows,Cash Received from Borrowings,,detail,N,1,69000000,2025????????,CNY
BTL,CF,yoy,2025Q2,comparison,603596_BTL_2026_Q2_??????????.csv,????????????????????????????,????????????????????????????,Other Cash Received from Financing Activities,CF_FIA_IN_OTHE_CASH_RECE_FINA,Cash Flow,Financing Activities - Cash Inflows,Other Cash Received from Financing Activities,,detail,N,1,45000000,2025????????,CNY
BTL,CF,yoy,2025Q2,comparison,603596_BTL_2026_Q2_??????????.csv,????????????????????,????????????????????,Financing Cash Inflows Subtotal,CF_FIA_TOTAL_FINA_CASH_INFL_SUBT,Cash Flow,Financing Activities,Cash Inflows Subtotal,,total,Y,1,114000000,2025????????,CNY
BTL,CF,yoy,2025Q2,comparison,603596_BTL_2026_Q2_??????????.csv,??????????????????,??????????????????,Cash Paid for Debt Repayment,CF_FIA_OUT_CASH_PAID_DEBT_REPA,Cash Flow,Financing Activities - Cash Outflows,Cash Paid for Debt Repayment,,detail,N,-1,5450000,2025????????,CNY
BTL,CF,yoy,2025Q2,comparison,603596_BTL_2026_Q2_??????????.csv,?????????????????????????????? ????,??????????????????????????????????,"Cash Paid for Dividends, Profit Distribution or Interest",CF_FIA_OUT_CASH_PAID_DIVI_PROF,Cash Flow,Financing Activities - Cash Outflows,"Cash Paid for Dividends, Profit Distribution or Interest",,detail,N,-1,173972538,2025????????,CNY
BTL,CF,yoy,2025Q2,comparison,603596_BTL_2026_Q2_??????????.csv,????????????????????????????,????????????????????????????,Other Cash Paid for Financing Activities,CF_FIA_OUT_OTHE_CASH_PAID_FINA,Cash Flow,Financing Activities - Cash Outflows,Other Cash Paid for Financing Activities,,detail,N,-1,65640779.61,2025????????,CNY
BTL,CF,yoy,2025Q2,comparison,603596_BTL_2026_Q2_??????????.csv,????????????????????,????????????????????,Financing Cash Outflows Subtotal,CF_FIA_TOTAL_FINA_CASH_OUTF_SUBT,Cash Flow,Financing Activities,Cash Outflows Subtotal,,total,Y,1,245063317.6,2025????????,CNY
BTL,CF,yoy,2025Q2,comparison,603596_BTL_2026_Q2_??????????.csv,??????????????????????????,??????????????????????????,Net Cash from Financing Activities,CF_FIN_NET,Cash Flow,Financing Activities,Net Cash from Financing Activities,,total,Y,1,-131063317.6,2025????????,CNY
BTL,CF,yoy,2025Q2,comparison,603596_BTL_2026_Q2_??????????.csv,???????????????????????????????? ????,????????????????????????????????,FX Impact on Cash and Cash Equivalents,CF_FX_HDR,Cash Flow,FX,Section Header,,header,N,0,-1306744.65,2025????????,CNY
BTL,CF,yoy,2025Q2,comparison,603596_BTL_2026_Q2_??????????.csv,????????????????????????????,????????????????????????,Net Increase in Cash and Cash Equivalents,CF_NET_CASH_CHANGE,Cash Flow,Net Cash Change,Section Header,,header,N,0,-140644146.9,2025????????,CNY
BTL,CF,yoy,2025Q2,comparison,603596_BTL_2026_Q2_??????????.csv,??:????????????????????????,????????????????????????,Opening Cash and Cash Equivalents,CF_OPENING_CASH_BAL,Cash Flow,Cash Balance,Opening Cash and Cash Equivalents,,detail,N,1,2005419904,2025????????,CNY
BTL,CF,yoy,2025Q2,comparison,603596_BTL_2026_Q2_??????????.csv,????????????????????????????,????????????????????????,Ending Cash and Cash Equivalents,CF_ENDING_CASH_BAL,Cash Flow,Cash Balance,Section Header,,header,N,0,1864775757,2025????????,CNY
NASN,KPI,yoy,2023Q4,historical,NASN_table.xlsx,???????L(%),????????(%),Revenue Growth (%),KPI_REVENUE_GROWTH_PCT,,,,,detail,FALSE,1,25.1,2023,HKD
NASN,KPI,yoy,2023Q4,historical,NASN_table.xlsx,??????(%),??????(%),Gross Profit Margin (%),KPI_GROSS_PROFIT_MARGIN_PCT,,,,,detail,FALSE,1,1.1,2023,HKD
NASN,KPI,yoy,2023Q4,historical,NASN_table.xlsx,????????,????????,Current Ratio (1),KPI_CURRENT_RATIO,,,,,detail,FALSE,1,0.4,2023,HKD
NASN,KPI,yoy,2023Q4,historical,NASN_table.xlsx,????????,????????,Quick Ratio (2),KPI_QUICK_RATIO,,,,,detail,FALSE,1,0.4,2023,HKD
NASN,KPI,yoy,2024Q4,historical,NASN_table.xlsx,???????L(%),????????(%),Revenue Growth (%),KPI_REVENUE_GROWTH_PCT,,,,,detail,FALSE,1,43.5,2024,HKD
NASN,KPI,yoy,2024Q4,historical,NASN_table.xlsx,??????(%),??????(%),Gross Profit Margin (%),KPI_GROSS_PROFIT_MARGIN_PCT,,,,,detail,FALSE,1,10.7,2024,HKD
NASN,KPI,yoy,2024Q4,historical,NASN_table.xlsx,????????,????????,Current Ratio (1),KPI_CURRENT_RATIO,,,,,detail,FALSE,1,0.5,2024,HKD
NASN,KPI,yoy,2024Q4,historical,NASN_table.xlsx,????????,????????,Quick Ratio (2),KPI_QUICK_RATIO,,,,,detail,FALSE,1,0.4,2024,HKD
NASN,KPI,yoy,2025Q4,historical,NASN_table.xlsx,???????L(%),????????(%),Revenue Growth (%),KPI_REVENUE_GROWTH_PCT,,,,,detail,FALSE,1,57.3,2025,HKD
NASN,KPI,yoy,2025Q4,historical,NASN_table.xlsx,??????(%),??????(%),Gross Profit Margin (%),KPI_GROSS_PROFIT_MARGIN_PCT,,,,,detail,FALSE,1,13.6,2025,HKD
NASN,KPI,yoy,2025Q4,historical,NASN_table.xlsx,????????,????????,Current Ratio (1),KPI_CURRENT_RATIO,,,,,detail,FALSE,1,0.4,2025,HKD
NASN,KPI,yoy,2025Q4,historical,NASN_table.xlsx,????????,????????,Quick Ratio (2),KPI_QUICK_RATIO,,,,,detail,FALSE,1,0.4,2025,HKD
NASN,KPI,yoy,2026Q1,current,NASN_table.xlsx,???????L(%),????????(%),Revenue Growth (%),KPI_REVENUE_GROWTH_PCT,,,,,detail,FALSE,1,46.9,2026????????,HKD
NASN,KPI,yoy,2026Q1,current,NASN_table.xlsx,??????(%),??????(%),Gross Profit Margin (%),KPI_GROSS_PROFIT_MARGIN_PCT,,,,,detail,FALSE,1,10.1,2026????????,HKD
NASN,KPI,yoy,2026Q1,current,NASN_table.xlsx,????????,????????,Current Ratio (1),KPI_CURRENT_RATIO,,,,,detail,FALSE,1,0.4,2026????????,HKD
NASN,KPI,yoy,2026Q1,current,NASN_table.xlsx,????????,????????,Quick Ratio (2),KPI_QUICK_RATIO,,,,,detail,FALSE,1,0.3,2026????????,HKD
NASN,CF,yoy,2023Q4,historical,NASN_table.xlsx,???I????(????)?u?????F???????Q?~,?????????????u????????????????,Net Cash Flows Used in / Generated from Operating Activities,CF_OP_NET,,,,,detail,FALSE,1,-88875000,2023,HKD
NASN,CF,yoy,2023Q4,historical,NASN_table.xlsx,???Y?????????u(????)?F???????Q?~,?????????????u????????????????,Net Cash Flows Generated from / Used in Investing Activities,CF_INV_NET,,,,,detail,FALSE,1,5776000,2023,HKD
NASN,CF,yoy,2023Q4,historical,NASN_table.xlsx,???Y????(????)?u?????F???????Q?~,?????????????u????????????????,Net Cash Flows Used in / Generated from Financing Activities,CF_FIN_NET,,,,,detail,FALSE,1,-9037000,2023,HKD
NASN,CF,yoy,2023Q4,historical,NASN_table.xlsx,?F?????F?????r??(?p??)?u?????Q?~,?????????????????????u????????,Net Decrease / Increase in Cash and Cash Equivalents,CF_NET_CASH_CHANGE,,,,,detail,FALSE,0,-92136000,2023,HKD
NASN,CF,yoy,2023Q4,historical,NASN_table.xlsx,?????F?????F?????r??,????????????????????,Cash and Cash Equivalents at Beginning of Year,CF_OPENING_CASH_BAL,,,,,detail,FALSE,1,207101000,2023,HKD
NASN,CF,yoy,2023Q4,historical,NASN_table.xlsx,???R?R???????????Q?~,????????????????????,Net Effect of Foreign Exchange Rate Changes,CF_FX_IMPACT_NET,,,,,detail,FALSE,0,498000,2023,HKD
NASN,CF,yoy,2023Q4,historical,NASN_table.xlsx,?????F?????F?????r??,????????????????????,Cash and Cash Equivalents at End of Year,CF_ENDING_CASH_BAL,,,,,detail,FALSE,0,115463000,2023,HKD
NASN,CF,yoy,2024Q4,historical,NASN_table.xlsx,???I????(????)?u?????F???????Q?~,?????????????u????????????????,Net Cash Flows Used in / Generated from Operating Activities,CF_OP_NET,,,,,detail,FALSE,1,25338000,2024,HKD
NASN,CF,yoy,2024Q4,historical,NASN_table.xlsx,???Y?????????u(????)?F???????Q?~,?????????????u????????????????,Net Cash Flows Generated from / Used in Investing Activities,CF_INV_NET,,,,,detail,FALSE,1,-254590000,2024,HKD
NASN,CF,yoy,2024Q4,historical,NASN_table.xlsx,???Y????(????)?u?????F???????Q?~,?????????????u????????????????,Net Cash Flows Used in / Generated from Financing Activities,CF_FIN_NET,,,,,detail,FALSE,1,279055000,2024,HKD
NASN,CF,yoy,2024Q4,historical,NASN_table.xlsx,?F?????F?????r??(?p??)?u?????Q?~,?????????????????????u????????,Net Decrease / Increase in Cash and Cash Equivalents,CF_NET_CASH_CHANGE,,,,,detail,FALSE,0,49803000,2024,HKD
NASN,CF,yoy,2024Q4,historical,NASN_table.xlsx,?????F?????F?????r??,????????????????????,Cash and Cash Equivalents at Beginning of Year,CF_OPENING_CASH_BAL,,,,,detail,FALSE,1,115463000,2024,HKD
NASN,CF,yoy,2024Q4,historical,NASN_table.xlsx,???R?R???????????Q?~,????????????????????,Net Effect of Foreign Exchange Rate Changes,CF_FX_IMPACT_NET,,,,,detail,FALSE,0,330000,2024,HKD
NASN,CF,yoy,2024Q4,historical,NASN_table.xlsx,?????F?????F?????r??,????????????????????,Cash and Cash Equivalents at End of Year,CF_ENDING_CASH_BAL,,,,,detail,FALSE,0,165596000,2024,HKD
NASN,CF,yoy,2025Q4,historical,NASN_table.xlsx,???I????(????)?u?????F???????Q?~,?????????????u????????????????,Net Cash Flows Used in / Generated from Operating Activities,CF_OP_NET,,,,,detail,FALSE,1,-164614000,2025,HKD
NASN,CF,yoy,2025Q4,historical,NASN_table.xlsx,???Y?????????u(????)?F???????Q?~,?????????????u????????????????,Net Cash Flows Generated from / Used in Investing Activities,CF_INV_NET,,,,,detail,FALSE,1,52127000,2025,HKD
NASN,CF,yoy,2025Q4,historical,NASN_table.xlsx,???Y????(????)?u?????F???????Q?~,?????????????u????????????????,Net Cash Flows Used in / Generated from Financing Activities,CF_FIN_NET,,,,,detail,FALSE,1,96044000,2025,HKD
NASN,CF,yoy,2025Q4,historical,NASN_table.xlsx,?F?????F?????r??(?p??)?u?????Q?~,?????????????????????u????????,Net Decrease / Increase in Cash and Cash Equivalents,CF_NET_CASH_CHANGE,,,,,detail,FALSE,0,-16443000,2025,HKD
NASN,CF,yoy,2025Q4,historical,NASN_table.xlsx,?????F?????F?????r??,????????????????????,Cash and Cash Equivalents at Beginning of Year,CF_OPENING_CASH_BAL,,,,,detail,FALSE,1,165596000,2025,HKD
NASN,CF,yoy,2025Q4,historical,NASN_table.xlsx,???R?R???????????Q?~,????????????????????,Net Effect of Foreign Exchange Rate Changes,CF_FX_IMPACT_NET,,,,,detail,FALSE,0,-552000,2025,HKD
NASN,CF,yoy,2025Q4,historical,NASN_table.xlsx,?????F?????F?????r??,????????????????????,Cash and Cash Equivalents at End of Year,CF_ENDING_CASH_BAL,,,,,detail,FALSE,0,148601000,2025,HKD
NASN,CF,yoy,2025Q1,comparison,NASN_table.xlsx,???I????(????)?u?????F???????Q?~,?????????????u????????????????,Net Cash Flows Used in / Generated from Operating Activities,CF_OP_NET,,,,,detail,FALSE,1,-128335000,2025????????,HKD
NASN,CF,yoy,2025Q1,comparison,NASN_table.xlsx,???Y?????????u(????)?F???????Q?~,?????????????u????????????????,Net Cash Flows Generated from / Used in Investing Activities,CF_INV_NET,,,,,detail,FALSE,1,215123000,2025????????,HKD
NASN,CF,yoy,2025Q1,comparison,NASN_table.xlsx,???Y????(????)?u?????F???????Q?~,?????????????u????????????????,Net Cash Flows Used in / Generated from Financing Activities,CF_FIN_NET,,,,,detail,FALSE,1,-1880000,2025????????,HKD
NASN,CF,yoy,2025Q1,comparison,NASN_table.xlsx,?F?????F?????r??(?p??)?u?????Q?~,?????????????????????u????????,Net Decrease / Increase in Cash and Cash Equivalents,CF_NET_CASH_CHANGE,,,,,detail,FALSE,0,84908000,2025????????,HKD
NASN,CF,yoy,2025Q1,comparison,NASN_table.xlsx,?????F?????F?????r??,????????????????????,Cash and Cash Equivalents at Beginning of Year,CF_OPENING_CASH_BAL,,,,,detail,FALSE,1,165596000,2025????????,HKD
NASN,CF,yoy,2025Q1,comparison,NASN_table.xlsx,???R?R???????????Q?~,????????????????????,Net Effect of Foreign Exchange Rate Changes,CF_FX_IMPACT_NET,,,,,detail,FALSE,0,-16000,2025????????,HKD
NASN,CF,yoy,2025Q1,comparison,NASN_table.xlsx,?????F?????F?????r??,????????????????????,Cash and Cash Equivalents at End of Year,CF_ENDING_CASH_BAL,,,,,detail,FALSE,0,250488000,2025????????,HKD
NASN,CF,yoy,2026Q1,current,NASN_table.xlsx,???I????(????)?u?????F???????Q?~,?????????????u????????????????,Net Cash Flows Used in / Generated from Operating Activities,CF_OP_NET,,,,,detail,FALSE,1,-19078000,2026????????,HKD
NASN,CF,yoy,2026Q1,current,NASN_table.xlsx,???Y?????????u(????)?F???????Q?~,?????????????u????????????????,Net Cash Flows Generated from / Used in Investing Activities,CF_INV_NET,,,,,detail,FALSE,1,75850000,2026????????,HKD
NASN,CF,yoy,2026Q1,current,NASN_table.xlsx,???Y????(????)?u?????F???????Q?~,?????????????u????????????????,Net Cash Flows Used in / Generated from Financing Activities,CF_FIN_NET,,,,,detail,FALSE,1,-1282000,2026????????,HKD
NASN,CF,yoy,2026Q1,current,NASN_table.xlsx,?F?????F?????r??(?p??)?u?????Q?~,?????????????????????u????????,Net Decrease / Increase in Cash and Cash Equivalents,CF_NET_CASH_CHANGE,,,,,detail,FALSE,0,55490000,2026????????,HKD
NASN,CF,yoy,2026Q1,current,NASN_table.xlsx,?????F?????F?????r??,????????????????????,Cash and Cash Equivalents at Beginning of Year,CF_OPENING_CASH_BAL,,,,,detail,FALSE,1,148601000,2026????????,HKD
NASN,CF,yoy,2026Q1,current,NASN_table.xlsx,???R?R???????????Q?~,????????????????????,Net Effect of Foreign Exchange Rate Changes,CF_FX_IMPACT_NET,,,,,detail,FALSE,0,-565000,2026????????,HKD
NASN,CF,yoy,2026Q1,current,NASN_table.xlsx,?????F?????F?????r??,????????????????????,Cash and Cash Equivalents at End of Year,CF_ENDING_CASH_BAL,,,,,detail,FALSE,0,203526000,2026????????,HKD
NASN,BS,qoq,2023Q4,historical,NASN_table.xlsx,?????Y?a????,????????????,Total Current Assets,BS_CA_TOTAL_CURR_ASSE,,,,,detail,FALSE,1,605762000,2023,HKD
NASN,BS,qoq,2023Q4,historical,NASN_table.xlsx,???????Y?a????,??????????????,Total Non-current Assets,BS_NCA_TOTAL_NON_CURR_ASSE,,,,,detail,FALSE,1,149281000,2023,HKD
NASN,BS,qoq,2023Q4,historical,NASN_table.xlsx,?Y?a????,????????,Total Assets,BS_TOTAL_ASSETS,,,,,detail,FALSE,1,755043000,2023,HKD
NASN,BS,qoq,2023Q4,historical,NASN_table.xlsx,???????????~,????????????,Total Current Liabilities,BS_CL_TOTAL_CURR_LIAB,,,,,detail,FALSE,1,1476530000,2023,HKD
NASN,BS,qoq,2023Q4,historical,NASN_table.xlsx,?????????????~,??????????????,Total Non-current Liabilities,BS_NCL_TOTAL_NON_CURR_LIAB,,,,,detail,FALSE,1,27873000,2023,HKD
NASN,BS,qoq,2023Q4,historical,NASN_table.xlsx,?????????Q?~,????????????,Net Current Liabilities,BS_NET_CURRENT_LIABILITIES,,,,,detail,FALSE,1,-870768000,2023,HKD
NASN,BS,qoq,2023Q4,historical,NASN_table.xlsx,?????Q?~,????????,Net Liabilities,BS_NET_LIABILITIES,,,,,detail,FALSE,0,-749360000,2023,HKD
NASN,BS,qoq,2024Q4,historical,NASN_table.xlsx,?????Y?a????,????????????,Total Current Assets,BS_CA_TOTAL_CURR_ASSE,,,,,detail,FALSE,1,902420000,2024,HKD
NASN,BS,qoq,2024Q4,historical,NASN_table.xlsx,???????Y?a????,??????????????,Total Non-current Assets,BS_NCA_TOTAL_NON_CURR_ASSE,,,,,detail,FALSE,1,175837000,2024,HKD
NASN,BS,qoq,2024Q4,historical,NASN_table.xlsx,?Y?a????,????????,Total Assets,BS_TOTAL_ASSETS,,,,,detail,FALSE,1,1078257000,2024,HKD
NASN,BS,qoq,2024Q4,historical,NASN_table.xlsx,???????????~,????????????,Total Current Liabilities,BS_CL_TOTAL_CURR_LIAB,,,,,detail,FALSE,1,1963521000,2024,HKD
NASN,BS,qoq,2024Q4,historical,NASN_table.xlsx,?????????????~,??????????????,Total Non-current Liabilities,BS_NCL_TOTAL_NON_CURR_LIAB,,,,,detail,FALSE,1,21626000,2024,HKD
NASN,BS,qoq,2024Q4,historical,NASN_table.xlsx,?????????Q?~,????????????,Net Current Liabilities,BS_NET_CURRENT_LIABILITIES,,,,,detail,FALSE,1,-1061101000,2024,HKD
NASN,BS,qoq,2024Q4,historical,NASN_table.xlsx,?????Q?~,????????,Net Liabilities,BS_NET_LIABILITIES,,,,,detail,FALSE,0,-906890000,2024,HKD
NASN,BS,qoq,2025Q4,historical,NASN_table.xlsx,?????Y?a????,????????????,Total Current Assets,BS_CA_TOTAL_CURR_ASSE,,,,,detail,FALSE,1,948750000,2025,HKD
NASN,BS,qoq,2025Q4,historical,NASN_table.xlsx,???????Y?a????,??????????????,Total Non-current Assets,BS_NCA_TOTAL_NON_CURR_ASSE,,,,,detail,FALSE,1,269995000,2025,HKD
NASN,BS,qoq,2025Q4,historical,NASN_table.xlsx,?Y?a????,????????,Total Assets,BS_TOTAL_ASSETS,,,,,detail,FALSE,1,1218745000,2025,HKD
NASN,BS,qoq,2025Q4,historical,NASN_table.xlsx,???????????~,????????????,Total Current Liabilities,BS_CL_TOTAL_CURR_LIAB,,,,,detail,FALSE,1,2231629000,2025,HKD
NASN,BS,qoq,2025Q4,historical,NASN_table.xlsx,?????????????~,??????????????,Total Non-current Liabilities,BS_NCL_TOTAL_NON_CURR_LIAB,,,,,detail,FALSE,1,50667000,2025,HKD
NASN,BS,qoq,2025Q4,historical,NASN_table.xlsx,?????????Q?~,????????????,Net Current Liabilities,BS_NET_CURRENT_LIABILITIES,,,,,detail,FALSE,1,-1282879000,2025,HKD
NASN,BS,qoq,2025Q4,historical,NASN_table.xlsx,?????Q?~,????????,Net Liabilities,BS_NET_LIABILITIES,,,,,detail,FALSE,0,-1063551000,2025,HKD
NASN,BS,qoq,2026Q1,current,NASN_table.xlsx,?????Y?a????,????????????,Total Current Assets,BS_CA_TOTAL_CURR_ASSE,,,,,detail,FALSE,1,833979000,2026????????,HKD
NASN,BS,qoq,2026Q1,current,NASN_table.xlsx,???????Y?a????,??????????????,Total Non-current Assets,BS_NCA_TOTAL_NON_CURR_ASSE,,,,,detail,FALSE,1,306826000,2026????????,HKD
NASN,BS,qoq,2026Q1,current,NASN_table.xlsx,?Y?a????,????????,Total Assets,BS_TOTAL_ASSETS,,,,,detail,FALSE,1,1140805000,2026????????,HKD
NASN,BS,qoq,2026Q1,current,NASN_table.xlsx,???????????~,????????????,Total Current Liabilities,BS_CL_TOTAL_CURR_LIAB,,,,,detail,FALSE,1,2206437000,2026????????,HKD
NASN,BS,qoq,2026Q1,current,NASN_table.xlsx,?????????????~,??????????????,Total Non-current Liabilities,BS_NCL_TOTAL_NON_CURR_LIAB,,,,,detail,FALSE,1,47884000,2026????????,HKD
NASN,BS,qoq,2026Q1,current,NASN_table.xlsx,?????????Q?~,????????????,Net Current Liabilities,BS_NET_CURRENT_LIABILITIES,,,,,detail,FALSE,1,-1372458000,2026????????,HKD
NASN,BS,qoq,2026Q1,current,NASN_table.xlsx,?????Q?~,????????,Net Liabilities,BS_NET_LIABILITIES,,,,,detail,FALSE,0,-1113516000,2026????????,HKD
NASN,ADJ,yoy,2023Q4,historical,NASN_table.xlsx,???????p,????????,Loss for the Year,IS_LOSS_FOR_YEAR,,,,,detail,FALSE,0,200823000,2023,HKD
NASN,ADJ,yoy,2023Q4,historical,NASN_table.xlsx,??: ?? ?????????????_??,????????????????,Add: Share-based Payment Expenses (1),ADJ_SHARE_BASED_PAYMENT_EXP,,,,,detail,FALSE,1,6068000,2023,HKD
"?? ?????????????_??^{(1)}""",,,,,,,,,,,,,,,,,,,CNY
NASN,ADJ,yoy,2023Q4,historical,NASN_table.xlsx,?? ?c?H?????????P?????Y????,????????????????????????,Finance Costs Related to Redemption Liabilities (2),ADJ_FIN_COST_REDEMPTION_LIAB,,,,,detail,FALSE,1,89338000,2023,HKD
NASN,ADJ,yoy,2024Q4,historical,NASN_table.xlsx,???????p,????????,Loss for the Year,IS_LOSS_FOR_YEAR,,,,,detail,FALSE,0,169521000,2024,HKD
NASN,ADJ,yoy,2024Q4,historical,NASN_table.xlsx,??: ?? ?????????????_??,????????????????,Add: Share-based Payment Expenses (1),ADJ_SHARE_BASED_PAYMENT_EXP,,,,,detail,FALSE,1,9524000,2024,HKD
"?? ?????????????_??^{(1)}""",,,,,,,,,,,,,,,,,,,CNY
NASN,ADJ,yoy,2024Q4,historical,NASN_table.xlsx,?? ?c?H?????????P?????Y????,????????????????????????,Finance Costs Related to Redemption Liabilities (2),ADJ_FIN_COST_REDEMPTION_LIAB,,,,,detail,FALSE,1,99237000,2024,HKD
NASN,ADJ,yoy,2025Q4,historical,NASN_table.xlsx,???????p,????????,Loss for the Year,IS_LOSS_FOR_YEAR,,,,,detail,FALSE,0,189524000,2025,HKD
NASN,ADJ,yoy,2025Q4,historical,NASN_table.xlsx,??: ?? ?????????????_??,????????????????,Add: Share-based Payment Expenses (1),ADJ_SHARE_BASED_PAYMENT_EXP,,,,,detail,FALSE,1,12225000,2025,HKD
"?? ?????????????_??^{(1)}""",,,,,,,,,,,,,,,,,,,CNY
NASN,ADJ,yoy,2025Q4,historical,NASN_table.xlsx,?? ?c?H?????????P?????Y????,????????????????????????,Finance Costs Related to Redemption Liabilities (2),ADJ_FIN_COST_REDEMPTION_LIAB,,,,,detail,FALSE,1,130558000,2025,HKD
NASN,ADJ,yoy,2025Q1,comparison,NASN_table.xlsx,???????p,????????,Loss for the Year,IS_LOSS_FOR_YEAR,,,,,detail,FALSE,0,39964000,2025????????,HKD
NASN,ADJ,yoy,2025Q1,comparison,NASN_table.xlsx,??: ?? ?????????????_??,????????????????,Add: Share-based Payment Expenses (1),ADJ_SHARE_BASED_PAYMENT_EXP,,,,,detail,FALSE,1,1214000,2025????????,HKD
"?? ?????????????_??^{(1)}""",,,,,,,,,,,,,,,,,,,CNY
NASN,ADJ,yoy,2025Q1,comparison,NASN_table.xlsx,?? ?c?H?????????P?????Y????,????????????????????????,Finance Costs Related to Redemption Liabilities (2),ADJ_FIN_COST_REDEMPTION_LIAB,,,,,detail,FALSE,1,30680000,2025????????,HKD
NASN,ADJ,yoy,2026Q1,current,NASN_table.xlsx,???????p,????????,Loss for the Year,IS_LOSS_FOR_YEAR,,,,,detail,FALSE,0,54882000,2026????????,HKD
NASN,ADJ,yoy,2026Q1,current,NASN_table.xlsx,??: ?? ?????????????_??,????????????????,Add: Share-based Payment Expenses (1),ADJ_SHARE_BASED_PAYMENT_EXP,,,,,detail,FALSE,1,4917000,2026????????,HKD
"?? ?????????????_??^{(1)}""",,,,,,,,,,,,,,,,,,,CNY
NASN,ADJ,yoy,2026Q1,current,NASN_table.xlsx,?? ?c?H?????????P?????Y????,????????????????????????,Finance Costs Related to Redemption Liabilities (2),ADJ_FIN_COST_REDEMPTION_LIAB,,,,,detail,FALSE,1,34935000,2026????????,HKD
NASN,IS,yoy,2023Q4,historical,NASN_table.xlsx,????,????,Revenue,IS_REV,,,,,detail,FALSE,1,272217000,2023,HKD
NASN,IS,yoy,2023Q4,historical,NASN_table.xlsx,?N??????,????????,Operating Costs,IS_COGS,,,,,detail,FALSE,-1,269104000,2023,HKD
NASN,IS,yoy,2023Q4,historical,NASN_table.xlsx,????,????,Gross Profit,IS_GROSS_PROFIT,,,,,detail,FALSE,0,3113000,2023,HKD
NASN,IS,yoy,2023Q4,historical,NASN_table.xlsx,??????????????,??????????????,Other Income and Gains,IS_OTHER_INCOME_GAINS,,,,,detail,FALSE,0,26958000,2023,HKD
NASN,IS,yoy,2023Q4,historical,NASN_table.xlsx,?N?????I?N?_??,??????????????,Selling and Marketing Expenses,IS_SELLING_MARKETING_EXP,,,,,detail,FALSE,0,4824000,2023,HKD
NASN,IS,yoy,2023Q4,historical,NASN_table.xlsx,?????_??,????????,Administrative Expenses,IS_COST_ADMI_EXPE,,,,,detail,FALSE,-1,40270000,2023,HKD
NASN,IS,yoy,2023Q4,historical,NASN_table.xlsx,???l?_??,????????,Research and Development Expenses,IS_COST_RESE_DEVE_EXPE,,,,,detail,FALSE,-1,96547000,2023,HKD
NASN,IS,yoy,2023Q4,historical,NASN_table.xlsx,?Y?a???????r??????,??????????????????????????????????????????,Fair Value Gains on Financial Assets at Fair Value Through Profit or Loss,IS_FV_GAIN_FVTPL_FIN_ASSETS,,,,,detail,FALSE,0,485000,2023,HKD
NASN,IS,yoy,2023Q4,historical,NASN_table.xlsx,?Q?~,?????????????????u????????????,"Reversal of Impairment / (Impairment) of Financial Assets, Net",IS_FIN_ASSET_IMPAIRMENT_REVERSAL_NET,,,,,detail,FALSE,0,1305000,2023,HKD
NASN,IS,yoy,2023Q4,historical,NASN_table.xlsx,?????_??,????????,Other Expenses,IS_OTHER_EXPENSES,,,,,detail,FALSE,0,803000,2023,HKD
NASN,IS,yoy,2023Q4,historical,NASN_table.xlsx,???Y????,????????,Finance Costs,IS_COST_FINA_COST,,,,,detail,FALSE,-1,902000,2023,HKD
NASN,IS,yoy,2023Q4,historical,NASN_table.xlsx,?c?H?????????P?????Y????,????????????????????????,Finance Costs Related to Redemption Liabilities,IS_FIN_COST_REDEMPTION_LIAB,,,,,detail,FALSE,0,89338000,2023,HKD
NASN,IS,yoy,2023Q4,historical,NASN_table.xlsx,?????????p,??????????,Loss Before Tax,IS_LOSS_BEFORE_TAX,,,,,detail,FALSE,0,200823000,2023,HKD
NASN,IS,yoy,2023Q4,historical,NASN_table.xlsx,???????p???C?????????~,??????????????????????,Loss and Total Comprehensive Income for the Year,IS_LOSS_TOTAL_COMPREHENSIVE_INCOME,,,,,detail,FALSE,0,200823000,2023,HKD
NASN,IS,yoy,2024Q4,historical,NASN_table.xlsx,????,????,Revenue,IS_REV,,,,,detail,FALSE,1,390737000,2024,HKD
NASN,IS,yoy,2024Q4,historical,NASN_table.xlsx,?N??????,????????,Operating Costs,IS_COGS,,,,,detail,FALSE,-1,348807000,2024,HKD
NASN,IS,yoy,2024Q4,historical,NASN_table.xlsx,????,????,Gross Profit,IS_GROSS_PROFIT,,,,,detail,FALSE,0,41930000,2024,HKD
NASN,IS,yoy,2024Q4,historical,NASN_table.xlsx,??????????????,??????????????,Other Income and Gains,IS_OTHER_INCOME_GAINS,,,,,detail,FALSE,0,20946000,2024,HKD
NASN,IS,yoy,2024Q4,historical,NASN_table.xlsx,?N?????I?N?_??,??????????????,Selling and Marketing Expenses,IS_SELLING_MARKETING_EXP,,,,,detail,FALSE,0,5326000,2024,HKD
NASN,IS,yoy,2024Q4,historical,NASN_table.xlsx,?????_??,????????,Administrative Expenses,IS_COST_ADMI_EXPE,,,,,detail,FALSE,-1,32571000,2024,HKD
NASN,IS,yoy,2024Q4,historical,NASN_table.xlsx,???l?_??,????????,Research and Development Expenses,IS_COST_RESE_DEVE_EXPE,,,,,detail,FALSE,-1,87580000,2024,HKD
NASN,IS,yoy,2024Q4,historical,NASN_table.xlsx,?Y?a???????r??????,??????????????????????????????????????????,Fair Value Gains on Financial Assets at Fair Value Through Profit or Loss,IS_FV_GAIN_FVTPL_FIN_ASSETS,,,,,detail,FALSE,0,673000,2024,HKD
NASN,IS,yoy,2024Q4,historical,NASN_table.xlsx,?Q?~,?????????????????u????????????,"Reversal of Impairment / (Impairment) of Financial Assets, Net",IS_FIN_ASSET_IMPAIRMENT_REVERSAL_NET,,,,,detail,FALSE,0,7003000,2024,HKD
NASN,IS,yoy,2024Q4,historical,NASN_table.xlsx,?????_??,????????,Other Expenses,IS_OTHER_EXPENSES,,,,,detail,FALSE,0,701000,2024,HKD
NASN,IS,yoy,2024Q4,historical,NASN_table.xlsx,???Y????,????????,Finance Costs,IS_COST_FINA_COST,,,,,detail,FALSE,-1,652000,2024,HKD
NASN,IS,yoy,2024Q4,historical,NASN_table.xlsx,?c?H?????????P?????Y????,????????????????????????,Finance Costs Related to Redemption Liabilities,IS_FIN_COST_REDEMPTION_LIAB,,,,,detail,FALSE,0,99237000,2024,HKD
NASN,IS,yoy,2024Q4,historical,NASN_table.xlsx,?????????p,??????????,Loss Before Tax,IS_LOSS_BEFORE_TAX,,,,,detail,FALSE,0,169521000,2024,HKD
NASN,IS,yoy,2024Q4,historical,NASN_table.xlsx,???????p???C?????????~,??????????????????????,Loss and Total Comprehensive Income for the Year,IS_LOSS_TOTAL_COMPREHENSIVE_INCOME,,,,,detail,FALSE,0,169521000,2024,HKD
NASN,IS,yoy,2025Q4,historical,NASN_table.xlsx,????,????,Revenue,IS_REV,,,,,detail,FALSE,1,614506000,2025,HKD
NASN,IS,yoy,2025Q4,historical,NASN_table.xlsx,?N??????,????????,Operating Costs,IS_COGS,,,,,detail,FALSE,-1,530891000,2025,HKD
NASN,IS,yoy,2025Q4,historical,NASN_table.xlsx,????,????,Gross Profit,IS_GROSS_PROFIT,,,,,detail,FALSE,0,83615000,2025,HKD
NASN,IS,yoy,2025Q4,historical,NASN_table.xlsx,??????????????,??????????????,Other Income and Gains,IS_OTHER_INCOME_GAINS,,,,,detail,FALSE,0,26441000,2025,HKD
NASN,IS,yoy,2025Q4,historical,NASN_table.xlsx,?N?????I?N?_??,??????????????,Selling and Marketing Expenses,IS_SELLING_MARKETING_EXP,,,,,detail,FALSE,0,14248000,2025,HKD
NASN,IS,yoy,2025Q4,historical,NASN_table.xlsx,?????_??,????????,Administrative Expenses,IS_COST_ADMI_EXPE,,,,,detail,FALSE,-1,62379000,2025,HKD
NASN,IS,yoy,2025Q4,historical,NASN_table.xlsx,???l?_??,????????,Research and Development Expenses,IS_COST_RESE_DEVE_EXPE,,,,,detail,FALSE,-1,82959000,2025,HKD
NASN,IS,yoy,2025Q4,historical,NASN_table.xlsx,?Y?a???????r??????,??????????????????????????????????????????,Fair Value Gains on Financial Assets at Fair Value Through Profit or Loss,IS_FV_GAIN_FVTPL_FIN_ASSETS,,,,,detail,FALSE,0,717000,2025,HKD
NASN,IS,yoy,2025Q4,historical,NASN_table.xlsx,?Q?~,?????????????????u????????????,"Reversal of Impairment / (Impairment) of Financial Assets, Net",IS_FIN_ASSET_IMPAIRMENT_REVERSAL_NET,,,,,detail,FALSE,0,1580000,2025,HKD
NASN,IS,yoy,2025Q4,historical,NASN_table.xlsx,?????_??,????????,Other Expenses,IS_OTHER_EXPENSES,,,,,detail,FALSE,0,11231000,2025,HKD
NASN,IS,yoy,2025Q4,historical,NASN_table.xlsx,???Y????,????????,Finance Costs,IS_COST_FINA_COST,,,,,detail,FALSE,-1,502000,2025,HKD
NASN,IS,yoy,2025Q4,historical,NASN_table.xlsx,?c?H?????????P?????Y????,????????????????????????,Finance Costs Related to Redemption Liabilities,IS_FIN_COST_REDEMPTION_LIAB,,,,,detail,FALSE,0,130558000,2025,HKD
NASN,IS,yoy,2025Q4,historical,NASN_table.xlsx,?????????p,??????????,Loss Before Tax,IS_LOSS_BEFORE_TAX,,,,,detail,FALSE,0,189524000,2025,HKD
NASN,IS,yoy,2025Q4,historical,NASN_table.xlsx,???????p???C?????????~,??????????????????????,Loss and Total Comprehensive Income for the Year,IS_LOSS_TOTAL_COMPREHENSIVE_INCOME,,,,,detail,FALSE,0,189524000,2025,HKD
NASN,IS,yoy,2025Q1,comparison,NASN_table.xlsx,????,????,Revenue,IS_REV,,,,,detail,FALSE,1,102665000,2025????????,HKD
NASN,IS,yoy,2025Q1,comparison,NASN_table.xlsx,?N??????,????????,Operating Costs,IS_COGS,,,,,detail,FALSE,-1,95337000,2025????????,HKD
NASN,IS,yoy,2025Q1,comparison,NASN_table.xlsx,????,????,Gross Profit,IS_GROSS_PROFIT,,,,,detail,FALSE,0,7328000,2025????????,HKD
NASN,IS,yoy,2025Q1,comparison,NASN_table.xlsx,??????????????,??????????????,Other Income and Gains,IS_OTHER_INCOME_GAINS,,,,,detail,FALSE,0,10264000,2025????????,HKD
NASN,IS,yoy,2025Q1,comparison,NASN_table.xlsx,?N?????I?N?_??,??????????????,Selling and Marketing Expenses,IS_SELLING_MARKETING_EXP,,,,,detail,FALSE,0,1042000,2025????????,HKD
NASN,IS,yoy,2025Q1,comparison,NASN_table.xlsx,?????_??,????????,Administrative Expenses,IS_COST_ADMI_EXPE,,,,,detail,FALSE,-1,6970000,2025????????,HKD
NASN,IS,yoy,2025Q1,comparison,NASN_table.xlsx,???l?_??,????????,Research and Development Expenses,IS_COST_RESE_DEVE_EXPE,,,,,detail,FALSE,-1,17376000,2025????????,HKD
NASN,IS,yoy,2025Q1,comparison,NASN_table.xlsx,?Y?a???????r??????,??????????????????????????????????????????,Fair Value Gains on Financial Assets at Fair Value Through Profit or Loss,IS_FV_GAIN_FVTPL_FIN_ASSETS,,,,,detail,FALSE,0,346000,2025????????,HKD
NASN,IS,yoy,2025Q1,comparison,NASN_table.xlsx,?Q?~,?????????????????u????????????,"Reversal of Impairment / (Impairment) of Financial Assets, Net",IS_FIN_ASSET_IMPAIRMENT_REVERSAL_NET,,,,,detail,FALSE,0,402000,2025????????,HKD
NASN,IS,yoy,2025Q1,comparison,NASN_table.xlsx,?????_??,????????,Other Expenses,IS_OTHER_EXPENSES,,,,,detail,FALSE,0,2162000,2025????????,HKD
NASN,IS,yoy,2025Q1,comparison,NASN_table.xlsx,???Y????,????????,Finance Costs,IS_COST_FINA_COST,,,,,detail,FALSE,-1,74000,2025????????,HKD
NASN,IS,yoy,2025Q1,comparison,NASN_table.xlsx,?c?H?????????P?????Y????,????????????????????????,Finance Costs Related to Redemption Liabilities,IS_FIN_COST_REDEMPTION_LIAB,,,,,detail,FALSE,0,30680000,2025????????,HKD
NASN,IS,yoy,2025Q1,comparison,NASN_table.xlsx,?????????p,??????????,Loss Before Tax,IS_LOSS_BEFORE_TAX,,,,,detail,FALSE,0,39964000,2025????????,HKD
NASN,IS,yoy,2025Q1,comparison,NASN_table.xlsx,???????p???C?????????~,??????????????????????,Loss and Total Comprehensive Income for the Year,IS_LOSS_TOTAL_COMPREHENSIVE_INCOME,,,,,detail,FALSE,0,39964000,2025????????,HKD
NASN,IS,yoy,2026Q1,current,NASN_table.xlsx,????,????,Revenue,IS_REV,,,,,detail,FALSE,1,150816000,2026????????,HKD
NASN,IS,yoy,2026Q1,current,NASN_table.xlsx,?N??????,????????,Operating Costs,IS_COGS,,,,,detail,FALSE,-1,135555000,2026????????,HKD
NASN,IS,yoy,2026Q1,current,NASN_table.xlsx,????,????,Gross Profit,IS_GROSS_PROFIT,,,,,detail,FALSE,0,15261000,2026????????,HKD
NASN,IS,yoy,2026Q1,current,NASN_table.xlsx,??????????????,??????????????,Other Income and Gains,IS_OTHER_INCOME_GAINS,,,,,detail,FALSE,0,3081000,2026????????,HKD
NASN,IS,yoy,2026Q1,current,NASN_table.xlsx,?N?????I?N?_??,??????????????,Selling and Marketing Expenses,IS_SELLING_MARKETING_EXP,,,,,detail,FALSE,0,5861000,2026????????,HKD
NASN,IS,yoy,2026Q1,current,NASN_table.xlsx,?????_??,????????,Administrative Expenses,IS_COST_ADMI_EXPE,,,,,detail,FALSE,-1,11998000,2026????????,HKD
NASN,IS,yoy,2026Q1,current,NASN_table.xlsx,???l?_??,????????,Research and Development Expenses,IS_COST_RESE_DEVE_EXPE,,,,,detail,FALSE,-1,23616000,2026????????,HKD
NASN,IS,yoy,2026Q1,current,NASN_table.xlsx,?Y?a???????r??????,??????????????????????????????????????????,Fair Value Gains on Financial Assets at Fair Value Through Profit or Loss,IS_FV_GAIN_FVTPL_FIN_ASSETS,,,,,detail,FALSE,0,513000,2026????????,HKD
NASN,IS,yoy,2026Q1,current,NASN_table.xlsx,?Q?~,?????????????????u????????????,"Reversal of Impairment / (Impairment) of Financial Assets, Net",IS_FIN_ASSET_IMPAIRMENT_REVERSAL_NET,,,,,detail,FALSE,0,3682000,2026????????,HKD
NASN,IS,yoy,2026Q1,current,NASN_table.xlsx,?????_??,????????,Other Expenses,IS_OTHER_EXPENSES,,,,,detail,FALSE,0,583000,2026????????,HKD
NASN,IS,yoy,2026Q1,current,NASN_table.xlsx,???Y????,????????,Finance Costs,IS_COST_FINA_COST,,,,,detail,FALSE,-1,426000,2026????????,HKD
NASN,IS,yoy,2026Q1,current,NASN_table.xlsx,?c?H?????????P?????Y????,????????????????????????,Finance Costs Related to Redemption Liabilities,IS_FIN_COST_REDEMPTION_LIAB,,,,,detail,FALSE,0,34935000,2026????????,HKD
NASN,IS,yoy,2026Q1,current,NASN_table.xlsx,?????????p,??????????,Loss Before Tax,IS_LOSS_BEFORE_TAX,,,,,detail,FALSE,0,54882000,2026????????,HKD
NASN,IS,yoy,2026Q1,current,NASN_table.xlsx,???????p???C?????????~,??????????????????????,Loss and Total Comprehensive Income for the Year,IS_LOSS_TOTAL_COMPREHENSIVE_INCOME,,,,,detail,FALSE,0,54882000,2026????????,HKD
Luxshare,BS,qoq,2026Q1,current,002475_Luxshare_2026_Q1_??????????.csv,????????,????????,Cash and Cash Equivalents,BS_CA_CASH,Assets,Current Assets,Cash and Cash Equivalents,Current Assets,detail,N,1,70325995457,????????,CNY
Luxshare,BS,qoq,2026Q1,current,002475_Luxshare_2026_Q1_??????????.csv,??????????????,??????????????,Trading Financial Assets,BS_CA_TRAD_FINA_ASSE,Assets,Current Assets,Trading Financial Assets,Current Assets,detail,N,1,5533536369,????????,CNY
Luxshare,BS,qoq,2026Q1,current,002475_Luxshare_2026_Q1_??????????.csv,????????????,????????????,Derivative Financial Assets,BS_CA_DERI_FINA_ASSE,Assets,Current Assets,Derivative Financial Assets,Current Assets,detail,N,1,64421073.67,????????,CNY
Luxshare,BS,qoq,2026Q1,current,002475_Luxshare_2026_Q1_??????????.csv,????????,????????,Notes Receivable,BS_CA_NOTE_RECE,Assets,Current Assets,Notes Receivable,Current Assets,detail,N,1,1446019470,????????,CNY
Luxshare,BS,qoq,2026Q1,current,002475_Luxshare_2026_Q1_??????????.csv,????????,????????,Accounts Receivable,BS_CA_AR,Assets,Current Assets,Accounts Receivable,Current Assets,detail,N,1,43548712834,????????,CNY
Luxshare,BS,qoq,2026Q1,current,002475_Luxshare_2026_Q1_??????????.csv,????????????,????????????,Financing Receivables,BS_CA_FINA_RECE,Assets,Current Assets,Financing Receivables,Current Assets,detail,N,1,2708099972,????????,CNY
Luxshare,BS,qoq,2026Q1,current,002475_Luxshare_2026_Q1_??????????.csv,????????,????????,Prepayments,BS_CA_PREP,Assets,Current Assets,Prepayments,Current Assets,detail,N,1,1745680638,????????,CNY
Luxshare,BS,qoq,2026Q1,current,002475_Luxshare_2026_Q1_??????????.csv,??????????,??????????,Other Receivables,BS_CA_OTHE_RECE,Assets,Current Assets,Other Receivables,Current Assets,detail,N,1,1378173538,????????,CNY
Luxshare,BS,qoq,2026Q1,current,002475_Luxshare_2026_Q1_??????????.csv,????????,????????,Dividends Receivable,BS_CA_DIVI_RECE,Assets,Current Assets,Dividends Receivable,Current Assets,detail,N,1,148345542.8,????????,CNY
Luxshare,BS,qoq,2026Q1,current,002475_Luxshare_2026_Q1_??????????.csv,????,????,Inventories,BS_CA_INV,Assets,Current Assets,Inventories,Current Assets,detail,N,1,46032089420,????????,CNY
Luxshare,BS,qoq,2026Q1,current,002475_Luxshare_2026_Q1_??????????.csv,????????,????????,Contract Assets,BS_CA_CONT_ASSE,Assets,Current Assets,Contract Assets,Current Assets,detail,N,1,1150777450,????????,CNY
Luxshare,BS,qoq,2026Q1,current,002475_Luxshare_2026_Q1_??????????.csv,??????????????????????,??????????????????????,,,,,,Non-current Assets,,,,9793621489,????????,CNY
Luxshare,BS,qoq,2026Q1,current,002475_Luxshare_2026_Q1_??????????.csv,????????????,????????????,Other Current Assets,BS_CA_OTHE_CURR_ASSE,Assets,Current Assets,Other Current Assets,Current Assets,detail,N,1,28887613750,????????,CNY
Luxshare,BS,qoq,2026Q1,current,002475_Luxshare_2026_Q1_??????????.csv,????????????,????????????,Total Current Assets,BS_CA_TOTAL_CURR_ASSE,Assets,Current Assets,Subtotal,Current Assets,total,Y,1,2.13E+11,????????,CNY
Luxshare,BS,qoq,2026Q1,current,002475_Luxshare_2026_Q1_??????????.csv,????????????,????????????,Long-term Equity Investments,BS_NCA_LONG_TERM_EQUI_INVE,Assets,Non-current Assets,Long-term Equity Investments,Non-current Assets,detail,N,1,13403661801,????????,CNY
Luxshare,BS,qoq,2026Q1,current,002475_Luxshare_2026_Q1_??????????.csv,????????????????,????????????????,Other Equity Instrument Investments,BS_NCA_OTHE_EQUI_INST_INVE,Assets,Non-current Assets,Other Equity Instrument Investments,Non-current Assets,detail,N,1,288472273.4,????????,CNY
Luxshare,BS,qoq,2026Q1,current,002475_Luxshare_2026_Q1_??????????.csv,??????????????????,??????????????????,Other Non-current Financial Assets,BS_NCA_OTHE_NON_CURR_FINA,Assets,Non-current Assets,Other Non-current Financial Assets,Non-current Assets,detail,N,1,37584356.09,????????,CNY
Luxshare,BS,qoq,2026Q1,current,002475_Luxshare_2026_Q1_??????????.csv,????????????,????????????,Investment Property,BS_NCA_INVE_PROP,Assets,Non-current Assets,Investment Property,Non-current Assets,detail,N,1,95220167.33,????????,CNY
Luxshare,BS,qoq,2026Q1,current,002475_Luxshare_2026_Q1_??????????.csv,????????,????????,"Property, Plant and Equipment",BS_NCA_PPE,Assets,Non-current Assets,"Property, Plant and Equipment",Non-current Assets,detail,N,1,64167414646,????????,CNY
Luxshare,BS,qoq,2026Q1,current,002475_Luxshare_2026_Q1_??????????.csv,????????,????????,Construction in Progress,BS_NCA_CONS_PROG,Assets,Non-current Assets,Construction in Progress,Non-current Assets,detail,N,1,4246419241,????????,CNY
Luxshare,BS,qoq,2026Q1,current,002475_Luxshare_2026_Q1_??????????.csv,??????????,??????????,Right-of-use Assets,BS_NCA_RIGH_USE_ASSE,Assets,Non-current Assets,Right-of-use Assets,Non-current Assets,detail,N,1,2803621103,????????,CNY
Luxshare,BS,qoq,2026Q1,current,002475_Luxshare_2026_Q1_??????????.csv,????????,????????,Intangible Assets,BS_NCA_INTA_ASSE,Assets,Non-current Assets,Intangible Assets,Non-current Assets,detail,N,1,3761566835,????????,CNY
Luxshare,BS,qoq,2026Q1,current,002475_Luxshare_2026_Q1_??????????.csv,????????,????????,Development Expenditures,BS_NCA_DEVE_EXPE,Assets,Non-current Assets,Development Expenditures,Non-current Assets,detail,N,1,141577476.3,????????,CNY
Luxshare,BS,qoq,2026Q1,current,002475_Luxshare_2026_Q1_??????????.csv,????,????,Goodwill,BS_NCA_GOOD,Assets,Non-current Assets,Goodwill,Non-current Assets,detail,N,1,2239173156,????????,CNY
Luxshare,BS,qoq,2026Q1,current,002475_Luxshare_2026_Q1_??????????.csv,????????????,????????????,Long-term Deferred Expenses,BS_NCA_LONG_TERM_DEFE_EXPE,Assets,Non-current Assets,Long-term Deferred Expenses,Non-current Assets,detail,N,1,1098798794,????????,CNY
Luxshare,BS,qoq,2026Q1,current,002475_Luxshare_2026_Q1_??????????.csv,??????????????,??????????????,Deferred Tax Assets,BS_NCA_DEFE_TAX_ASSE,Assets,Non-current Assets,Deferred Tax Assets,Non-current Assets,detail,N,1,2566766509,????????,CNY
Luxshare,BS,qoq,2026Q1,current,002475_Luxshare_2026_Q1_??????????.csv,??????????????,??????????????,Other Non-current Assets,BS_NCA_OTHE_NON_CURR_ASSE,Assets,Non-current Assets,Other Non-current Assets,Non-current Assets,detail,N,1,18151569854,????????,CNY
Luxshare,BS,qoq,2026Q1,current,002475_Luxshare_2026_Q1_??????????.csv,??????????????,??????????????,Total Non-current Assets,BS_NCA_TOTAL_NON_CURR_ASSE,Assets,Non-current Assets,Subtotal,Non-current Assets,total,Y,1,1.13E+11,????????,CNY
Luxshare,BS,qoq,2026Q1,current,002475_Luxshare_2026_Q1_??????????.csv,????????,????????,Total Assets,BS_TOTAL_ASSETS,Assets,Assets,Total,Non-current Assets,total,Y,1,3.26E+11,????????,CNY
Luxshare,BS,qoq,2026Q1,current,002475_Luxshare_2026_Q1_??????????.csv,????????,????????,Short-term Borrowings,BS_CL_SHOR_TERM_BORR,Liabilities,Current Liabilities,Short-term Borrowings,Current Liabilities,detail,N,1,81034096058,????????,CNY
Luxshare,BS,qoq,2026Q1,current,002475_Luxshare_2026_Q1_??????????.csv,??????????????,??????????????,Trading Financial Liabilities,BS_CL_TRAD_FINA_LIAB,Liabilities,Current Liabilities,Trading Financial Liabilities,Current Liabilities,detail,N,1,253433918.1,????????,CNY
Luxshare,BS,qoq,2026Q1,current,002475_Luxshare_2026_Q1_??????????.csv,????????????,????????????,Derivative Financial Liabilities,BS_CL_DERI_FINA_LIAB,Liabilities,Current Liabilities,Derivative Financial Liabilities,Current Liabilities,detail,N,1,15023629.09,????????,CNY
Luxshare,BS,qoq,2026Q1,current,002475_Luxshare_2026_Q1_??????????.csv,????????,????????,Notes Payable,BS_CL_NOTE_PAYA,Liabilities,Current Liabilities,Notes Payable,Current Liabilities,detail,N,1,2709432174,????????,CNY
Luxshare,BS,qoq,2026Q1,current,002475_Luxshare_2026_Q1_??????????.csv,????????,????????,Accounts Payable,BS_CL_ACCO_PAYA,Liabilities,Current Liabilities,Accounts Payable,Current Liabilities,detail,N,1,67833888537,????????,CNY
Luxshare,BS,qoq,2026Q1,current,002475_Luxshare_2026_Q1_??????????.csv,????????,????????,Contract Liabilities,BS_CL_CONT_LIAB,Liabilities,Current Liabilities,Contract Liabilities,Current Liabilities,detail,N,1,1129666584,????????,CNY
Luxshare,BS,qoq,2026Q1,current,002475_Luxshare_2026_Q1_??????????.csv,????????????,????????????,Employee Benefits Payable,BS_CL_EMPL_BENE_PAYA,Liabilities,Current Liabilities,Employee Benefits Payable,Current Liabilities,detail,N,1,3863311928,????????,CNY
Luxshare,BS,qoq,2026Q1,current,002475_Luxshare_2026_Q1_??????????.csv,????????,????????,Taxes Payable,BS_CL_TAXE_PAYA,Liabilities,Current Liabilities,Taxes Payable,Current Liabilities,detail,N,1,2446638901,????????,CNY
Luxshare,BS,qoq,2026Q1,current,002475_Luxshare_2026_Q1_??????????.csv,??????????,??????????,Other Payables,BS_CL_OTHE_PAYA,Liabilities,Current Liabilities,Other Payables,Current Liabilities,detail,N,1,1053111587,????????,CNY
Luxshare,BS,qoq,2026Q1,current,002475_Luxshare_2026_Q1_??????????.csv,????????,????????,Dividends Payable,BS_CL_DIVI_PAYA,Liabilities,Current Liabilities,Dividends Payable,Current Liabilities,detail,N,1,8075292.26,????????,CNY
Luxshare,BS,qoq,2026Q1,current,002475_Luxshare_2026_Q1_??????????.csv,??????????????????????,??????????????????????,,,,,,Non-current Liabilities,,,,15848370684,????????,CNY
Luxshare,BS,qoq,2026Q1,current,002475_Luxshare_2026_Q1_??????????.csv,????????????,????????????,Other Current Liabilities,BS_CL_OTHE_CURR_LIAB,Liabilities,Current Liabilities,Other Current Liabilities,Current Liabilities,detail,N,1,8706472699,????????,CNY
Luxshare,BS,qoq,2026Q1,current,002475_Luxshare_2026_Q1_??????????.csv,????????????,????????????,Total Current Liabilities,BS_CL_TOTAL_CURR_LIAB,Liabilities,Current Liabilities,Subtotal,Current Liabilities,total,Y,1,1.85E+11,????????,CNY
Luxshare,BS,qoq,2026Q1,current,002475_Luxshare_2026_Q1_??????????.csv,????????,????????,Long-term Borrowings,BS_NCL_LONG_TERM_BORR,Liabilities,Non-current Liabilities,Long-term Borrowings,Non-current Liabilities,detail,N,1,22407472676,????????,CNY
Luxshare,BS,qoq,2026Q1,current,002475_Luxshare_2026_Q1_??????????.csv,????????,????????,Bonds Payable,BS_NCL_BOND_PAYA,Liabilities,Non-current Liabilities,Bonds Payable,Non-current Liabilities,detail,N,1,3432124992,????????,CNY
Luxshare,BS,qoq,2026Q1,current,002475_Luxshare_2026_Q1_??????????.csv,????????,????????,Lease Liabilities,BS_NCL_LEAS_LIAB,Liabilities,Non-current Liabilities,Lease Liabilities,Non-current Liabilities,detail,N,1,2358382059,????????,CNY
Luxshare,BS,qoq,2026Q1,current,002475_Luxshare_2026_Q1_??????????.csv,??????????,??????????,Long-term Payables,BS_NCL_LONG_TERM_PAYA,Liabilities,Non-current Liabilities,Long-term Payables,Non-current Liabilities,detail,N,1,2999320.76,????????,CNY
Luxshare,BS,qoq,2026Q1,current,002475_Luxshare_2026_Q1_??????????.csv,????????????????,????????????????,Long-term Employee Benefits Payable,BS_NCL_LONG_TERM_EMPL_BENE,Liabilities,Non-current Liabilities,Long-term Employee Benefits Payable,Non-current Liabilities,detail,N,1,741531316.6,????????,CNY
Luxshare,BS,qoq,2026Q1,current,002475_Luxshare_2026_Q1_??????????.csv,????????,????????,Provisions,BS_NCL_PROV,Liabilities,Non-current Liabilities,Provisions,Non-current Liabilities,detail,N,1,556663261.5,????????,CNY
Luxshare,BS,qoq,2026Q1,current,002475_Luxshare_2026_Q1_??????????.csv,????????,????????,Deferred Income,BS_NCL_DEFE_INCO,Liabilities,Non-current Liabilities,Deferred Income,Non-current Liabilities,detail,N,1,1182421434,????????,CNY
Luxshare,BS,qoq,2026Q1,current,002475_Luxshare_2026_Q1_??????????.csv,??????????????,??????????????,Deferred Tax Liabilities,BS_NCL_DEFE_TAX_LIAB,Liabilities,Non-current Liabilities,Deferred Tax Liabilities,Non-current Liabilities,detail,N,1,1020319027,????????,CNY
Luxshare,BS,qoq,2026Q1,current,002475_Luxshare_2026_Q1_??????????.csv,??????????????,??????????????,Other Non-current Liabilities,BS_NCL_OTHE_NON_CURR_LIAB,Liabilities,Non-current Liabilities,Other Non-current Liabilities,Non-current Liabilities,detail,N,1,43069185.83,????????,CNY
Luxshare,BS,qoq,2026Q1,current,002475_Luxshare_2026_Q1_??????????.csv,??????????????,??????????????,Total Non-current Liabilities,BS_NCL_TOTAL_NON_CURR_LIAB,Liabilities,Non-current Liabilities,Subtotal,Non-current Liabilities,total,Y,1,31744983271,????????,CNY
Luxshare,BS,qoq,2026Q1,current,002475_Luxshare_2026_Q1_??????????.csv,????????,????????,Total Liabilities,BS_TOTAL_LIAB,Liabilities,Liabilities,Total,Non-current Liabilities,total,Y,1,2.17E+11,????????,CNY
Luxshare,BS,qoq,2026Q1,current,002475_Luxshare_2026_Q1_??????????.csv,????,????,Share Capital,BS_EQ_SHAR_CAPI,Equity,Equity,Share Capital,Equity,detail,N,1,7285984811,????????,CNY
Luxshare,BS,qoq,2026Q1,current,002475_Luxshare_2026_Q1_??????????.csv,????????????,????????????,Other Equity Instruments,BS_EQ_OTHE_EQUI_INST,Equity,Equity,Other Equity Instruments,Equity,detail,N,1,527161628.3,????????,CNY
Luxshare,BS,qoq,2026Q1,current,002475_Luxshare_2026_Q1_??????????.csv,????????,????????,Capital Reserve,BS_EQ_CAPI_RESE,Equity,Equity,Capital Reserve,Equity,detail,N,1,11160459235,????????,CNY
Luxshare,BS,qoq,2026Q1,current,002475_Luxshare_2026_Q1_??????????.csv,??:??????,??????,Treasury Shares,BS_EQ_TREA_SHAR,Equity,Equity,Treasury Shares,Equity,detail,N,-1,499993577.4,????????,CNY
Luxshare,BS,qoq,2026Q1,current,002475_Luxshare_2026_Q1_??????????.csv,????????????,????????????,Other Comprehensive Income,BS_EQ_OTHE_COMP_INCO,Equity,Equity,Other Comprehensive Income,Equity,detail,N,1,-2027836951,????????,CNY
Luxshare,BS,qoq,2026Q1,current,002475_Luxshare_2026_Q1_??????????.csv,????????,????????,Special Reserve,BS_EQ_SPEC_RESE,Equity,Equity,Special Reserve,Equity,detail,N,1,16345608.26,????????,CNY
Luxshare,BS,qoq,2026Q1,current,002475_Luxshare_2026_Q1_??????????.csv,????????,????????,Surplus Reserve,BS_EQ_SURP_RESE,Equity,Equity,Surplus Reserve,Equity,detail,N,1,2125232698,????????,CNY
Luxshare,BS,qoq,2026Q1,current,002475_Luxshare_2026_Q1_??????????.csv,??????????,??????????,Retained Earnings,BS_EQ_RETA_EARN,Equity,Equity,Retained Earnings,Equity,detail,N,1,70280283786,????????,CNY
Luxshare,BS,qoq,2026Q1,current,002475_Luxshare_2026_Q1_??????????.csv,??????????????????????????,??????????????????????????,Total Equity Attributable to Owners of the Parent,BS_EQ_TOTAL_EQUI_ATTR_OWNE_PARE,Equity,Equity,Subtotal,Equity,total,Y,1,88867637237,????????,CNY
Luxshare,BS,qoq,2026Q1,current,002475_Luxshare_2026_Q1_??????????.csv,????????????,????????????,Non-controlling Interests,BS_NCI_NON_CONT_INTE,Equity,Non-controlling Interests,Non-controlling Interests,Equity,detail,N,1,20110520465,????????,CNY
Luxshare,BS,qoq,2026Q1,current,002475_Luxshare_2026_Q1_??????????.csv,??????????????,??????????????,Total Equity,BS_TOTAL_EQUITY,Equity,Equity,Total,Equity,total,Y,1,1.09E+11,????????,CNY
Luxshare,BS,qoq,2026Q1,current,002475_Luxshare_2026_Q1_??????????.csv,????????????????????,????????????????????,Total Liabilities and Equity,BS_TOTAL_LIAB_EQ,Balance Sheet,Balance Sheet,Grand Total,Equity,total,Y,1,3.26E+11,????????,CNY
Luxshare,BS,qoq,2025Q4,comparison,002475_Luxshare_2026_Q1_??????????.csv,????????,????????,Cash and Cash Equivalents,BS_CA_CASH,Assets,Current Assets,Cash and Cash Equivalents,Current Assets,detail,N,1,61159176580,????????,CNY
Luxshare,BS,qoq,2025Q4,comparison,002475_Luxshare_2026_Q1_??????????.csv,??????????????,??????????????,Trading Financial Assets,BS_CA_TRAD_FINA_ASSE,Assets,Current Assets,Trading Financial Assets,Current Assets,detail,N,1,2842065118,????????,CNY
Luxshare,BS,qoq,2025Q4,comparison,002475_Luxshare_2026_Q1_??????????.csv,????????????,????????????,Derivative Financial Assets,BS_CA_DERI_FINA_ASSE,Assets,Current Assets,Derivative Financial Assets,Current Assets,detail,N,1,102963566.2,????????,CNY
Luxshare,BS,qoq,2025Q4,comparison,002475_Luxshare_2026_Q1_??????????.csv,????????,????????,Notes Receivable,BS_CA_NOTE_RECE,Assets,Current Assets,Notes Receivable,Current Assets,detail,N,1,521886908.1,????????,CNY
Luxshare,BS,qoq,2025Q4,comparison,002475_Luxshare_2026_Q1_??????????.csv,????????,????????,Accounts Receivable,BS_CA_AR,Assets,Current Assets,Accounts Receivable,Current Assets,detail,N,1,48438796114,????????,CNY
Luxshare,BS,qoq,2025Q4,comparison,002475_Luxshare_2026_Q1_??????????.csv,????????????,????????????,Financing Receivables,BS_CA_FINA_RECE,Assets,Current Assets,Financing Receivables,Current Assets,detail,N,1,1263239985,????????,CNY
Luxshare,BS,qoq,2025Q4,comparison,002475_Luxshare_2026_Q1_??????????.csv,????????,????????,Prepayments,BS_CA_PREP,Assets,Current Assets,Prepayments,Current Assets,detail,N,1,1440690784,????????,CNY
Luxshare,BS,qoq,2025Q4,comparison,002475_Luxshare_2026_Q1_??????????.csv,??????????,??????????,Other Receivables,BS_CA_OTHE_RECE,Assets,Current Assets,Other Receivables,Current Assets,detail,N,1,1909308881,????????,CNY
Luxshare,BS,qoq,2025Q4,comparison,002475_Luxshare_2026_Q1_??????????.csv,????,????,Inventories,BS_CA_INV,Assets,Current Assets,Inventories,Current Assets,detail,N,1,42332782449,????????,CNY
Luxshare,BS,qoq,2025Q4,comparison,002475_Luxshare_2026_Q1_??????????.csv,????????,????????,Contract Assets,BS_CA_CONT_ASSE,Assets,Current Assets,Contract Assets,Current Assets,detail,N,1,1138331189,????????,CNY
Luxshare,BS,qoq,2025Q4,comparison,002475_Luxshare_2026_Q1_??????????.csv,??????????????????????,??????????????????????,,,,,,Non-current Assets,,,,9638642107,????????,CNY
Luxshare,BS,qoq,2025Q4,comparison,002475_Luxshare_2026_Q1_??????????.csv,????????????,????????????,Other Current Assets,BS_CA_OTHE_CURR_ASSE,Assets,Current Assets,Other Current Assets,Current Assets,detail,N,1,25229093286,????????,CNY
Luxshare,BS,qoq,2025Q4,comparison,002475_Luxshare_2026_Q1_??????????.csv,????????????,????????????,Total Current Assets,BS_CA_TOTAL_CURR_ASSE,Assets,Current Assets,Subtotal,Current Assets,total,Y,1,1.96E+11,????????,CNY
Luxshare,BS,qoq,2025Q4,comparison,002475_Luxshare_2026_Q1_??????????.csv,????????????,????????????,Long-term Equity Investments,BS_NCA_LONG_TERM_EQUI_INVE,Assets,Non-current Assets,Long-term Equity Investments,Non-current Assets,detail,N,1,12009696667,????????,CNY
Luxshare,BS,qoq,2025Q4,comparison,002475_Luxshare_2026_Q1_??????????.csv,????????????????,????????????????,Other Equity Instrument Investments,BS_NCA_OTHE_EQUI_INST_INVE,Assets,Non-current Assets,Other Equity Instrument Investments,Non-current Assets,detail,N,1,219461635.2,????????,CNY
Luxshare,BS,qoq,2025Q4,comparison,002475_Luxshare_2026_Q1_??????????.csv,??????????????????,??????????????????,Other Non-current Financial Assets,BS_NCA_OTHE_NON_CURR_FINA,Assets,Non-current Assets,Other Non-current Financial Assets,Non-current Assets,detail,N,1,37637104.39,????????,CNY
Luxshare,BS,qoq,2025Q4,comparison,002475_Luxshare_2026_Q1_??????????.csv,????????????,????????????,Investment Property,BS_NCA_INVE_PROP,Assets,Non-current Assets,Investment Property,Non-current Assets,detail,N,1,98487570.14,????????,CNY
Luxshare,BS,qoq,2025Q4,comparison,002475_Luxshare_2026_Q1_??????????.csv,????????,????????,"Property, Plant and Equipment",BS_NCA_PPE,Assets,Non-current Assets,"Property, Plant and Equipment",Non-current Assets,detail,N,1,65901073711,????????,CNY
Luxshare,BS,qoq,2025Q4,comparison,002475_Luxshare_2026_Q1_??????????.csv,????????,????????,Construction in Progress,BS_NCA_CONS_PROG,Assets,Non-current Assets,Construction in Progress,Non-current Assets,detail,N,1,4290260998,????????,CNY
Luxshare,BS,qoq,2025Q4,comparison,002475_Luxshare_2026_Q1_??????????.csv,??????????,??????????,Right-of-use Assets,BS_NCA_RIGH_USE_ASSE,Assets,Non-current Assets,Right-of-use Assets,Non-current Assets,detail,N,1,2761973867,????????,CNY
Luxshare,BS,qoq,2025Q4,comparison,002475_Luxshare_2026_Q1_??????????.csv,????????,????????,Intangible Assets,BS_NCA_INTA_ASSE,Assets,Non-current Assets,Intangible Assets,Non-current Assets,detail,N,1,3820742996,????????,CNY
Luxshare,BS,qoq,2025Q4,comparison,002475_Luxshare_2026_Q1_??????????.csv,????????,????????,Development Expenditures,BS_NCA_DEVE_EXPE,Assets,Non-current Assets,Development Expenditures,Non-current Assets,detail,N,1,118778094.4,????????,CNY
Luxshare,BS,qoq,2025Q4,comparison,002475_Luxshare_2026_Q1_??????????.csv,????,????,Goodwill,BS_NCA_GOOD,Assets,Non-current Assets,Goodwill,Non-current Assets,detail,N,1,2239173156,????????,CNY
Luxshare,BS,qoq,2025Q4,comparison,002475_Luxshare_2026_Q1_??????????.csv,????????????,????????????,Long-term Deferred Expenses,BS_NCA_LONG_TERM_DEFE_EXPE,Assets,Non-current Assets,Long-term Deferred Expenses,Non-current Assets,detail,N,1,1015219091,????????,CNY
Luxshare,BS,qoq,2025Q4,comparison,002475_Luxshare_2026_Q1_??????????.csv,??????????????,??????????????,Deferred Tax Assets,BS_NCA_DEFE_TAX_ASSE,Assets,Non-current Assets,Deferred Tax Assets,Non-current Assets,detail,N,1,2533431116,????????,CNY
Luxshare,BS,qoq,2025Q4,comparison,002475_Luxshare_2026_Q1_??????????.csv,??????????????,??????????????,Other Non-current Assets,BS_NCA_OTHE_NON_CURR_ASSE,Assets,Non-current Assets,Other Non-current Assets,Non-current Assets,detail,N,1,15474762814,????????,CNY
Luxshare,BS,qoq,2025Q4,comparison,002475_Luxshare_2026_Q1_??????????.csv,??????????????,??????????????,Total Non-current Assets,BS_NCA_TOTAL_NON_CURR_ASSE,Assets,Non-current Assets,Subtotal,Non-current Assets,total,Y,1,1.11E+11,????????,CNY
Luxshare,BS,qoq,2025Q4,comparison,002475_Luxshare_2026_Q1_??????????.csv,????????,????????,Total Assets,BS_TOTAL_ASSETS,Assets,Assets,Total,Non-current Assets,total,Y,1,3.07E+11,????????,CNY
Luxshare,BS,qoq,2025Q4,comparison,002475_Luxshare_2026_Q1_??????????.csv,????????,????????,Short-term Borrowings,BS_CL_SHOR_TERM_BORR,Liabilities,Current Liabilities,Short-term Borrowings,Current Liabilities,detail,N,1,60137739468,????????,CNY
Luxshare,BS,qoq,2025Q4,comparison,002475_Luxshare_2026_Q1_??????????.csv,??????????????,??????????????,Trading Financial Liabilities,BS_CL_TRAD_FINA_LIAB,Liabilities,Current Liabilities,Trading Financial Liabilities,Current Liabilities,detail,N,1,424219343.6,????????,CNY
Luxshare,BS,qoq,2025Q4,comparison,002475_Luxshare_2026_Q1_??????????.csv,????????????,????????????,Derivative Financial Liabilities,BS_CL_DERI_FINA_LIAB,Liabilities,Current Liabilities,Derivative Financial Liabilities,Current Liabilities,detail,N,1,38121564.96,????????,CNY
Luxshare,BS,qoq,2025Q4,comparison,002475_Luxshare_2026_Q1_??????????.csv,????????,????????,Notes Payable,BS_CL_NOTE_PAYA,Liabilities,Current Liabilities,Notes Payable,Current Liabilities,detail,N,1,3102096141,????????,CNY
Luxshare,BS,qoq,2025Q4,comparison,002475_Luxshare_2026_Q1_??????????.csv,????????,????????,Accounts Payable,BS_CL_ACCO_PAYA,Liabilities,Current Liabilities,Accounts Payable,Current Liabilities,detail,N,1,80910608803,????????,CNY
Luxshare,BS,qoq,2025Q4,comparison,002475_Luxshare_2026_Q1_??????????.csv,????????,????????,Contract Liabilities,BS_CL_CONT_LIAB,Liabilities,Current Liabilities,Contract Liabilities,Current Liabilities,detail,N,1,931291965.2,????????,CNY
Luxshare,BS,qoq,2025Q4,comparison,002475_Luxshare_2026_Q1_??????????.csv,????????????,????????????,Employee Benefits Payable,BS_CL_EMPL_BENE_PAYA,Liabilities,Current Liabilities,Employee Benefits Payable,Current Liabilities,detail,N,1,4951859420,????????,CNY
Luxshare,BS,qoq,2025Q4,comparison,002475_Luxshare_2026_Q1_??????????.csv,????????,????????,Taxes Payable,BS_CL_TAXE_PAYA,Liabilities,Current Liabilities,Taxes Payable,Current Liabilities,detail,N,1,2819622236,????????,CNY
Luxshare,BS,qoq,2025Q4,comparison,002475_Luxshare_2026_Q1_??????????.csv,??????????,??????????,Other Payables,BS_CL_OTHE_PAYA,Liabilities,Current Liabilities,Other Payables,Current Liabilities,detail,N,1,2320728982,????????,CNY
Luxshare,BS,qoq,2025Q4,comparison,002475_Luxshare_2026_Q1_??????????.csv,????????,????????,Dividends Payable,BS_CL_DIVI_PAYA,Liabilities,Current Liabilities,Dividends Payable,Current Liabilities,detail,N,1,1173208756,????????,CNY
Luxshare,BS,qoq,2025Q4,comparison,002475_Luxshare_2026_Q1_??????????.csv,??????????????????????,??????????????????????,,,,,,Non-current Liabilities,,,,13700930087,????????,CNY
Luxshare,BS,qoq,2025Q4,comparison,002475_Luxshare_2026_Q1_??????????.csv,????????????,????????????,Other Current Liabilities,BS_CL_OTHE_CURR_LIAB,Liabilities,Current Liabilities,Other Current Liabilities,Current Liabilities,detail,N,1,7150917176,????????,CNY
Luxshare,BS,qoq,2025Q4,comparison,002475_Luxshare_2026_Q1_??????????.csv,????????????,????????????,Total Current Liabilities,BS_CL_TOTAL_CURR_LIAB,Liabilities,Current Liabilities,Subtotal,Current Liabilities,total,Y,1,1.76E+11,????????,CNY
Luxshare,BS,qoq,2025Q4,comparison,002475_Luxshare_2026_Q1_??????????.csv,????????,????????,Long-term Borrowings,BS_NCL_LONG_TERM_BORR,Liabilities,Non-current Liabilities,Long-term Borrowings,Non-current Liabilities,detail,N,1,16441982591,????????,CNY
Luxshare,BS,qoq,2025Q4,comparison,002475_Luxshare_2026_Q1_??????????.csv,????????,????????,Bonds Payable,BS_NCL_BOND_PAYA,Liabilities,Non-current Liabilities,Bonds Payable,Non-current Liabilities,detail,N,1,3491837425,????????,CNY
Luxshare,BS,qoq,2025Q4,comparison,002475_Luxshare_2026_Q1_??????????.csv,????????,????????,Lease Liabilities,BS_NCL_LEAS_LIAB,Liabilities,Non-current Liabilities,Lease Liabilities,Non-current Liabilities,detail,N,1,2352692974,????????,CNY
Luxshare,BS,qoq,2025Q4,comparison,002475_Luxshare_2026_Q1_??????????.csv,??????????,??????????,Long-term Payables,BS_NCL_LONG_TERM_PAYA,Liabilities,Non-current Liabilities,Long-term Payables,Non-current Liabilities,detail,N,1,2999320.76,????????,CNY
Luxshare,BS,qoq,2025Q4,comparison,002475_Luxshare_2026_Q1_??????????.csv,????????????????,????????????????,Long-term Employee Benefits Payable,BS_NCL_LONG_TERM_EMPL_BENE,Liabilities,Non-current Liabilities,Long-term Employee Benefits Payable,Non-current Liabilities,detail,N,1,796046633.6,????????,CNY
Luxshare,BS,qoq,2025Q4,comparison,002475_Luxshare_2026_Q1_??????????.csv,????????,????????,Provisions,BS_NCL_PROV,Liabilities,Non-current Liabilities,Provisions,Non-current Liabilities,detail,N,1,607657462.1,????????,CNY
Luxshare,BS,qoq,2025Q4,comparison,002475_Luxshare_2026_Q1_??????????.csv,????????,????????,Deferred Income,BS_NCL_DEFE_INCO,Liabilities,Non-current Liabilities,Deferred Income,Non-current Liabilities,detail,N,1,1138420510,????????,CNY
Luxshare,BS,qoq,2025Q4,comparison,002475_Luxshare_2026_Q1_??????????.csv,??????????????,??????????????,Deferred Tax Liabilities,BS_NCL_DEFE_TAX_LIAB,Liabilities,Non-current Liabilities,Deferred Tax Liabilities,Non-current Liabilities,detail,N,1,1144144007,????????,CNY
Luxshare,BS,qoq,2025Q4,comparison,002475_Luxshare_2026_Q1_??????????.csv,??????????????,??????????????,Other Non-current Liabilities,BS_NCL_OTHE_NON_CURR_LIAB,Liabilities,Non-current Liabilities,Other Non-current Liabilities,Non-current Liabilities,detail,N,1,53526895.87,????????,CNY
Luxshare,BS,qoq,2025Q4,comparison,002475_Luxshare_2026_Q1_??????????.csv,??????????????,??????????????,Total Non-current Liabilities,BS_NCL_TOTAL_NON_CURR_LIAB,Liabilities,Non-current Liabilities,Subtotal,Non-current Liabilities,total,Y,1,26029307820,????????,CNY
Luxshare,BS,qoq,2025Q4,comparison,002475_Luxshare_2026_Q1_??????????.csv,????????,????????,Total Liabilities,BS_TOTAL_LIAB,Liabilities,Liabilities,Total,Non-current Liabilities,total,Y,1,2.03E+11,????????,CNY
Luxshare,BS,qoq,2025Q4,comparison,002475_Luxshare_2026_Q1_??????????.csv,????,????,Share Capital,BS_EQ_SHAR_CAPI,Equity,Equity,Share Capital,Equity,detail,N,1,7284442534,????????,CNY
Luxshare,BS,qoq,2025Q4,comparison,002475_Luxshare_2026_Q1_??????????.csv,????????????,????????????,Other Equity Instruments,BS_EQ_OTHE_EQUI_INST,Equity,Equity,Other Equity Instruments,Equity,detail,N,1,527170634.8,????????,CNY
Luxshare,BS,qoq,2025Q4,comparison,002475_Luxshare_2026_Q1_??????????.csv,????????,????????,Capital Reserve,BS_EQ_CAPI_RESE,Equity,Equity,Capital Reserve,Equity,detail,N,1,9944782587,????????,CNY
Luxshare,BS,qoq,2025Q4,comparison,002475_Luxshare_2026_Q1_??????????.csv,????????????,????????????,Other Comprehensive Income,BS_EQ_OTHE_COMP_INCO,Equity,Equity,Other Comprehensive Income,Equity,detail,N,1,-1592945544,????????,CNY
Luxshare,BS,qoq,2025Q4,comparison,002475_Luxshare_2026_Q1_??????????.csv,????????,????????,Special Reserve,BS_EQ_SPEC_RESE,Equity,Equity,Special Reserve,Equity,detail,N,1,11780213.61,????????,CNY
Luxshare,BS,qoq,2025Q4,comparison,002475_Luxshare_2026_Q1_??????????.csv,????????,????????,Surplus Reserve,BS_EQ_SURP_RESE,Equity,Equity,Surplus Reserve,Equity,detail,N,1,2125232698,????????,CNY
Luxshare,BS,qoq,2025Q4,comparison,002475_Luxshare_2026_Q1_??????????.csv,??????????,??????????,Retained Earnings,BS_EQ_RETA_EARN,Equity,Equity,Retained Earnings,Equity,detail,N,1,66620640299,????????,CNY
Luxshare,BS,qoq,2025Q4,comparison,002475_Luxshare_2026_Q1_??????????.csv,??????????????????????????,??????????????????????????,Total Equity Attributable to Owners of the Parent,BS_EQ_TOTAL_EQUI_ATTR_OWNE_PARE,Equity,Equity,Subtotal,Equity,total,Y,1,84921103421,????????,CNY
Luxshare,BS,qoq,2025Q4,comparison,002475_Luxshare_2026_Q1_??????????.csv,????????????,????????????,Non-controlling Interests,BS_NCI_NON_CONT_INTE,Equity,Non-controlling Interests,Non-controlling Interests,Equity,detail,N,1,19099129359,????????,CNY
Luxshare,BS,qoq,2025Q4,comparison,002475_Luxshare_2026_Q1_??????????.csv,??????????????,??????????????,Total Equity,BS_TOTAL_EQUITY,Equity,Equity,Total,Equity,total,Y,1,1.04E+11,????????,CNY
Luxshare,BS,qoq,2025Q4,comparison,002475_Luxshare_2026_Q1_??????????.csv,????????????????????,????????????????????,Total Liabilities and Equity,BS_TOTAL_LIAB_EQ,Balance Sheet,Balance Sheet,Grand Total,Equity,total,Y,1,3.07E+11,????????,CNY
HASCO,BS,qoq,2026Q1,current,600741_HASCO_2026_Q1_??????????.csv,????????,????????,Cash and Cash Equivalents,BS_CA_CASH,Assets,Current Assets,Cash and Cash Equivalents,Current Assets,detail,N,1,37663447274,2026??3??31??,CNY
HASCO,BS,qoq,2026Q1,current,600741_HASCO_2026_Q1_??????????.csv,????????,????????,Notes Receivable,BS_CA_NOTE_RECE,Assets,Current Assets,Notes Receivable,Current Assets,detail,N,1,1279069519,2026??3??31??,CNY
HASCO,BS,qoq,2026Q1,current,600741_HASCO_2026_Q1_??????????.csv,????????,????????,Accounts Receivable,BS_CA_AR,Assets,Current Assets,Accounts Receivable,Current Assets,detail,N,1,42612135508,2026??3??31??,CNY
HASCO,BS,qoq,2026Q1,current,600741_HASCO_2026_Q1_??????????.csv,????????????,????????????,Financing Receivables,BS_CA_FINA_RECE,Assets,Current Assets,Financing Receivables,Current Assets,detail,N,1,14436804431,2026??3??31??,CNY
HASCO,BS,qoq,2026Q1,current,600741_HASCO_2026_Q1_??????????.csv,????????,????????,Prepayments,BS_CA_PREP,Assets,Current Assets,Prepayments,Current Assets,detail,N,1,1015430730,2026??3??31??,CNY
HASCO,BS,qoq,2026Q1,current,600741_HASCO_2026_Q1_??????????.csv,??????????,??????????,Other Receivables,BS_CA_OTHE_RECE,Assets,Current Assets,Other Receivables,Current Assets,detail,N,1,2386955111,2026??3??31??,CNY
HASCO,BS,qoq,2026Q1,current,600741_HASCO_2026_Q1_??????????.csv,????????,????????,Dividends Receivable,BS_CA_DIVI_RECE,Assets,Current Assets,Dividends Receivable,Current Assets,detail,N,1,69367171.36,2026??3??31??,CNY
HASCO,BS,qoq,2026Q1,current,600741_HASCO_2026_Q1_??????????.csv,????,????,Inventories,BS_CA_INV,Assets,Current Assets,Inventories,Current Assets,detail,N,1,21015542070,2026??3??31??,CNY
HASCO,BS,qoq,2026Q1,current,600741_HASCO_2026_Q1_??????????.csv,??????????????????????,??????????????????????,,,,,,Non-current Assets,,,,2847372227,2026??3??31??,CNY
HASCO,BS,qoq,2026Q1,current,600741_HASCO_2026_Q1_??????????.csv,????????????,????????????,Other Current Assets,BS_CA_OTHE_CURR_ASSE,Assets,Current Assets,Other Current Assets,Current Assets,detail,N,1,1803588892,2026??3??31??,CNY
HASCO,BS,qoq,2026Q1,current,600741_HASCO_2026_Q1_??????????.csv,????????????,????????????,Total Current Assets,BS_CA_TOTAL_CURR_ASSE,Assets,Current Assets,Subtotal,Current Assets,total,Y,1,1.25E+11,2026??3??31??,CNY
HASCO,BS,qoq,2026Q1,current,600741_HASCO_2026_Q1_??????????.csv,????????,????????,Debt Investments,BS_NCA_DEBT_INVE,Assets,Non-current Assets,Debt Investments,Non-current Assets,detail,N,1,7745265972,2026??3??31??,CNY
HASCO,BS,qoq,2026Q1,current,600741_HASCO_2026_Q1_??????????.csv,??????????,??????????,Long-term Receivables,BS_NCA_LONG_TERM_RECE,Assets,Non-current Assets,Long-term Receivables,Non-current Assets,detail,N,1,64724328.7,2026??3??31??,CNY
HASCO,BS,qoq,2026Q1,current,600741_HASCO_2026_Q1_??????????.csv,????????????,????????????,Long-term Equity Investments,BS_NCA_LONG_TERM_EQUI_INVE,Assets,Non-current Assets,Long-term Equity Investments,Non-current Assets,detail,N,1,14005887097,2026??3??31??,CNY
HASCO,BS,qoq,2026Q1,current,600741_HASCO_2026_Q1_??????????.csv,????????????????,????????????????,Other Equity Instrument Investments,BS_NCA_OTHE_EQUI_INST_INVE,Assets,Non-current Assets,Other Equity Instrument Investments,Non-current Assets,detail,N,1,3032989284,2026??3??31??,CNY
HASCO,BS,qoq,2026Q1,current,600741_HASCO_2026_Q1_??????????.csv,??????????????????,??????????????????,Other Non-current Financial Assets,BS_NCA_OTHE_NON_CURR_FINA,Assets,Non-current Assets,Other Non-current Financial Assets,Non-current Assets,detail,N,1,334832246.3,2026??3??31??,CNY
HASCO,BS,qoq,2026Q1,current,600741_HASCO_2026_Q1_??????????.csv,????????????,????????????,Investment Property,BS_NCA_INVE_PROP,Assets,Non-current Assets,Investment Property,Non-current Assets,detail,N,1,500192790.6,2026??3??31??,CNY
HASCO,BS,qoq,2026Q1,current,600741_HASCO_2026_Q1_??????????.csv,????????,????????,"Property, Plant and Equipment",BS_NCA_PPE,Assets,Non-current Assets,"Property, Plant and Equipment",Non-current Assets,detail,N,1,20678213542,2026??3??31??,CNY
HASCO,BS,qoq,2026Q1,current,600741_HASCO_2026_Q1_??????????.csv,????????,????????,Construction in Progress,BS_NCA_CONS_PROG,Assets,Non-current Assets,Construction in Progress,Non-current Assets,detail,N,1,3767483929,2026??3??31??,CNY
HASCO,BS,qoq,2026Q1,current,600741_HASCO_2026_Q1_??????????.csv,??????????,??????????,Right-of-use Assets,BS_NCA_RIGH_USE_ASSE,Assets,Non-current Assets,Right-of-use Assets,Non-current Assets,detail,N,1,4932285974,2026??3??31??,CNY
HASCO,BS,qoq,2026Q1,current,600741_HASCO_2026_Q1_??????????.csv,????????,????????,Intangible Assets,BS_NCA_INTA_ASSE,Assets,Non-current Assets,Intangible Assets,Non-current Assets,detail,N,1,3368317344,2026??3??31??,CNY
HASCO,BS,qoq,2026Q1,current,600741_HASCO_2026_Q1_??????????.csv,????,????,Goodwill,BS_NCA_GOOD,Assets,Non-current Assets,Goodwill,Non-current Assets,detail,N,1,781115081.7,2026??3??31??,CNY
HASCO,BS,qoq,2026Q1,current,600741_HASCO_2026_Q1_??????????.csv,????????????,????????????,Long-term Deferred Expenses,BS_NCA_LONG_TERM_DEFE_EXPE,Assets,Non-current Assets,Long-term Deferred Expenses,Non-current Assets,detail,N,1,1089087371,2026??3??31??,CNY
HASCO,BS,qoq,2026Q1,current,600741_HASCO_2026_Q1_??????????.csv,??????????????,??????????????,Deferred Tax Assets,BS_NCA_DEFE_TAX_ASSE,Assets,Non-current Assets,Deferred Tax Assets,Non-current Assets,detail,N,1,6163825541,2026??3??31??,CNY
HASCO,BS,qoq,2026Q1,current,600741_HASCO_2026_Q1_??????????.csv,??????????????,??????????????,Other Non-current Assets,BS_NCA_OTHE_NON_CURR_ASSE,Assets,Non-current Assets,Other Non-current Assets,Non-current Assets,detail,N,1,543785668.9,2026??3??31??,CNY
HASCO,BS,qoq,2026Q1,current,600741_HASCO_2026_Q1_??????????.csv,??????????????,??????????????,Total Non-current Assets,BS_NCA_TOTAL_NON_CURR_ASSE,Assets,Non-current Assets,Subtotal,Non-current Assets,total,Y,1,67008006169,2026??3??31??,CNY
HASCO,BS,qoq,2026Q1,current,600741_HASCO_2026_Q1_??????????.csv,????????,????????,Total Assets,BS_TOTAL_ASSETS,Assets,Assets,Total,Non-current Assets,total,Y,1,1.92E+11,2026??3??31??,CNY
HASCO,BS,qoq,2026Q1,current,600741_HASCO_2026_Q1_??????????.csv,????????,????????,Short-term Borrowings,BS_CL_SHOR_TERM_BORR,Liabilities,Current Liabilities,Short-term Borrowings,Current Liabilities,detail,N,1,12030658226,2026??3??31??,CNY
HASCO,BS,qoq,2026Q1,current,600741_HASCO_2026_Q1_??????????.csv,????????,????????,Notes Payable,BS_CL_NOTE_PAYA,Liabilities,Current Liabilities,Notes Payable,Current Liabilities,detail,N,1,12149773544,2026??3??31??,CNY
HASCO,BS,qoq,2026Q1,current,600741_HASCO_2026_Q1_??????????.csv,????????,????????,Accounts Payable,BS_CL_ACCO_PAYA,Liabilities,Current Liabilities,Accounts Payable,Current Liabilities,detail,N,1,58292433242,2026??3??31??,CNY
HASCO,BS,qoq,2026Q1,current,600741_HASCO_2026_Q1_??????????.csv,????????,????????,Contract Liabilities,BS_CL_CONT_LIAB,Liabilities,Current Liabilities,Contract Liabilities,Current Liabilities,detail,N,1,8549507625,2026??3??31??,CNY
HASCO,BS,qoq,2026Q1,current,600741_HASCO_2026_Q1_??????????.csv,????????????,????????????,Employee Benefits Payable,BS_CL_EMPL_BENE_PAYA,Liabilities,Current Liabilities,Employee Benefits Payable,Current Liabilities,detail,N,1,4386721486,2026??3??31??,CNY
HASCO,BS,qoq,2026Q1,current,600741_HASCO_2026_Q1_??????????.csv,????????,????????,Taxes Payable,BS_CL_TAXE_PAYA,Liabilities,Current Liabilities,Taxes Payable,Current Liabilities,detail,N,1,1839105441,2026??3??31??,CNY
HASCO,BS,qoq,2026Q1,current,600741_HASCO_2026_Q1_??????????.csv,??????????,??????????,Other Payables,BS_CL_OTHE_PAYA,Liabilities,Current Liabilities,Other Payables,Current Liabilities,detail,N,1,10987161941,2026??3??31??,CNY
HASCO,BS,qoq,2026Q1,current,600741_HASCO_2026_Q1_??????????.csv,????????,????????,Dividends Payable,BS_CL_DIVI_PAYA,Liabilities,Current Liabilities,Dividends Payable,Current Liabilities,detail,N,1,306947403.5,2026??3??31??,CNY
HASCO,BS,qoq,2026Q1,current,600741_HASCO_2026_Q1_??????????.csv,??????????????????????,??????????????????????,,,,,,Non-current Liabilities,,,,1613813299,2026??3??31??,CNY
HASCO,BS,qoq,2026Q1,current,600741_HASCO_2026_Q1_??????????.csv,????????????,????????????,Total Current Liabilities,BS_CL_TOTAL_CURR_LIAB,Liabilities,Current Liabilities,Subtotal,Current Liabilities,total,Y,1,1.10E+11,2026??3??31??,CNY
HASCO,BS,qoq,2026Q1,current,600741_HASCO_2026_Q1_??????????.csv,????????,????????,Long-term Borrowings,BS_NCL_LONG_TERM_BORR,Liabilities,Non-current Liabilities,Long-term Borrowings,Non-current Liabilities,detail,N,1,1113177662,2026??3??31??,CNY
HASCO,BS,qoq,2026Q1,current,600741_HASCO_2026_Q1_??????????.csv,????????,????????,Lease Liabilities,BS_NCL_LEAS_LIAB,Liabilities,Non-current Liabilities,Lease Liabilities,Non-current Liabilities,detail,N,1,4672394558,2026??3??31??,CNY
HASCO,BS,qoq,2026Q1,current,600741_HASCO_2026_Q1_??????????.csv,??????????,??????????,Long-term Payables,BS_NCL_LONG_TERM_PAYA,Liabilities,Non-current Liabilities,Long-term Payables,Non-current Liabilities,detail,N,1,44179481.03,2026??3??31??,CNY
HASCO,BS,qoq,2026Q1,current,600741_HASCO_2026_Q1_??????????.csv,????????????????,????????????????,Long-term Employee Benefits Payable,BS_NCL_LONG_TERM_EMPL_BENE,Liabilities,Non-current Liabilities,Long-term Employee Benefits Payable,Non-current Liabilities,detail,N,1,558050240.2,2026??3??31??,CNY
HASCO,BS,qoq,2026Q1,current,600741_HASCO_2026_Q1_??????????.csv,????????,????????,Provisions,BS_NCL_PROV,Liabilities,Non-current Liabilities,Provisions,Non-current Liabilities,detail,N,1,965082778.8,2026??3??31??,CNY
HASCO,BS,qoq,2026Q1,current,600741_HASCO_2026_Q1_??????????.csv,????????,????????,Deferred Income,BS_NCL_DEFE_INCO,Liabilities,Non-current Liabilities,Deferred Income,Non-current Liabilities,detail,N,1,874062708.9,2026??3??31??,CNY
HASCO,BS,qoq,2026Q1,current,600741_HASCO_2026_Q1_??????????.csv,??????????????,??????????????,Deferred Tax Liabilities,BS_NCL_DEFE_TAX_LIAB,Liabilities,Non-current Liabilities,Deferred Tax Liabilities,Non-current Liabilities,detail,N,1,723720949.5,2026??3??31??,CNY
HASCO,BS,qoq,2026Q1,current,600741_HASCO_2026_Q1_??????????.csv,??????????????,??????????????,Other Non-current Liabilities,BS_NCL_OTHE_NON_CURR_LIAB,Liabilities,Non-current Liabilities,Other Non-current Liabilities,Non-current Liabilities,detail,N,1,514512169.4,2026??3??31??,CNY
HASCO,BS,qoq,2026Q1,current,600741_HASCO_2026_Q1_??????????.csv,??????????????,??????????????,Total Non-current Liabilities,BS_NCL_TOTAL_NON_CURR_LIAB,Liabilities,Non-current Liabilities,Subtotal,Non-current Liabilities,total,Y,1,9465180548,2026??3??31??,CNY
HASCO,BS,qoq,2026Q1,current,600741_HASCO_2026_Q1_??????????.csv,????????,????????,Total Liabilities,BS_TOTAL_LIAB,Liabilities,Liabilities,Total,Non-current Liabilities,total,Y,1,1.19E+11,2026??3??31??,CNY
HASCO,BS,qoq,2026Q1,current,600741_HASCO_2026_Q1_??????????.csv,????????(??????),????????(??????),Share Capital,BS_EQ_SHAR_CAPI,Equity,Equity,Share Capital,Equity,detail,N,1,3152723984,2026??3??31??,CNY
HASCO,BS,qoq,2026Q1,current,600741_HASCO_2026_Q1_??????????.csv,????????,????????,Capital Reserve,BS_EQ_CAPI_RESE,Equity,Equity,Capital Reserve,Equity,detail,N,1,11465022603,2026??3??31??,CNY
HASCO,BS,qoq,2026Q1,current,600741_HASCO_2026_Q1_??????????.csv,????????????,????????????,Other Comprehensive Income,BS_EQ_OTHE_COMP_INCO,Equity,Equity,Other Comprehensive Income,Equity,detail,N,1,1209991754,2026??3??31??,CNY
HASCO,BS,qoq,2026Q1,current,600741_HASCO_2026_Q1_??????????.csv,????????,????????,Special Reserve,BS_EQ_SPEC_RESE,Equity,Equity,Special Reserve,Equity,detail,N,1,44015670.94,2026??3??31??,CNY
HASCO,BS,qoq,2026Q1,current,600741_HASCO_2026_Q1_??????????.csv,????????,????????,Surplus Reserve,BS_EQ_SURP_RESE,Equity,Equity,Surplus Reserve,Equity,detail,N,1,6417692106,2026??3??31??,CNY
HASCO,BS,qoq,2026Q1,current,600741_HASCO_2026_Q1_??????????.csv,??????????,??????????,Retained Earnings,BS_EQ_RETA_EARN,Equity,Equity,Retained Earnings,Equity,detail,N,1,45821548381,2026??3??31??,CNY
HASCO,BS,qoq,2026Q1,current,600741_HASCO_2026_Q1_??????????.csv,??????????????????????(??????????) ????,??????????????????????(??????????)????,Total Equity Attributable to Owners of the Parent,BS_EQ_TOTAL_EQUI_ATTR_OWNE_PARE,Equity,Equity,Subtotal,Equity,total,Y,1,68110994499,2026??3??31??,CNY
HASCO,BS,qoq,2026Q1,current,600741_HASCO_2026_Q1_??????????.csv,????????????,????????????,Non-controlling Interests,BS_NCI_NON_CONT_INTE,Equity,Non-controlling Interests,Non-controlling Interests,Equity,detail,N,1,4643002080,2026??3??31??,CNY
HASCO,BS,qoq,2026Q1,current,600741_HASCO_2026_Q1_??????????.csv,??????????(??????????)????,??????????(??????????)????,Total Equity,BS_TOTAL_EQUITY,Equity,Equity,Total,Equity,total,Y,1,72753996579,2026??3??31??,CNY
HASCO,BS,qoq,2026Q1,current,600741_HASCO_2026_Q1_??????????.csv,????????????????(??????????)????,????????????????(??????????)????,Total Liabilities and Equity,BS_TOTAL_LIAB_EQ,Balance Sheet,Balance Sheet,Grand Total,Equity,total,Y,1,1.92E+11,2026??3??31??,CNY
HASCO,BS,qoq,2025Q4,comparison,600741_HASCO_2026_Q1_??????????.csv,????????,????????,Cash and Cash Equivalents,BS_CA_CASH,Assets,Current Assets,Cash and Cash Equivalents,Current Assets,detail,N,1,37140696976,2025??12??31??,CNY
HASCO,BS,qoq,2025Q4,comparison,600741_HASCO_2026_Q1_??????????.csv,????????,????????,Notes Receivable,BS_CA_NOTE_RECE,Assets,Current Assets,Notes Receivable,Current Assets,detail,N,1,1962977696,2025??12??31??,CNY
HASCO,BS,qoq,2025Q4,comparison,600741_HASCO_2026_Q1_??????????.csv,????????,????????,Accounts Receivable,BS_CA_AR,Assets,Current Assets,Accounts Receivable,Current Assets,detail,N,1,50532053442,2025??12??31??,CNY
HASCO,BS,qoq,2025Q4,comparison,600741_HASCO_2026_Q1_??????????.csv,????????????,????????????,Financing Receivables,BS_CA_FINA_RECE,Assets,Current Assets,Financing Receivables,Current Assets,detail,N,1,15271953622,2025??12??31??,CNY
HASCO,BS,qoq,2025Q4,comparison,600741_HASCO_2026_Q1_??????????.csv,????????,????????,Prepayments,BS_CA_PREP,Assets,Current Assets,Prepayments,Current Assets,detail,N,1,743345626.3,2025??12??31??,CNY
HASCO,BS,qoq,2025Q4,comparison,600741_HASCO_2026_Q1_??????????.csv,??????????,??????????,Other Receivables,BS_CA_OTHE_RECE,Assets,Current Assets,Other Receivables,Current Assets,detail,N,1,2396826193,2025??12??31??,CNY
HASCO,BS,qoq,2025Q4,comparison,600741_HASCO_2026_Q1_??????????.csv,????????,????????,Dividends Receivable,BS_CA_DIVI_RECE,Assets,Current Assets,Dividends Receivable,Current Assets,detail,N,1,75073558.25,2025??12??31??,CNY
HASCO,BS,qoq,2025Q4,comparison,600741_HASCO_2026_Q1_??????????.csv,????,????,Inventories,BS_CA_INV,Assets,Current Assets,Inventories,Current Assets,detail,N,1,21317699044,2025??12??31??,CNY
HASCO,BS,qoq,2025Q4,comparison,600741_HASCO_2026_Q1_??????????.csv,??????????????????????,??????????????????????,,,,,,Non-current Assets,,,,2944305597,2025??12??31??,CNY
HASCO,BS,qoq,2025Q4,comparison,600741_HASCO_2026_Q1_??????????.csv,????????????,????????????,Other Current Assets,BS_CA_OTHE_CURR_ASSE,Assets,Current Assets,Other Current Assets,Current Assets,detail,N,1,2342320839,2025??12??31??,CNY
HASCO,BS,qoq,2025Q4,comparison,600741_HASCO_2026_Q1_??????????.csv,????????????,????????????,Total Current Assets,BS_CA_TOTAL_CURR_ASSE,Assets,Current Assets,Subtotal,Current Assets,total,Y,1,1.35E+11,2025??12??31??,CNY
HASCO,BS,qoq,2025Q4,comparison,600741_HASCO_2026_Q1_??????????.csv,????????,????????,Debt Investments,BS_NCA_DEBT_INVE,Assets,Non-current Assets,Debt Investments,Non-current Assets,detail,N,1,5107794444,2025??12??31??,CNY
HASCO,BS,qoq,2025Q4,comparison,600741_HASCO_2026_Q1_??????????.csv,??????????,??????????,Long-term Receivables,BS_NCA_LONG_TERM_RECE,Assets,Non-current Assets,Long-term Receivables,Non-current Assets,detail,N,1,68841078.37,2025??12??31??,CNY
HASCO,BS,qoq,2025Q4,comparison,600741_HASCO_2026_Q1_??????????.csv,????????????,????????????,Long-term Equity Investments,BS_NCA_LONG_TERM_EQUI_INVE,Assets,Non-current Assets,Long-term Equity Investments,Non-current Assets,detail,N,1,13517594917,2025??12??31??,CNY
HASCO,BS,qoq,2025Q4,comparison,600741_HASCO_2026_Q1_??????????.csv,????????????????,????????????????,Other Equity Instrument Investments,BS_NCA_OTHE_EQUI_INST_INVE,Assets,Non-current Assets,Other Equity Instrument Investments,Non-current Assets,detail,N,1,3358192917,2025??12??31??,CNY
HASCO,BS,qoq,2025Q4,comparison,600741_HASCO_2026_Q1_??????????.csv,??????????????????,??????????????????,Other Non-current Financial Assets,BS_NCA_OTHE_NON_CURR_FINA,Assets,Non-current Assets,Other Non-current Financial Assets,Non-current Assets,detail,N,1,335863799,2025??12??31??,CNY
HASCO,BS,qoq,2025Q4,comparison,600741_HASCO_2026_Q1_??????????.csv,????????????,????????????,Investment Property,BS_NCA_INVE_PROP,Assets,Non-current Assets,Investment Property,Non-current Assets,detail,N,1,509614893.9,2025??12??31??,CNY
HASCO,BS,qoq,2025Q4,comparison,600741_HASCO_2026_Q1_??????????.csv,????????,????????,"Property, Plant and Equipment",BS_NCA_PPE,Assets,Non-current Assets,"Property, Plant and Equipment",Non-current Assets,detail,N,1,21149529296,2025??12??31??,CNY
HASCO,BS,qoq,2025Q4,comparison,600741_HASCO_2026_Q1_??????????.csv,????????,????????,Construction in Progress,BS_NCA_CONS_PROG,Assets,Non-current Assets,Construction in Progress,Non-current Assets,detail,N,1,3636840762,2025??12??31??,CNY
HASCO,BS,qoq,2025Q4,comparison,600741_HASCO_2026_Q1_??????????.csv,??????????,??????????,Right-of-use Assets,BS_NCA_RIGH_USE_ASSE,Assets,Non-current Assets,Right-of-use Assets,Non-current Assets,detail,N,1,4919224465,2025??12??31??,CNY
HASCO,BS,qoq,2025Q4,comparison,600741_HASCO_2026_Q1_??????????.csv,????????,????????,Intangible Assets,BS_NCA_INTA_ASSE,Assets,Non-current Assets,Intangible Assets,Non-current Assets,detail,N,1,3431046209,2025??12??31??,CNY
HASCO,BS,qoq,2025Q4,comparison,600741_HASCO_2026_Q1_??????????.csv,????,????,Goodwill,BS_NCA_GOOD,Assets,Non-current Assets,Goodwill,Non-current Assets,detail,N,1,781115081.7,2025??12??31??,CNY
HASCO,BS,qoq,2025Q4,comparison,600741_HASCO_2026_Q1_??????????.csv,????????????,????????????,Long-term Deferred Expenses,BS_NCA_LONG_TERM_DEFE_EXPE,Assets,Non-current Assets,Long-term Deferred Expenses,Non-current Assets,detail,N,1,986007927.9,2025??12??31??,CNY
HASCO,BS,qoq,2025Q4,comparison,600741_HASCO_2026_Q1_??????????.csv,??????????????,??????????????,Deferred Tax Assets,BS_NCA_DEFE_TAX_ASSE,Assets,Non-current Assets,Deferred Tax Assets,Non-current Assets,detail,N,1,6136611249,2025??12??31??,CNY
HASCO,BS,qoq,2025Q4,comparison,600741_HASCO_2026_Q1_??????????.csv,??????????????,??????????????,Other Non-current Assets,BS_NCA_OTHE_NON_CURR_ASSE,Assets,Non-current Assets,Other Non-current Assets,Non-current Assets,detail,N,1,595994857.5,2025??12??31??,CNY
HASCO,BS,qoq,2025Q4,comparison,600741_HASCO_2026_Q1_??????????.csv,??????????????,??????????????,Total Non-current Assets,BS_NCA_TOTAL_NON_CURR_ASSE,Assets,Non-current Assets,Subtotal,Non-current Assets,total,Y,1,64534271897,2025??12??31??,CNY
HASCO,BS,qoq,2025Q4,comparison,600741_HASCO_2026_Q1_??????????.csv,????????,????????,Total Assets,BS_TOTAL_ASSETS,Assets,Assets,Total,Non-current Assets,total,Y,1,1.99E+11,2025??12??31??,CNY
HASCO,BS,qoq,2025Q4,comparison,600741_HASCO_2026_Q1_??????????.csv,????????,????????,Short-term Borrowings,BS_CL_SHOR_TERM_BORR,Liabilities,Current Liabilities,Short-term Borrowings,Current Liabilities,detail,N,1,12125830795,2025??12??31??,CNY
HASCO,BS,qoq,2025Q4,comparison,600741_HASCO_2026_Q1_??????????.csv,????????,????????,Notes Payable,BS_CL_NOTE_PAYA,Liabilities,Current Liabilities,Notes Payable,Current Liabilities,detail,N,1,12490419989,2025??12??31??,CNY
HASCO,BS,qoq,2025Q4,comparison,600741_HASCO_2026_Q1_??????????.csv,????????,????????,Accounts Payable,BS_CL_ACCO_PAYA,Liabilities,Current Liabilities,Accounts Payable,Current Liabilities,detail,N,1,63766378896,2025??12??31??,CNY
HASCO,BS,qoq,2025Q4,comparison,600741_HASCO_2026_Q1_??????????.csv,????????,????????,Advances from Customers,BS_CL_ADVA_CUST,Liabilities,Current Liabilities,Advances from Customers,Current Liabilities,detail,N,1,297586.26,2025??12??31??,CNY
HASCO,BS,qoq,2025Q4,comparison,600741_HASCO_2026_Q1_??????????.csv,????????,????????,Contract Liabilities,BS_CL_CONT_LIAB,Liabilities,Current Liabilities,Contract Liabilities,Current Liabilities,detail,N,1,9265958210,2025??12??31??,CNY
HASCO,BS,qoq,2025Q4,comparison,600741_HASCO_2026_Q1_??????????.csv,????????????,????????????,Employee Benefits Payable,BS_CL_EMPL_BENE_PAYA,Liabilities,Current Liabilities,Employee Benefits Payable,Current Liabilities,detail,N,1,5694455900,2025??12??31??,CNY
HASCO,BS,qoq,2025Q4,comparison,600741_HASCO_2026_Q1_??????????.csv,????????,????????,Taxes Payable,BS_CL_TAXE_PAYA,Liabilities,Current Liabilities,Taxes Payable,Current Liabilities,detail,N,1,1820315079,2025??12??31??,CNY
HASCO,BS,qoq,2025Q4,comparison,600741_HASCO_2026_Q1_??????????.csv,??????????,??????????,Other Payables,BS_CL_OTHE_PAYA,Liabilities,Current Liabilities,Other Payables,Current Liabilities,detail,N,1,11177577991,2025??12??31??,CNY
HASCO,BS,qoq,2025Q4,comparison,600741_HASCO_2026_Q1_??????????.csv,????????,????????,Dividends Payable,BS_CL_DIVI_PAYA,Liabilities,Current Liabilities,Dividends Payable,Current Liabilities,detail,N,1,455830925.4,2025??12??31??,CNY
HASCO,BS,qoq,2025Q4,comparison,600741_HASCO_2026_Q1_??????????.csv,??????????????????????,??????????????????????,,,,,,Non-current Liabilities,,,,2865233540,2025??12??31??,CNY
HASCO,BS,qoq,2025Q4,comparison,600741_HASCO_2026_Q1_??????????.csv,????????????,????????????,Total Current Liabilities,BS_CL_TOTAL_CURR_LIAB,Liabilities,Current Liabilities,Subtotal,Current Liabilities,total,Y,1,1.19E+11,2025??12??31??,CNY
HASCO,BS,qoq,2025Q4,comparison,600741_HASCO_2026_Q1_??????????.csv,????????,????????,Long-term Borrowings,BS_NCL_LONG_TERM_BORR,Liabilities,Non-current Liabilities,Long-term Borrowings,Non-current Liabilities,detail,N,1,983285831.6,2025??12??31??,CNY
HASCO,BS,qoq,2025Q4,comparison,600741_HASCO_2026_Q1_??????????.csv,????????,????????,Lease Liabilities,BS_NCL_LEAS_LIAB,Liabilities,Non-current Liabilities,Lease Liabilities,Non-current Liabilities,detail,N,1,4534689568,2025??12??31??,CNY
HASCO,BS,qoq,2025Q4,comparison,600741_HASCO_2026_Q1_??????????.csv,??????????,??????????,Long-term Payables,BS_NCL_LONG_TERM_PAYA,Liabilities,Non-current Liabilities,Long-term Payables,Non-current Liabilities,detail,N,1,43135136.39,2025??12??31??,CNY
HASCO,BS,qoq,2025Q4,comparison,600741_HASCO_2026_Q1_??????????.csv,????????????????,????????????????,Long-term Employee Benefits Payable,BS_NCL_LONG_TERM_EMPL_BENE,Liabilities,Non-current Liabilities,Long-term Employee Benefits Payable,Non-current Liabilities,detail,N,1,566108394.9,2025??12??31??,CNY
HASCO,BS,qoq,2025Q4,comparison,600741_HASCO_2026_Q1_??????????.csv,????????,????????,Provisions,BS_NCL_PROV,Liabilities,Non-current Liabilities,Provisions,Non-current Liabilities,detail,N,1,891656058.7,2025??12??31??,CNY
HASCO,BS,qoq,2025Q4,comparison,600741_HASCO_2026_Q1_??????????.csv,????????,????????,Deferred Income,BS_NCL_DEFE_INCO,Liabilities,Non-current Liabilities,Deferred Income,Non-current Liabilities,detail,N,1,882060999.2,2025??12??31??,CNY
HASCO,BS,qoq,2025Q4,comparison,600741_HASCO_2026_Q1_??????????.csv,??????????????,??????????????,Deferred Tax Liabilities,BS_NCL_DEFE_TAX_LIAB,Liabilities,Non-current Liabilities,Deferred Tax Liabilities,Non-current Liabilities,detail,N,1,816442074.1,2025??12??31??,CNY
HASCO,BS,qoq,2025Q4,comparison,600741_HASCO_2026_Q1_??????????.csv,??????????????,??????????????,Other Non-current Liabilities,BS_NCL_OTHE_NON_CURR_LIAB,Liabilities,Non-current Liabilities,Other Non-current Liabilities,Non-current Liabilities,detail,N,1,124821881.7,2025??12??31??,CNY
HASCO,BS,qoq,2025Q4,comparison,600741_HASCO_2026_Q1_??????????.csv,??????????????,??????????????,Total Non-current Liabilities,BS_NCL_TOTAL_NON_CURR_LIAB,Liabilities,Non-current Liabilities,Subtotal,Non-current Liabilities,total,Y,1,8842199944,2025??12??31??,CNY
HASCO,BS,qoq,2025Q4,comparison,600741_HASCO_2026_Q1_??????????.csv,????????,????????,Total Liabilities,BS_TOTAL_LIAB,Liabilities,Liabilities,Total,Non-current Liabilities,total,Y,1,1.28E+11,2025??12??31??,CNY
HASCO,BS,qoq,2025Q4,comparison,600741_HASCO_2026_Q1_??????????.csv,????????(??????),????????(??????),Share Capital,BS_EQ_SHAR_CAPI,Equity,Equity,Share Capital,Equity,detail,N,1,3152723984,2025??12??31??,CNY
HASCO,BS,qoq,2025Q4,comparison,600741_HASCO_2026_Q1_??????????.csv,????????,????????,Capital Reserve,BS_EQ_CAPI_RESE,Equity,Equity,Capital Reserve,Equity,detail,N,1,11463867084,2025??12??31??,CNY
HASCO,BS,qoq,2025Q4,comparison,600741_HASCO_2026_Q1_??????????.csv,????????????,????????????,Other Comprehensive Income,BS_EQ_OTHE_COMP_INCO,Equity,Equity,Other Comprehensive Income,Equity,detail,N,1,1494349772,2025??12??31??,CNY
HASCO,BS,qoq,2025Q4,comparison,600741_HASCO_2026_Q1_??????????.csv,????????,????????,Special Reserve,BS_EQ_SPEC_RESE,Equity,Equity,Special Reserve,Equity,detail,N,1,38313070.87,2025??12??31??,CNY
HASCO,BS,qoq,2025Q4,comparison,600741_HASCO_2026_Q1_??????????.csv,????????,????????,Surplus Reserve,BS_EQ_SURP_RESE,Equity,Equity,Surplus Reserve,Equity,detail,N,1,6417692106,2025??12??31??,CNY
HASCO,BS,qoq,2025Q4,comparison,600741_HASCO_2026_Q1_??????????.csv,??????????,??????????,Retained Earnings,BS_EQ_RETA_EARN,Equity,Equity,Retained Earnings,Equity,detail,N,1,44577627261,2025??12??31??,CNY
HASCO,BS,qoq,2025Q4,comparison,600741_HASCO_2026_Q1_??????????.csv,??????????????????????(??????????) ????,??????????????????????(??????????)????,Total Equity Attributable to Owners of the Parent,BS_EQ_TOTAL_EQUI_ATTR_OWNE_PARE,Equity,Equity,Subtotal,Equity,total,Y,1,67144573278,2025??12??31??,CNY
HASCO,BS,qoq,2025Q4,comparison,600741_HASCO_2026_Q1_??????????.csv,????????????,????????????,Non-controlling Interests,BS_NCI_NON_CONT_INTE,Equity,Non-controlling Interests,Non-controlling Interests,Equity,detail,N,1,3993209722,2025??12??31??,CNY
HASCO,BS,qoq,2025Q4,comparison,600741_HASCO_2026_Q1_??????????.csv,??????????(??????????)????,??????????(??????????)????,Total Equity,BS_TOTAL_EQUITY,Equity,Equity,Total,Equity,total,Y,1,71137783001,2025??12??31??,CNY
HASCO,BS,qoq,2025Q4,comparison,600741_HASCO_2026_Q1_??????????.csv,????????????????(??????????)????,????????????????(??????????)????,Total Liabilities and Equity,BS_TOTAL_LIAB_EQ,Balance Sheet,Balance Sheet,Grand Total,Equity,total,Y,1,1.99E+11,2025??12??31??,CNY
Tuopu,BS,qoq,2026Q1,current,601689_Tuopu_2026_Q1_??????????.csv,????????,????????,Cash and Cash Equivalents,BS_CA_CASH,Assets,Current Assets,Cash and Cash Equivalents,Current Assets,detail,N,1,4020020103,2026??3??31??,CNY
Tuopu,BS,qoq,2026Q1,current,601689_Tuopu_2026_Q1_??????????.csv,??????????????,??????????????,Trading Financial Assets,BS_CA_TRAD_FINA_ASSE,Assets,Current Assets,Trading Financial Assets,Current Assets,detail,N,1,601000000,2026??3??31??,CNY
Tuopu,BS,qoq,2026Q1,current,601689_Tuopu_2026_Q1_??????????.csv,????????,????????,Notes Receivable,BS_CA_NOTE_RECE,Assets,Current Assets,Notes Receivable,Current Assets,detail,N,1,26062354.01,2026??3??31??,CNY
Tuopu,BS,qoq,2026Q1,current,601689_Tuopu_2026_Q1_??????????.csv,????????,????????,Accounts Receivable,BS_CA_AR,Assets,Current Assets,Accounts Receivable,Current Assets,detail,N,1,5684893351,2026??3??31??,CNY
Tuopu,BS,qoq,2026Q1,current,601689_Tuopu_2026_Q1_??????????.csv,????????????,????????????,Financing Receivables,BS_CA_FINA_RECE,Assets,Current Assets,Financing Receivables,Current Assets,detail,N,1,5119714967,2026??3??31??,CNY
Tuopu,BS,qoq,2026Q1,current,601689_Tuopu_2026_Q1_??????????.csv,????????,????????,Prepayments,BS_CA_PREP,Assets,Current Assets,Prepayments,Current Assets,detail,N,1,243099339.1,2026??3??31??,CNY
Tuopu,BS,qoq,2026Q1,current,601689_Tuopu_2026_Q1_??????????.csv,??????????,??????????,Other Receivables,BS_CA_OTHE_RECE,Assets,Current Assets,Other Receivables,Current Assets,detail,N,1,70949308.53,2026??3??31??,CNY
Tuopu,BS,qoq,2026Q1,current,601689_Tuopu_2026_Q1_??????????.csv,????,????,Inventories,BS_CA_INV,Assets,Current Assets,Inventories,Current Assets,detail,N,1,4343143676,2026??3??31??,CNY
Tuopu,BS,qoq,2026Q1,current,601689_Tuopu_2026_Q1_??????????.csv,????????????,????????????,Other Current Assets,BS_CA_OTHE_CURR_ASSE,Assets,Current Assets,Other Current Assets,Current Assets,detail,N,1,872698870.1,2026??3??31??,CNY
Tuopu,BS,qoq,2026Q1,current,601689_Tuopu_2026_Q1_??????????.csv,????????????,????????????,Total Current Assets,BS_CA_TOTAL_CURR_ASSE,Assets,Current Assets,Subtotal,Current Assets,total,Y,1,20981581969,2026??3??31??,CNY
Tuopu,BS,qoq,2026Q1,current,601689_Tuopu_2026_Q1_??????????.csv,????????????,????????????,Long-term Equity Investments,BS_NCA_LONG_TERM_EQUI_INVE,Assets,Non-current Assets,Long-term Equity Investments,Non-current Assets,detail,N,1,113137486.2,2026??3??31??,CNY
Tuopu,BS,qoq,2026Q1,current,601689_Tuopu_2026_Q1_??????????.csv,??????????????????,??????????????????,Other Non-current Financial Assets,BS_NCA_OTHE_NON_CURR_FINA,Assets,Non-current Assets,Other Non-current Financial Assets,Non-current Assets,detail,N,1,200000000,2026??3??31??,CNY
Tuopu,BS,qoq,2026Q1,current,601689_Tuopu_2026_Q1_??????????.csv,????????????,????????????,Investment Property,BS_NCA_INVE_PROP,Assets,Non-current Assets,Investment Property,Non-current Assets,detail,N,1,18320523.85,2026??3??31??,CNY
Tuopu,BS,qoq,2026Q1,current,601689_Tuopu_2026_Q1_??????????.csv,????????,????????,"Property, Plant and Equipment",BS_NCA_PPE,Assets,Non-current Assets,"Property, Plant and Equipment",Non-current Assets,detail,N,1,15195551440,2026??3??31??,CNY
Tuopu,BS,qoq,2026Q1,current,601689_Tuopu_2026_Q1_??????????.csv,????????,????????,Construction in Progress,BS_NCA_CONS_PROG,Assets,Non-current Assets,Construction in Progress,Non-current Assets,detail,N,1,1713954751,2026??3??31??,CNY
Tuopu,BS,qoq,2026Q1,current,601689_Tuopu_2026_Q1_??????????.csv,??????????,??????????,Right-of-use Assets,BS_NCA_RIGH_USE_ASSE,Assets,Non-current Assets,Right-of-use Assets,Non-current Assets,detail,N,1,490553914.7,2026??3??31??,CNY
Tuopu,BS,qoq,2026Q1,current,601689_Tuopu_2026_Q1_??????????.csv,????????,????????,Intangible Assets,BS_NCA_INTA_ASSE,Assets,Non-current Assets,Intangible Assets,Non-current Assets,detail,N,1,1558676634,2026??3??31??,CNY
Tuopu,BS,qoq,2026Q1,current,601689_Tuopu_2026_Q1_??????????.csv,????,????,Goodwill,BS_NCA_GOOD,Assets,Non-current Assets,Goodwill,Non-current Assets,detail,N,1,340475037.3,2026??3??31??,CNY
Tuopu,BS,qoq,2026Q1,current,601689_Tuopu_2026_Q1_??????????.csv,????????????,????????????,Long-term Deferred Expenses,BS_NCA_LONG_TERM_DEFE_EXPE,Assets,Non-current Assets,Long-term Deferred Expenses,Non-current Assets,detail,N,1,389421972.6,2026??3??31??,CNY
Tuopu,BS,qoq,2026Q1,current,601689_Tuopu_2026_Q1_??????????.csv,??????????????,??????????????,Deferred Tax Assets,BS_NCA_DEFE_TAX_ASSE,Assets,Non-current Assets,Deferred Tax Assets,Non-current Assets,detail,N,1,242628641.8,2026??3??31??,CNY
Tuopu,BS,qoq,2026Q1,current,601689_Tuopu_2026_Q1_??????????.csv,??????????????,??????????????,Other Non-current Assets,BS_NCA_OTHE_NON_CURR_ASSE,Assets,Non-current Assets,Other Non-current Assets,Non-current Assets,detail,N,1,336780706.4,2026??3??31??,CNY
Tuopu,BS,qoq,2026Q1,current,601689_Tuopu_2026_Q1_??????????.csv,??????????????,??????????????,Total Non-current Assets,BS_NCA_TOTAL_NON_CURR_ASSE,Assets,Non-current Assets,Subtotal,Non-current Assets,total,Y,1,20599501108,2026??3??31??,CNY
Tuopu,BS,qoq,2026Q1,current,601689_Tuopu_2026_Q1_??????????.csv,????????,????????,Total Assets,BS_TOTAL_ASSETS,Assets,Assets,Total,Non-current Assets,total,Y,1,41581083077,2026??3??31??,CNY
Tuopu,BS,qoq,2026Q1,current,601689_Tuopu_2026_Q1_??????????.csv,????????,????????,Short-term Borrowings,BS_CL_SHOR_TERM_BORR,Liabilities,Current Liabilities,Short-term Borrowings,Current Liabilities,detail,N,1,2864246678,2026??3??31??,CNY
Tuopu,BS,qoq,2026Q1,current,601689_Tuopu_2026_Q1_??????????.csv,????????,????????,Notes Payable,BS_CL_NOTE_PAYA,Liabilities,Current Liabilities,Notes Payable,Current Liabilities,detail,N,1,5641784126,2026??3??31??,CNY
Tuopu,BS,qoq,2026Q1,current,601689_Tuopu_2026_Q1_??????????.csv,????????,????????,Accounts Payable,BS_CL_ACCO_PAYA,Liabilities,Current Liabilities,Accounts Payable,Current Liabilities,detail,N,1,5499184501,2026??3??31??,CNY
Tuopu,BS,qoq,2026Q1,current,601689_Tuopu_2026_Q1_??????????.csv,????????,????????,Contract Liabilities,BS_CL_CONT_LIAB,Liabilities,Current Liabilities,Contract Liabilities,Current Liabilities,detail,N,1,26751879.5,2026??3??31??,CNY
Tuopu,BS,qoq,2026Q1,current,601689_Tuopu_2026_Q1_??????????.csv,????????????,????????????,Employee Benefits Payable,BS_CL_EMPL_BENE_PAYA,Liabilities,Current Liabilities,Employee Benefits Payable,Current Liabilities,detail,N,1,290036863.6,2026??3??31??,CNY
Tuopu,BS,qoq,2026Q1,current,601689_Tuopu_2026_Q1_??????????.csv,????????,????????,Taxes Payable,BS_CL_TAXE_PAYA,Liabilities,Current Liabilities,Taxes Payable,Current Liabilities,detail,N,1,272438973.1,2026??3??31??,CNY
Tuopu,BS,qoq,2026Q1,current,601689_Tuopu_2026_Q1_??????????.csv,??????????,??????????,Other Payables,BS_CL_OTHE_PAYA,Liabilities,Current Liabilities,Other Payables,Current Liabilities,detail,N,1,18513489.46,2026??3??31??,CNY
Tuopu,BS,qoq,2026Q1,current,601689_Tuopu_2026_Q1_??????????.csv,??????????????????????,??????????????????????,,,,,,Non-current Liabilities,,,,1211892942,2026??3??31??,CNY
Tuopu,BS,qoq,2026Q1,current,601689_Tuopu_2026_Q1_??????????.csv,????????????,????????????,Other Current Liabilities,BS_CL_OTHE_CURR_LIAB,Liabilities,Current Liabilities,Other Current Liabilities,Current Liabilities,detail,N,1,30955446.44,2026??3??31??,CNY
Tuopu,BS,qoq,2026Q1,current,601689_Tuopu_2026_Q1_??????????.csv,????????????,????????????,Total Current Liabilities,BS_CL_TOTAL_CURR_LIAB,Liabilities,Current Liabilities,Subtotal,Current Liabilities,total,Y,1,15855804898,2026??3??31??,CNY
Tuopu,BS,qoq,2026Q1,current,601689_Tuopu_2026_Q1_??????????.csv,????????,????????,Long-term Borrowings,BS_NCL_LONG_TERM_BORR,Liabilities,Non-current Liabilities,Long-term Borrowings,Non-current Liabilities,detail,N,1,200122739.7,2026??3??31??,CNY
Tuopu,BS,qoq,2026Q1,current,601689_Tuopu_2026_Q1_??????????.csv,????????,????????,Lease Liabilities,BS_NCL_LEAS_LIAB,Liabilities,Non-current Liabilities,Lease Liabilities,Non-current Liabilities,detail,N,1,413254263.5,2026??3??31??,CNY
Tuopu,BS,qoq,2026Q1,current,601689_Tuopu_2026_Q1_??????????.csv,????????,????????,Deferred Income,BS_NCL_DEFE_INCO,Liabilities,Non-current Liabilities,Deferred Income,Non-current Liabilities,detail,N,1,420268218.5,2026??3??31??,CNY
Tuopu,BS,qoq,2026Q1,current,601689_Tuopu_2026_Q1_??????????.csv,??????????????,??????????????,Deferred Tax Liabilities,BS_NCL_DEFE_TAX_LIAB,Liabilities,Non-current Liabilities,Deferred Tax Liabilities,Non-current Liabilities,detail,N,1,65186831.06,2026??3??31??,CNY
Tuopu,BS,qoq,2026Q1,current,601689_Tuopu_2026_Q1_??????????.csv,??????????????,??????????????,Total Non-current Liabilities,BS_NCL_TOTAL_NON_CURR_LIAB,Liabilities,Non-current Liabilities,Subtotal,Non-current Liabilities,total,Y,1,1098832053,2026??3??31??,CNY
Tuopu,BS,qoq,2026Q1,current,601689_Tuopu_2026_Q1_??????????.csv,????????,????????,Total Liabilities,BS_TOTAL_LIAB,Liabilities,Liabilities,Total,Non-current Liabilities,total,Y,1,16954636951,2026??3??31??,CNY
Tuopu,BS,qoq,2026Q1,current,601689_Tuopu_2026_Q1_??????????.csv,????????(??????),????????(??????),Share Capital,BS_EQ_SHAR_CAPI,Equity,Equity,Share Capital,Equity,detail,N,1,1737835580,2026??3??31??,CNY
Tuopu,BS,qoq,2026Q1,current,601689_Tuopu_2026_Q1_??????????.csv,????????,????????,Capital Reserve,BS_EQ_CAPI_RESE,Equity,Equity,Capital Reserve,Equity,detail,N,1,10872539090,2026??3??31??,CNY
Tuopu,BS,qoq,2026Q1,current,601689_Tuopu_2026_Q1_??????????.csv,????????????,????????????,Other Comprehensive Income,BS_EQ_OTHE_COMP_INCO,Equity,Equity,Other Comprehensive Income,Equity,detail,N,1,-10505153.95,2026??3??31??,CNY
Tuopu,BS,qoq,2026Q1,current,601689_Tuopu_2026_Q1_??????????.csv,????????,????????,Surplus Reserve,BS_EQ_SURP_RESE,Equity,Equity,Surplus Reserve,Equity,detail,N,1,1039768774,2026??3??31??,CNY
Tuopu,BS,qoq,2026Q1,current,601689_Tuopu_2026_Q1_??????????.csv,??????????,??????????,Retained Earnings,BS_EQ_RETA_EARN,Equity,Equity,Retained Earnings,Equity,detail,N,1,10948646693,2026??3??31??,CNY
Tuopu,BS,qoq,2026Q1,current,601689_Tuopu_2026_Q1_??????????.csv,??????????????????????(???? ??????)????,??????????????????????(??????????)????,Total Equity Attributable to Owners of the Parent,BS_EQ_TOTAL_EQUI_ATTR_OWNE_PARE,Equity,Equity,Subtotal,Equity,total,Y,1,24588284984,2026??3??31??,CNY
Tuopu,BS,qoq,2026Q1,current,601689_Tuopu_2026_Q1_??????????.csv,????????????,????????????,Non-controlling Interests,BS_NCI_NON_CONT_INTE,Equity,Non-controlling Interests,Non-controlling Interests,Equity,detail,N,1,38161142.29,2026??3??31??,CNY
Tuopu,BS,qoq,2026Q1,current,601689_Tuopu_2026_Q1_??????????.csv,??????????(??????????)?? ??,??????????(??????????)????,Total Equity,BS_TOTAL_EQUITY,Equity,Equity,Total,Equity,total,Y,1,24626446126,2026??3??31??,CNY
Tuopu,BS,qoq,2026Q1,current,601689_Tuopu_2026_Q1_??????????.csv,????????????????(?????? ????)????,????????????????(??????????)????,Total Liabilities and Equity,BS_TOTAL_LIAB_EQ,Balance Sheet,Balance Sheet,Grand Total,Equity,total,Y,1,41581083077,2026??3??31??,CNY
Tuopu,BS,qoq,2025Q4,comparison,601689_Tuopu_2026_Q1_??????????.csv,????????,????????,Cash and Cash Equivalents,BS_CA_CASH,Assets,Current Assets,Cash and Cash Equivalents,Current Assets,detail,N,1,5219806008,2025??12??31??,CNY
Tuopu,BS,qoq,2025Q4,comparison,601689_Tuopu_2026_Q1_??????????.csv,??????????????,??????????????,Trading Financial Assets,BS_CA_TRAD_FINA_ASSE,Assets,Current Assets,Trading Financial Assets,Current Assets,detail,N,1,400000000,2025??12??31??,CNY
Tuopu,BS,qoq,2025Q4,comparison,601689_Tuopu_2026_Q1_??????????.csv,????????,????????,Notes Receivable,BS_CA_NOTE_RECE,Assets,Current Assets,Notes Receivable,Current Assets,detail,N,1,15798084.56,2025??12??31??,CNY
Tuopu,BS,qoq,2025Q4,comparison,601689_Tuopu_2026_Q1_??????????.csv,????????,????????,Accounts Receivable,BS_CA_AR,Assets,Current Assets,Accounts Receivable,Current Assets,detail,N,1,7325793121,2025??12??31??,CNY
Tuopu,BS,qoq,2025Q4,comparison,601689_Tuopu_2026_Q1_??????????.csv,????????????,????????????,Financing Receivables,BS_CA_FINA_RECE,Assets,Current Assets,Financing Receivables,Current Assets,detail,N,1,4828918847,2025??12??31??,CNY
Tuopu,BS,qoq,2025Q4,comparison,601689_Tuopu_2026_Q1_??????????.csv,????????,????????,Prepayments,BS_CA_PREP,Assets,Current Assets,Prepayments,Current Assets,detail,N,1,225582479,2025??12??31??,CNY
Tuopu,BS,qoq,2025Q4,comparison,601689_Tuopu_2026_Q1_??????????.csv,??????????,??????????,Other Receivables,BS_CA_OTHE_RECE,Assets,Current Assets,Other Receivables,Current Assets,detail,N,1,65810353.73,2025??12??31??,CNY
Tuopu,BS,qoq,2025Q4,comparison,601689_Tuopu_2026_Q1_??????????.csv,????,????,Inventories,BS_CA_INV,Assets,Current Assets,Inventories,Current Assets,detail,N,1,4716826854,2025??12??31??,CNY
Tuopu,BS,qoq,2025Q4,comparison,601689_Tuopu_2026_Q1_??????????.csv,????????????,????????????,Other Current Assets,BS_CA_OTHE_CURR_ASSE,Assets,Current Assets,Other Current Assets,Current Assets,detail,N,1,646073361.1,2025??12??31??,CNY
Tuopu,BS,qoq,2025Q4,comparison,601689_Tuopu_2026_Q1_??????????.csv,????????????,????????????,Total Current Assets,BS_CA_TOTAL_CURR_ASSE,Assets,Current Assets,Subtotal,Current Assets,total,Y,1,23444609109,2025??12??31??,CNY
Tuopu,BS,qoq,2025Q4,comparison,601689_Tuopu_2026_Q1_??????????.csv,????????????,????????????,Long-term Equity Investments,BS_NCA_LONG_TERM_EQUI_INVE,Assets,Non-current Assets,Long-term Equity Investments,Non-current Assets,detail,N,1,105254429.5,2025??12??31??,CNY
Tuopu,BS,qoq,2025Q4,comparison,601689_Tuopu_2026_Q1_??????????.csv,??????????????????,??????????????????,Other Non-current Financial Assets,BS_NCA_OTHE_NON_CURR_FINA,Assets,Non-current Assets,Other Non-current Financial Assets,Non-current Assets,detail,N,1,50000000,2025??12??31??,CNY
Tuopu,BS,qoq,2025Q4,comparison,601689_Tuopu_2026_Q1_??????????.csv,????????????,????????????,Investment Property,BS_NCA_INVE_PROP,Assets,Non-current Assets,Investment Property,Non-current Assets,detail,N,1,18685082.96,2025??12??31??,CNY
Tuopu,BS,qoq,2025Q4,comparison,601689_Tuopu_2026_Q1_??????????.csv,????????,????????,"Property, Plant and Equipment",BS_NCA_PPE,Assets,Non-current Assets,"Property, Plant and Equipment",Non-current Assets,detail,N,1,15049407542,2025??12??31??,CNY
Tuopu,BS,qoq,2025Q4,comparison,601689_Tuopu_2026_Q1_??????????.csv,????????,????????,Construction in Progress,BS_NCA_CONS_PROG,Assets,Non-current Assets,Construction in Progress,Non-current Assets,detail,N,1,1879671312,2025??12??31??,CNY
Tuopu,BS,qoq,2025Q4,comparison,601689_Tuopu_2026_Q1_??????????.csv,??????????,??????????,Right-of-use Assets,BS_NCA_RIGH_USE_ASSE,Assets,Non-current Assets,Right-of-use Assets,Non-current Assets,detail,N,1,511031729.9,2025??12??31??,CNY
Tuopu,BS,qoq,2025Q4,comparison,601689_Tuopu_2026_Q1_??????????.csv,????????,????????,Intangible Assets,BS_NCA_INTA_ASSE,Assets,Non-current Assets,Intangible Assets,Non-current Assets,detail,N,1,1569588057,2025??12??31??,CNY
Tuopu,BS,qoq,2025Q4,comparison,601689_Tuopu_2026_Q1_??????????.csv,????,????,Goodwill,BS_NCA_GOOD,Assets,Non-current Assets,Goodwill,Non-current Assets,detail,N,1,340475037.3,2025??12??31??,CNY
Tuopu,BS,qoq,2025Q4,comparison,601689_Tuopu_2026_Q1_??????????.csv,????????????,????????????,Long-term Deferred Expenses,BS_NCA_LONG_TERM_DEFE_EXPE,Assets,Non-current Assets,Long-term Deferred Expenses,Non-current Assets,detail,N,1,356977245.8,2025??12??31??,CNY
Tuopu,BS,qoq,2025Q4,comparison,601689_Tuopu_2026_Q1_??????????.csv,??????????????,??????????????,Deferred Tax Assets,BS_NCA_DEFE_TAX_ASSE,Assets,Non-current Assets,Deferred Tax Assets,Non-current Assets,detail,N,1,261153623.1,2025??12??31??,CNY
Tuopu,BS,qoq,2025Q4,comparison,601689_Tuopu_2026_Q1_??????????.csv,??????????????,??????????????,Other Non-current Assets,BS_NCA_OTHE_NON_CURR_ASSE,Assets,Non-current Assets,Other Non-current Assets,Non-current Assets,detail,N,1,347742200.7,2025??12??31??,CNY
Tuopu,BS,qoq,2025Q4,comparison,601689_Tuopu_2026_Q1_??????????.csv,??????????????,??????????????,Total Non-current Assets,BS_NCA_TOTAL_NON_CURR_ASSE,Assets,Non-current Assets,Subtotal,Non-current Assets,total,Y,1,20489986260,2025??12??31??,CNY
Tuopu,BS,qoq,2025Q4,comparison,601689_Tuopu_2026_Q1_??????????.csv,????????,????????,Total Assets,BS_TOTAL_ASSETS,Assets,Assets,Total,Non-current Assets,total,Y,1,43934595369,2025??12??31??,CNY
Tuopu,BS,qoq,2025Q4,comparison,601689_Tuopu_2026_Q1_??????????.csv,????????,????????,Short-term Borrowings,BS_CL_SHOR_TERM_BORR,Liabilities,Current Liabilities,Short-term Borrowings,Current Liabilities,detail,N,1,2930929247,2025??12??31??,CNY
Tuopu,BS,qoq,2025Q4,comparison,601689_Tuopu_2026_Q1_??????????.csv,????????,????????,Notes Payable,BS_CL_NOTE_PAYA,Liabilities,Current Liabilities,Notes Payable,Current Liabilities,detail,N,1,5716338316,2025??12??31??,CNY
Tuopu,BS,qoq,2025Q4,comparison,601689_Tuopu_2026_Q1_??????????.csv,????????,????????,Accounts Payable,BS_CL_ACCO_PAYA,Liabilities,Current Liabilities,Accounts Payable,Current Liabilities,detail,N,1,7479896928,2025??12??31??,CNY
Tuopu,BS,qoq,2025Q4,comparison,601689_Tuopu_2026_Q1_??????????.csv,????????,????????,Contract Liabilities,BS_CL_CONT_LIAB,Liabilities,Current Liabilities,Contract Liabilities,Current Liabilities,detail,N,1,21061458.96,2025??12??31??,CNY
Tuopu,BS,qoq,2025Q4,comparison,601689_Tuopu_2026_Q1_??????????.csv,????????????,????????????,Employee Benefits Payable,BS_CL_EMPL_BENE_PAYA,Liabilities,Current Liabilities,Employee Benefits Payable,Current Liabilities,detail,N,1,468463681.1,2025??12??31??,CNY
Tuopu,BS,qoq,2025Q4,comparison,601689_Tuopu_2026_Q1_??????????.csv,????????,????????,Taxes Payable,BS_CL_TAXE_PAYA,Liabilities,Current Liabilities,Taxes Payable,Current Liabilities,detail,N,1,319479049.5,2025??12??31??,CNY
Tuopu,BS,qoq,2025Q4,comparison,601689_Tuopu_2026_Q1_??????????.csv,??????????,??????????,Other Payables,BS_CL_OTHE_PAYA,Liabilities,Current Liabilities,Other Payables,Current Liabilities,detail,N,1,21000056.22,2025??12??31??,CNY
Tuopu,BS,qoq,2025Q4,comparison,601689_Tuopu_2026_Q1_??????????.csv,??????????????????????,??????????????????????,,,,,,Non-current Liabilities,,,,1602987963,2025??12??31??,CNY
Tuopu,BS,qoq,2025Q4,comparison,601689_Tuopu_2026_Q1_??????????.csv,????????????,????????????,Other Current Liabilities,BS_CL_OTHE_CURR_LIAB,Liabilities,Current Liabilities,Other Current Liabilities,Current Liabilities,detail,N,1,82658540.23,2025??12??31??,CNY
Tuopu,BS,qoq,2025Q4,comparison,601689_Tuopu_2026_Q1_??????????.csv,????????????,????????????,Total Current Liabilities,BS_CL_TOTAL_CURR_LIAB,Liabilities,Current Liabilities,Subtotal,Current Liabilities,total,Y,1,18642815239,2025??12??31??,CNY
Tuopu,BS,qoq,2025Q4,comparison,601689_Tuopu_2026_Q1_??????????.csv,????????,????????,Long-term Borrowings,BS_NCL_LONG_TERM_BORR,Liabilities,Non-current Liabilities,Long-term Borrowings,Non-current Liabilities,detail,N,1,225116422.7,2025??12??31??,CNY
Tuopu,BS,qoq,2025Q4,comparison,601689_Tuopu_2026_Q1_??????????.csv,????????,????????,Lease Liabilities,BS_NCL_LEAS_LIAB,Liabilities,Non-current Liabilities,Lease Liabilities,Non-current Liabilities,detail,N,1,442455857.6,2025??12??31??,CNY
Tuopu,BS,qoq,2025Q4,comparison,601689_Tuopu_2026_Q1_??????????.csv,????????,????????,Deferred Income,BS_NCL_DEFE_INCO,Liabilities,Non-current Liabilities,Deferred Income,Non-current Liabilities,detail,N,1,422912904.2,2025??12??31??,CNY
Tuopu,BS,qoq,2025Q4,comparison,601689_Tuopu_2026_Q1_??????????.csv,??????????????,??????????????,Deferred Tax Liabilities,BS_NCL_DEFE_TAX_LIAB,Liabilities,Non-current Liabilities,Deferred Tax Liabilities,Non-current Liabilities,detail,N,1,66742024.12,2025??12??31??,CNY
Tuopu,BS,qoq,2025Q4,comparison,601689_Tuopu_2026_Q1_??????????.csv,??????????????,??????????????,Total Non-current Liabilities,BS_NCL_TOTAL_NON_CURR_LIAB,Liabilities,Non-current Liabilities,Subtotal,Non-current Liabilities,total,Y,1,1157227209,2025??12??31??,CNY
Tuopu,BS,qoq,2025Q4,comparison,601689_Tuopu_2026_Q1_??????????.csv,????????,????????,Total Liabilities,BS_TOTAL_LIAB,Liabilities,Liabilities,Total,Non-current Liabilities,total,Y,1,19800042448,2025??12??31??,CNY
Tuopu,BS,qoq,2025Q4,comparison,601689_Tuopu_2026_Q1_??????????.csv,????????(??????),????????(??????),Share Capital,BS_EQ_SHAR_CAPI,Equity,Equity,Share Capital,Equity,detail,N,1,1737835580,2025??12??31??,CNY
Tuopu,BS,qoq,2025Q4,comparison,601689_Tuopu_2026_Q1_??????????.csv,????????,????????,Capital Reserve,BS_EQ_CAPI_RESE,Equity,Equity,Capital Reserve,Equity,detail,N,1,10872539090,2025??12??31??,CNY
Tuopu,BS,qoq,2025Q4,comparison,601689_Tuopu_2026_Q1_??????????.csv,????????????,????????????,Other Comprehensive Income,BS_EQ_OTHE_COMP_INCO,Equity,Equity,Other Comprehensive Income,Equity,detail,N,1,50996410.35,2025??12??31??,CNY
Tuopu,BS,qoq,2025Q4,comparison,601689_Tuopu_2026_Q1_??????????.csv,????????,????????,Surplus Reserve,BS_EQ_SURP_RESE,Equity,Equity,Surplus Reserve,Equity,detail,N,1,1039768774,2025??12??31??,CNY
Tuopu,BS,qoq,2025Q4,comparison,601689_Tuopu_2026_Q1_??????????.csv,??????????,??????????,Retained Earnings,BS_EQ_RETA_EARN,Equity,Equity,Retained Earnings,Equity,detail,N,1,10396846764,2025??12??31??,CNY
Tuopu,BS,qoq,2025Q4,comparison,601689_Tuopu_2026_Q1_??????????.csv,??????????????????????(???? ??????)????,??????????????????????(??????????)????,Total Equity Attributable to Owners of the Parent,BS_EQ_TOTAL_EQUI_ATTR_OWNE_PARE,Equity,Equity,Subtotal,Equity,total,Y,1,24097986619,2025??12??31??,CNY
Tuopu,BS,qoq,2025Q4,comparison,601689_Tuopu_2026_Q1_??????????.csv,????????????,????????????,Non-controlling Interests,BS_NCI_NON_CONT_INTE,Equity,Non-controlling Interests,Non-controlling Interests,Equity,detail,N,1,36566301.82,2025??12??31??,CNY
Tuopu,BS,qoq,2025Q4,comparison,601689_Tuopu_2026_Q1_??????????.csv,??????????(??????????)?? ??,??????????(??????????)????,Total Equity,BS_TOTAL_EQUITY,Equity,Equity,Total,Equity,total,Y,1,24134552921,2025??12??31??,CNY
Tuopu,BS,qoq,2025Q4,comparison,601689_Tuopu_2026_Q1_??????????.csv,????????????????(?????? ????)????,????????????????(??????????)????,Total Liabilities and Equity,BS_TOTAL_LIAB_EQ,Balance Sheet,Balance Sheet,Grand Total,Equity,total,Y,1,43934595369,2025??12??31??,CNY
Baolong,BS,qoq,2026Q1,current,603197_Baolong_2026_Q1_??????????.csv,????????,????????,Cash and Cash Equivalents,BS_CA_CASH,Assets,Current Assets,Cash and Cash Equivalents,Current Assets,detail,N,1,606611056,2026??3??31??,CNY
Baolong,BS,qoq,2026Q1,current,603197_Baolong_2026_Q1_??????????.csv,??????????????,??????????????,Trading Financial Assets,BS_CA_TRAD_FINA_ASSE,Assets,Current Assets,Trading Financial Assets,Current Assets,detail,N,1,932003798.9,2026??3??31??,CNY
Baolong,BS,qoq,2026Q1,current,603197_Baolong_2026_Q1_??????????.csv,????????,????????,Notes Receivable,BS_CA_NOTE_RECE,Assets,Current Assets,Notes Receivable,Current Assets,detail,N,1,123111910.7,2026??3??31??,CNY
Baolong,BS,qoq,2026Q1,current,603197_Baolong_2026_Q1_??????????.csv,????????,????????,Accounts Receivable,BS_CA_AR,Assets,Current Assets,Accounts Receivable,Current Assets,detail,N,1,2151713616,2026??3??31??,CNY
Baolong,BS,qoq,2026Q1,current,603197_Baolong_2026_Q1_??????????.csv,????????????,????????????,Financing Receivables,BS_CA_FINA_RECE,Assets,Current Assets,Financing Receivables,Current Assets,detail,N,1,230678583.3,2026??3??31??,CNY
Baolong,BS,qoq,2026Q1,current,603197_Baolong_2026_Q1_??????????.csv,????????,????????,Prepayments,BS_CA_PREP,Assets,Current Assets,Prepayments,Current Assets,detail,N,1,58095575.3,2026??3??31??,CNY
Baolong,BS,qoq,2026Q1,current,603197_Baolong_2026_Q1_??????????.csv,??????????,??????????,Other Receivables,BS_CA_OTHE_RECE,Assets,Current Assets,Other Receivables,Current Assets,detail,N,1,22346484.44,2026??3??31??,CNY
Baolong,BS,qoq,2026Q1,current,603197_Baolong_2026_Q1_??????????.csv,????,????,Inventories,BS_CA_INV,Assets,Current Assets,Inventories,Current Assets,detail,N,1,2435065930,2026??3??31??,CNY
Baolong,BS,qoq,2026Q1,current,603197_Baolong_2026_Q1_??????????.csv,????????????,????????????,Other Current Assets,BS_CA_OTHE_CURR_ASSE,Assets,Current Assets,Other Current Assets,Current Assets,detail,N,1,56544456.48,2026??3??31??,CNY
Baolong,BS,qoq,2026Q1,current,603197_Baolong_2026_Q1_??????????.csv,????????????,????????????,Total Current Assets,BS_CA_TOTAL_CURR_ASSE,Assets,Current Assets,Subtotal,Current Assets,total,Y,1,6616171411,2026??3??31??,CNY
Baolong,BS,qoq,2026Q1,current,603197_Baolong_2026_Q1_??????????.csv,????????????,????????????,Long-term Equity Investments,BS_NCA_LONG_TERM_EQUI_INVE,Assets,Non-current Assets,Long-term Equity Investments,Non-current Assets,detail,N,1,332799547.6,2026??3??31??,CNY
Baolong,BS,qoq,2026Q1,current,603197_Baolong_2026_Q1_??????????.csv,????????????????,????????????????,Other Equity Instrument Investments,BS_NCA_OTHE_EQUI_INST_INVE,Assets,Non-current Assets,Other Equity Instrument Investments,Non-current Assets,detail,N,1,64500000,2026??3??31??,CNY
Baolong,BS,qoq,2026Q1,current,603197_Baolong_2026_Q1_??????????.csv,??????????????????,??????????????????,Other Non-current Financial Assets,BS_NCA_OTHE_NON_CURR_FINA,Assets,Non-current Assets,Other Non-current Financial Assets,Non-current Assets,detail,N,1,259213750.3,2026??3??31??,CNY
Baolong,BS,qoq,2026Q1,current,603197_Baolong_2026_Q1_??????????.csv,????????????,????????????,Investment Property,BS_NCA_INVE_PROP,Assets,Non-current Assets,Investment Property,Non-current Assets,detail,N,1,14106304.4,2026??3??31??,CNY
Baolong,BS,qoq,2026Q1,current,603197_Baolong_2026_Q1_??????????.csv,????????,????????,"Property, Plant and Equipment",BS_NCA_PPE,Assets,Non-current Assets,"Property, Plant and Equipment",Non-current Assets,detail,N,1,3169692449,2026??3??31??,CNY
Baolong,BS,qoq,2026Q1,current,603197_Baolong_2026_Q1_??????????.csv,????????,????????,Construction in Progress,BS_NCA_CONS_PROG,Assets,Non-current Assets,Construction in Progress,Non-current Assets,detail,N,1,436249378,2026??3??31??,CNY
Baolong,BS,qoq,2026Q1,current,603197_Baolong_2026_Q1_??????????.csv,??????????,??????????,Right-of-use Assets,BS_NCA_RIGH_USE_ASSE,Assets,Non-current Assets,Right-of-use Assets,Non-current Assets,detail,N,1,11742133.06,2026??3??31??,CNY
Baolong,BS,qoq,2026Q1,current,603197_Baolong_2026_Q1_??????????.csv,????????,????????,Intangible Assets,BS_NCA_INTA_ASSE,Assets,Non-current Assets,Intangible Assets,Non-current Assets,detail,N,1,188515732.6,2026??3??31??,CNY
Baolong,BS,qoq,2026Q1,current,603197_Baolong_2026_Q1_??????????.csv,????,????,Goodwill,BS_NCA_GOOD,Assets,Non-current Assets,Goodwill,Non-current Assets,detail,N,1,315278689.9,2026??3??31??,CNY
Baolong,BS,qoq,2026Q1,current,603197_Baolong_2026_Q1_??????????.csv,????????????,????????????,Long-term Deferred Expenses,BS_NCA_LONG_TERM_DEFE_EXPE,Assets,Non-current Assets,Long-term Deferred Expenses,Non-current Assets,detail,N,1,19169146.53,2026??3??31??,CNY
Baolong,BS,qoq,2026Q1,current,603197_Baolong_2026_Q1_??????????.csv,??????????????,??????????????,Deferred Tax Assets,BS_NCA_DEFE_TAX_ASSE,Assets,Non-current Assets,Deferred Tax Assets,Non-current Assets,detail,N,1,73492495.94,2026??3??31??,CNY
Baolong,BS,qoq,2026Q1,current,603197_Baolong_2026_Q1_??????????.csv,??????????????,??????????????,Other Non-current Assets,BS_NCA_OTHE_NON_CURR_ASSE,Assets,Non-current Assets,Other Non-current Assets,Non-current Assets,detail,N,1,365267081.3,2026??3??31??,CNY
Baolong,BS,qoq,2026Q1,current,603197_Baolong_2026_Q1_??????????.csv,??????????????,??????????????,Total Non-current Assets,BS_NCA_TOTAL_NON_CURR_ASSE,Assets,Non-current Assets,Subtotal,Non-current Assets,total,Y,1,5250026708,2026??3??31??,CNY
Baolong,BS,qoq,2026Q1,current,603197_Baolong_2026_Q1_??????????.csv,????????,????????,Total Assets,BS_TOTAL_ASSETS,Assets,Assets,Total,Non-current Assets,total,Y,1,11866198120,2026??3??31??,CNY
Baolong,BS,qoq,2026Q1,current,603197_Baolong_2026_Q1_??????????.csv,????????,????????,Short-term Borrowings,BS_CL_SHOR_TERM_BORR,Liabilities,Current Liabilities,Short-term Borrowings,Current Liabilities,detail,N,1,1961578550,2026??3??31??,CNY
Baolong,BS,qoq,2026Q1,current,603197_Baolong_2026_Q1_??????????.csv,????????,????????,Notes Payable,BS_CL_NOTE_PAYA,Liabilities,Current Liabilities,Notes Payable,Current Liabilities,detail,N,1,1176119665,2026??3??31??,CNY
Baolong,BS,qoq,2026Q1,current,603197_Baolong_2026_Q1_??????????.csv,????????,????????,Accounts Payable,BS_CL_ACCO_PAYA,Liabilities,Current Liabilities,Accounts Payable,Current Liabilities,detail,N,1,1412476858,2026??3??31??,CNY
Baolong,BS,qoq,2026Q1,current,603197_Baolong_2026_Q1_??????????.csv,????????,????????,Advances from Customers,BS_CL_ADVA_CUST,Liabilities,Current Liabilities,Advances from Customers,Current Liabilities,detail,N,1,82951.13,2026??3??31??,CNY
Baolong,BS,qoq,2026Q1,current,603197_Baolong_2026_Q1_??????????.csv,????????,????????,Contract Liabilities,BS_CL_CONT_LIAB,Liabilities,Current Liabilities,Contract Liabilities,Current Liabilities,detail,N,1,217252234,2026??3??31??,CNY
Baolong,BS,qoq,2026Q1,current,603197_Baolong_2026_Q1_??????????.csv,????????????,????????????,Employee Benefits Payable,BS_CL_EMPL_BENE_PAYA,Liabilities,Current Liabilities,Employee Benefits Payable,Current Liabilities,detail,N,1,225950741.2,2026??3??31??,CNY
Baolong,BS,qoq,2026Q1,current,603197_Baolong_2026_Q1_??????????.csv,????????,????????,Taxes Payable,BS_CL_TAXE_PAYA,Liabilities,Current Liabilities,Taxes Payable,Current Liabilities,detail,N,1,78296301.27,2026??3??31??,CNY
Baolong,BS,qoq,2026Q1,current,603197_Baolong_2026_Q1_??????????.csv,??????????,??????????,Other Payables,BS_CL_OTHE_PAYA,Liabilities,Current Liabilities,Other Payables,Current Liabilities,detail,N,1,62221265.11,2026??3??31??,CNY
Baolong,BS,qoq,2026Q1,current,603197_Baolong_2026_Q1_??????????.csv,????????,????????,Dividends Payable,BS_CL_DIVI_PAYA,Liabilities,Current Liabilities,Dividends Payable,Current Liabilities,detail,N,1,35500,2026??3??31??,CNY
Baolong,BS,qoq,2026Q1,current,603197_Baolong_2026_Q1_??????????.csv,??????????????????????,??????????????????????,,,,,,Non-current Liabilities,,,,754953518.5,2026??3??31??,CNY
Baolong,BS,qoq,2026Q1,current,603197_Baolong_2026_Q1_??????????.csv,????????????,????????????,Other Current Liabilities,BS_CL_OTHE_CURR_LIAB,Liabilities,Current Liabilities,Other Current Liabilities,Current Liabilities,detail,N,1,7083946.11,2026??3??31??,CNY
Baolong,BS,qoq,2026Q1,current,603197_Baolong_2026_Q1_??????????.csv,????????????,????????????,Total Current Liabilities,BS_CL_TOTAL_CURR_LIAB,Liabilities,Current Liabilities,Subtotal,Current Liabilities,total,Y,1,5896016030,2026??3??31??,CNY
Baolong,BS,qoq,2026Q1,current,603197_Baolong_2026_Q1_??????????.csv,????????,????????,Long-term Borrowings,BS_NCL_LONG_TERM_BORR,Liabilities,Non-current Liabilities,Long-term Borrowings,Non-current Liabilities,detail,N,1,757540437,2026??3??31??,CNY
Baolong,BS,qoq,2026Q1,current,603197_Baolong_2026_Q1_??????????.csv,????????,????????,Bonds Payable,BS_NCL_BOND_PAYA,Liabilities,Non-current Liabilities,Bonds Payable,Non-current Liabilities,detail,N,1,1375640875,2026??3??31??,CNY
Baolong,BS,qoq,2026Q1,current,603197_Baolong_2026_Q1_??????????.csv,????????,????????,Lease Liabilities,BS_NCL_LEAS_LIAB,Liabilities,Non-current Liabilities,Lease Liabilities,Non-current Liabilities,detail,N,1,5887629.19,2026??3??31??,CNY
Baolong,BS,qoq,2026Q1,current,603197_Baolong_2026_Q1_??????????.csv,????????????????,????????????????,Long-term Employee Benefits Payable,BS_NCL_LONG_TERM_EMPL_BENE,Liabilities,Non-current Liabilities,Long-term Employee Benefits Payable,Non-current Liabilities,detail,N,1,13080603.2,2026??3??31??,CNY
Baolong,BS,qoq,2026Q1,current,603197_Baolong_2026_Q1_??????????.csv,????????,????????,Provisions,BS_NCL_PROV,Liabilities,Non-current Liabilities,Provisions,Non-current Liabilities,detail,N,1,32441683.57,2026??3??31??,CNY
Baolong,BS,qoq,2026Q1,current,603197_Baolong_2026_Q1_??????????.csv,????????,????????,Deferred Income,BS_NCL_DEFE_INCO,Liabilities,Non-current Liabilities,Deferred Income,Non-current Liabilities,detail,N,1,122063754.9,2026??3??31??,CNY
Baolong,BS,qoq,2026Q1,current,603197_Baolong_2026_Q1_??????????.csv,??????????????,??????????????,Deferred Tax Liabilities,BS_NCL_DEFE_TAX_LIAB,Liabilities,Non-current Liabilities,Deferred Tax Liabilities,Non-current Liabilities,detail,N,1,4094777.09,2026??3??31??,CNY
Baolong,BS,qoq,2026Q1,current,603197_Baolong_2026_Q1_??????????.csv,??????????????,??????????????,Total Non-current Liabilities,BS_NCL_TOTAL_NON_CURR_LIAB,Liabilities,Non-current Liabilities,Subtotal,Non-current Liabilities,total,Y,1,2310749760,2026??3??31??,CNY
Baolong,BS,qoq,2026Q1,current,603197_Baolong_2026_Q1_??????????.csv,????????,????????,Total Liabilities,BS_TOTAL_LIAB,Liabilities,Liabilities,Total,Non-current Liabilities,total,Y,1,8206765790,2026??3??31??,CNY
Baolong,BS,qoq,2026Q1,current,603197_Baolong_2026_Q1_??????????.csv,????????(??????),????????(??????),Share Capital,BS_EQ_SHAR_CAPI,Equity,Equity,Share Capital,Equity,detail,N,1,213905552,2026??3??31??,CNY
Baolong,BS,qoq,2026Q1,current,603197_Baolong_2026_Q1_??????????.csv,????????????,????????????,Other Equity Instruments,BS_EQ_OTHE_EQUI_INST,Equity,Equity,Other Equity Instruments,Equity,detail,N,1,56507878.87,2026??3??31??,CNY
Baolong,BS,qoq,2026Q1,current,603197_Baolong_2026_Q1_??????????.csv,????????,????????,Capital Reserve,BS_EQ_CAPI_RESE,Equity,Equity,Capital Reserve,Equity,detail,N,1,1283695129,2026??3??31??,CNY
Baolong,BS,qoq,2026Q1,current,603197_Baolong_2026_Q1_??????????.csv,??:??????,??????,Treasury Shares,BS_EQ_TREA_SHAR,Equity,Equity,Treasury Shares,Equity,detail,N,-1,51435380,2026??3??31??,CNY
Baolong,BS,qoq,2026Q1,current,603197_Baolong_2026_Q1_??????????.csv,????????????,????????????,Other Comprehensive Income,BS_EQ_OTHE_COMP_INCO,Equity,Equity,Other Comprehensive Income,Equity,detail,N,1,10992949.34,2026??3??31??,CNY
Baolong,BS,qoq,2026Q1,current,603197_Baolong_2026_Q1_??????????.csv,????????,????????,Surplus Reserve,BS_EQ_SURP_RESE,Equity,Equity,Surplus Reserve,Equity,detail,N,1,112561832.4,2026??3??31??,CNY
Baolong,BS,qoq,2026Q1,current,603197_Baolong_2026_Q1_??????????.csv,??????????,??????????,Retained Earnings,BS_EQ_RETA_EARN,Equity,Equity,Retained Earnings,Equity,detail,N,1,1640995862,2026??3??31??,CNY
Baolong,BS,qoq,2026Q1,current,603197_Baolong_2026_Q1_??????????.csv,??????????????????????(?? ????????)????,??????????????????????(??????????)????,Total Equity Attributable to Owners of the Parent,BS_EQ_TOTAL_EQUI_ATTR_OWNE_PARE,Equity,Equity,Subtotal,Equity,total,Y,1,3267223823,2026??3??31??,CNY
Baolong,BS,qoq,2026Q1,current,603197_Baolong_2026_Q1_??????????.csv,????????????,????????????,Non-controlling Interests,BS_NCI_NON_CONT_INTE,Equity,Non-controlling Interests,Non-controlling Interests,Equity,detail,N,1,392208506.5,2026??3??31??,CNY
Baolong,BS,qoq,2026Q1,current,603197_Baolong_2026_Q1_??????????.csv,??????????(??????????) ????,??????????(??????????)????,Total Equity,BS_TOTAL_EQUITY,Equity,Equity,Total,Equity,total,Y,1,3659432330,2026??3??31??,CNY
Baolong,BS,qoq,2026Q1,current,603197_Baolong_2026_Q1_??????????.csv,????????????????(???? ??????)????,????????????????(??????????)????,Total Liabilities and Equity,BS_TOTAL_LIAB_EQ,Balance Sheet,Balance Sheet,Grand Total,Equity,total,Y,1,11866198120,2026??3??31??,CNY
Baolong,BS,qoq,2025Q4,comparison,603197_Baolong_2026_Q1_??????????.csv,????????,????????,Cash and Cash Equivalents,BS_CA_CASH,Assets,Current Assets,Cash and Cash Equivalents,Current Assets,detail,N,1,435320957.1,2025??12??31??,CNY
Baolong,BS,qoq,2025Q4,comparison,603197_Baolong_2026_Q1_??????????.csv,??????????????,??????????????,Trading Financial Assets,BS_CA_TRAD_FINA_ASSE,Assets,Current Assets,Trading Financial Assets,Current Assets,detail,N,1,870028906.5,2025??12??31??,CNY
Baolong,BS,qoq,2025Q4,comparison,603197_Baolong_2026_Q1_??????????.csv,????????,????????,Notes Receivable,BS_CA_NOTE_RECE,Assets,Current Assets,Notes Receivable,Current Assets,detail,N,1,120163999,2025??12??31??,CNY
Baolong,BS,qoq,2025Q4,comparison,603197_Baolong_2026_Q1_??????????.csv,????????,????????,Accounts Receivable,BS_CA_AR,Assets,Current Assets,Accounts Receivable,Current Assets,detail,N,1,2385049624,2025??12??31??,CNY
Baolong,BS,qoq,2025Q4,comparison,603197_Baolong_2026_Q1_??????????.csv,????????????,????????????,Financing Receivables,BS_CA_FINA_RECE,Assets,Current Assets,Financing Receivables,Current Assets,detail,N,1,88623911.21,2025??12??31??,CNY
Baolong,BS,qoq,2025Q4,comparison,603197_Baolong_2026_Q1_??????????.csv,????????,????????,Prepayments,BS_CA_PREP,Assets,Current Assets,Prepayments,Current Assets,detail,N,1,56405029.37,2025??12??31??,CNY
Baolong,BS,qoq,2025Q4,comparison,603197_Baolong_2026_Q1_??????????.csv,??????????,??????????,Other Receivables,BS_CA_OTHE_RECE,Assets,Current Assets,Other Receivables,Current Assets,detail,N,1,33331001.96,2025??12??31??,CNY
Baolong,BS,qoq,2025Q4,comparison,603197_Baolong_2026_Q1_??????????.csv,????,????,Inventories,BS_CA_INV,Assets,Current Assets,Inventories,Current Assets,detail,N,1,2481442461,2025??12??31??,CNY
Baolong,BS,qoq,2025Q4,comparison,603197_Baolong_2026_Q1_??????????.csv,????????????,????????????,Other Current Assets,BS_CA_OTHE_CURR_ASSE,Assets,Current Assets,Other Current Assets,Current Assets,detail,N,1,137471855.9,2025??12??31??,CNY
Baolong,BS,qoq,2025Q4,comparison,603197_Baolong_2026_Q1_??????????.csv,????????????,????????????,Total Current Assets,BS_CA_TOTAL_CURR_ASSE,Assets,Current Assets,Subtotal,Current Assets,total,Y,1,6607837746,2025??12??31??,CNY
Baolong,BS,qoq,2025Q4,comparison,603197_Baolong_2026_Q1_??????????.csv,????????????,????????????,Long-term Equity Investments,BS_NCA_LONG_TERM_EQUI_INVE,Assets,Non-current Assets,Long-term Equity Investments,Non-current Assets,detail,N,1,335292283.2,2025??12??31??,CNY
Baolong,BS,qoq,2025Q4,comparison,603197_Baolong_2026_Q1_??????????.csv,????????????????,????????????????,Other Equity Instrument Investments,BS_NCA_OTHE_EQUI_INST_INVE,Assets,Non-current Assets,Other Equity Instrument Investments,Non-current Assets,detail,N,1,64500000,2025??12??31??,CNY
Baolong,BS,qoq,2025Q4,comparison,603197_Baolong_2026_Q1_??????????.csv,??????????????????,??????????????????,Other Non-current Financial Assets,BS_NCA_OTHE_NON_CURR_FINA,Assets,Non-current Assets,Other Non-current Financial Assets,Non-current Assets,detail,N,1,262140224.3,2025??12??31??,CNY
Baolong,BS,qoq,2025Q4,comparison,603197_Baolong_2026_Q1_??????????.csv,????????????,????????????,Investment Property,BS_NCA_INVE_PROP,Assets,Non-current Assets,Investment Property,Non-current Assets,detail,N,1,15111977.09,2025??12??31??,CNY
Baolong,BS,qoq,2025Q4,comparison,603197_Baolong_2026_Q1_??????????.csv,????????,????????,"Property, Plant and Equipment",BS_NCA_PPE,Assets,Non-current Assets,"Property, Plant and Equipment",Non-current Assets,detail,N,1,3166365624,2025??12??31??,CNY
Baolong,BS,qoq,2025Q4,comparison,603197_Baolong_2026_Q1_??????????.csv,????????,????????,Construction in Progress,BS_NCA_CONS_PROG,Assets,Non-current Assets,Construction in Progress,Non-current Assets,detail,N,1,443375140.8,2025??12??31??,CNY
Baolong,BS,qoq,2025Q4,comparison,603197_Baolong_2026_Q1_??????????.csv,??????????,??????????,Right-of-use Assets,BS_NCA_RIGH_USE_ASSE,Assets,Non-current Assets,Right-of-use Assets,Non-current Assets,detail,N,1,12358372.66,2025??12??31??,CNY
Baolong,BS,qoq,2025Q4,comparison,603197_Baolong_2026_Q1_??????????.csv,????????,????????,Intangible Assets,BS_NCA_INTA_ASSE,Assets,Non-current Assets,Intangible Assets,Non-current Assets,detail,N,1,192207406,2025??12??31??,CNY
Baolong,BS,qoq,2025Q4,comparison,603197_Baolong_2026_Q1_??????????.csv,????,????,Goodwill,BS_NCA_GOOD,Assets,Non-current Assets,Goodwill,Non-current Assets,detail,N,1,321479408.2,2025??12??31??,CNY
Baolong,BS,qoq,2025Q4,comparison,603197_Baolong_2026_Q1_??????????.csv,????????????,????????????,Long-term Deferred Expenses,BS_NCA_LONG_TERM_DEFE_EXPE,Assets,Non-current Assets,Long-term Deferred Expenses,Non-current Assets,detail,N,1,17720784.62,2025??12??31??,CNY
Baolong,BS,qoq,2025Q4,comparison,603197_Baolong_2026_Q1_??????????.csv,??????????????,??????????????,Deferred Tax Assets,BS_NCA_DEFE_TAX_ASSE,Assets,Non-current Assets,Deferred Tax Assets,Non-current Assets,detail,N,1,73740088.57,2025??12??31??,CNY
Baolong,BS,qoq,2025Q4,comparison,603197_Baolong_2026_Q1_??????????.csv,??????????????,??????????????,Other Non-current Assets,BS_NCA_OTHE_NON_CURR_ASSE,Assets,Non-current Assets,Other Non-current Assets,Non-current Assets,detail,N,1,334949265.2,2025??12??31??,CNY
Baolong,BS,qoq,2025Q4,comparison,603197_Baolong_2026_Q1_??????????.csv,??????????????,??????????????,Total Non-current Assets,BS_NCA_TOTAL_NON_CURR_ASSE,Assets,Non-current Assets,Subtotal,Non-current Assets,total,Y,1,5239240574,2025??12??31??,CNY
Baolong,BS,qoq,2025Q4,comparison,603197_Baolong_2026_Q1_??????????.csv,????????,????????,Total Assets,BS_TOTAL_ASSETS,Assets,Assets,Total,Non-current Assets,total,Y,1,11847078320,2025??12??31??,CNY
Baolong,BS,qoq,2025Q4,comparison,603197_Baolong_2026_Q1_??????????.csv,????????,????????,Short-term Borrowings,BS_CL_SHOR_TERM_BORR,Liabilities,Current Liabilities,Short-term Borrowings,Current Liabilities,detail,N,1,1760380161,2025??12??31??,CNY
Baolong,BS,qoq,2025Q4,comparison,603197_Baolong_2026_Q1_??????????.csv,????????,????????,Notes Payable,BS_CL_NOTE_PAYA,Liabilities,Current Liabilities,Notes Payable,Current Liabilities,detail,N,1,1035363760,2025??12??31??,CNY
Baolong,BS,qoq,2025Q4,comparison,603197_Baolong_2026_Q1_??????????.csv,????????,????????,Accounts Payable,BS_CL_ACCO_PAYA,Liabilities,Current Liabilities,Accounts Payable,Current Liabilities,detail,N,1,1772134356,2025??12??31??,CNY
Baolong,BS,qoq,2025Q4,comparison,603197_Baolong_2026_Q1_??????????.csv,????????,????????,Advances from Customers,BS_CL_ADVA_CUST,Liabilities,Current Liabilities,Advances from Customers,Current Liabilities,detail,N,1,715921.22,2025??12??31??,CNY
Baolong,BS,qoq,2025Q4,comparison,603197_Baolong_2026_Q1_??????????.csv,????????,????????,Contract Liabilities,BS_CL_CONT_LIAB,Liabilities,Current Liabilities,Contract Liabilities,Current Liabilities,detail,N,1,176580847.1,2025??12??31??,CNY
Baolong,BS,qoq,2025Q4,comparison,603197_Baolong_2026_Q1_??????????.csv,????????????,????????????,Employee Benefits Payable,BS_CL_EMPL_BENE_PAYA,Liabilities,Current Liabilities,Employee Benefits Payable,Current Liabilities,detail,N,1,249739452.5,2025??12??31??,CNY
Baolong,BS,qoq,2025Q4,comparison,603197_Baolong_2026_Q1_??????????.csv,????????,????????,Taxes Payable,BS_CL_TAXE_PAYA,Liabilities,Current Liabilities,Taxes Payable,Current Liabilities,detail,N,1,61205110.62,2025??12??31??,CNY
Baolong,BS,qoq,2025Q4,comparison,603197_Baolong_2026_Q1_??????????.csv,??????????,??????????,Other Payables,BS_CL_OTHE_PAYA,Liabilities,Current Liabilities,Other Payables,Current Liabilities,detail,N,1,10318007.72,2025??12??31??,CNY
Baolong,BS,qoq,2025Q4,comparison,603197_Baolong_2026_Q1_??????????.csv,????????,????????,Dividends Payable,BS_CL_DIVI_PAYA,Liabilities,Current Liabilities,Dividends Payable,Current Liabilities,detail,N,1,35500,2025??12??31??,CNY
Baolong,BS,qoq,2025Q4,comparison,603197_Baolong_2026_Q1_??????????.csv,??????????????????????,??????????????????????,,,,,,Non-current Liabilities,,,,655179741.4,2025??12??31??,CNY
Baolong,BS,qoq,2025Q4,comparison,603197_Baolong_2026_Q1_??????????.csv,????????????,????????????,Other Current Liabilities,BS_CL_OTHE_CURR_LIAB,Liabilities,Current Liabilities,Other Current Liabilities,Current Liabilities,detail,N,1,2033009.47,2025??12??31??,CNY
Baolong,BS,qoq,2025Q4,comparison,603197_Baolong_2026_Q1_??????????.csv,????????????,????????????,Total Current Liabilities,BS_CL_TOTAL_CURR_LIAB,Liabilities,Current Liabilities,Subtotal,Current Liabilities,total,Y,1,5723650366,2025??12??31??,CNY
Baolong,BS,qoq,2025Q4,comparison,603197_Baolong_2026_Q1_??????????.csv,????????,????????,Long-term Borrowings,BS_NCL_LONG_TERM_BORR,Liabilities,Non-current Liabilities,Long-term Borrowings,Non-current Liabilities,detail,N,1,940091778.1,2025??12??31??,CNY
Baolong,BS,qoq,2025Q4,comparison,603197_Baolong_2026_Q1_??????????.csv,????????,????????,Bonds Payable,BS_NCL_BOND_PAYA,Liabilities,Non-current Liabilities,Bonds Payable,Non-current Liabilities,detail,N,1,1365383868,2025??12??31??,CNY
Baolong,BS,qoq,2025Q4,comparison,603197_Baolong_2026_Q1_??????????.csv,????????,????????,Lease Liabilities,BS_NCL_LEAS_LIAB,Liabilities,Non-current Liabilities,Lease Liabilities,Non-current Liabilities,detail,N,1,5982873.3,2025??12??31??,CNY
Baolong,BS,qoq,2025Q4,comparison,603197_Baolong_2026_Q1_??????????.csv,????????????????,????????????????,Long-term Employee Benefits Payable,BS_NCL_LONG_TERM_EMPL_BENE,Liabilities,Non-current Liabilities,Long-term Employee Benefits Payable,Non-current Liabilities,detail,N,1,13584185.48,2025??12??31??,CNY
Baolong,BS,qoq,2025Q4,comparison,603197_Baolong_2026_Q1_??????????.csv,????????,????????,Provisions,BS_NCL_PROV,Liabilities,Non-current Liabilities,Provisions,Non-current Liabilities,detail,N,1,31957525.47,2025??12??31??,CNY
Baolong,BS,qoq,2025Q4,comparison,603197_Baolong_2026_Q1_??????????.csv,????????,????????,Deferred Income,BS_NCL_DEFE_INCO,Liabilities,Non-current Liabilities,Deferred Income,Non-current Liabilities,detail,N,1,122374696.9,2025??12??31??,CNY
Baolong,BS,qoq,2025Q4,comparison,603197_Baolong_2026_Q1_??????????.csv,??????????????,??????????????,Deferred Tax Liabilities,BS_NCL_DEFE_TAX_LIAB,Liabilities,Non-current Liabilities,Deferred Tax Liabilities,Non-current Liabilities,detail,N,1,4349228.71,2025??12??31??,CNY
Baolong,BS,qoq,2025Q4,comparison,603197_Baolong_2026_Q1_??????????.csv,??????????????,??????????????,Total Non-current Liabilities,BS_NCL_TOTAL_NON_CURR_LIAB,Liabilities,Non-current Liabilities,Subtotal,Non-current Liabilities,total,Y,1,2483724156,2025??12??31??,CNY
Baolong,BS,qoq,2025Q4,comparison,603197_Baolong_2026_Q1_??????????.csv,????????,????????,Total Liabilities,BS_TOTAL_LIAB,Liabilities,Liabilities,Total,Non-current Liabilities,total,Y,1,8207374522,2025??12??31??,CNY
Baolong,BS,qoq,2025Q4,comparison,603197_Baolong_2026_Q1_??????????.csv,????????(??????),????????(??????),Share Capital,BS_EQ_SHAR_CAPI,Equity,Equity,Share Capital,Equity,detail,N,1,213659794,2025??12??31??,CNY
Baolong,BS,qoq,2025Q4,comparison,603197_Baolong_2026_Q1_??????????.csv,????????????,????????????,Other Equity Instruments,BS_EQ_OTHE_EQUI_INST,Equity,Equity,Other Equity Instruments,Equity,detail,N,1,56508000.85,2025??12??31??,CNY
Baolong,BS,qoq,2025Q4,comparison,603197_Baolong_2026_Q1_??????????.csv,????????,????????,Capital Reserve,BS_EQ_CAPI_RESE,Equity,Equity,Capital Reserve,Equity,detail,N,1,1329843008,2025??12??31??,CNY
Baolong,BS,qoq,2025Q4,comparison,603197_Baolong_2026_Q1_??????????.csv,??:??????,??????,Treasury Shares,BS_EQ_TREA_SHAR,Equity,Equity,Treasury Shares,Equity,detail,N,-1,100027502.6,2025??12??31??,CNY
Baolong,BS,qoq,2025Q4,comparison,603197_Baolong_2026_Q1_??????????.csv,????????????,????????????,Other Comprehensive Income,BS_EQ_OTHE_COMP_INCO,Equity,Equity,Other Comprehensive Income,Equity,detail,N,1,70481007.59,2025??12??31??,CNY
Baolong,BS,qoq,2025Q4,comparison,603197_Baolong_2026_Q1_??????????.csv,????????,????????,Surplus Reserve,BS_EQ_SURP_RESE,Equity,Equity,Surplus Reserve,Equity,detail,N,1,112561832.4,2025??12??31??,CNY
Baolong,BS,qoq,2025Q4,comparison,603197_Baolong_2026_Q1_??????????.csv,??????????,??????????,Retained Earnings,BS_EQ_RETA_EARN,Equity,Equity,Retained Earnings,Equity,detail,N,1,1569468345,2025??12??31??,CNY
Baolong,BS,qoq,2025Q4,comparison,603197_Baolong_2026_Q1_??????????.csv,??????????????????????(?? ????????)????,??????????????????????(??????????)????,Total Equity Attributable to Owners of the Parent,BS_EQ_TOTAL_EQUI_ATTR_OWNE_PARE,Equity,Equity,Subtotal,Equity,total,Y,1,3252494485,2025??12??31??,CNY
Baolong,BS,qoq,2025Q4,comparison,603197_Baolong_2026_Q1_??????????.csv,????????????,????????????,Non-controlling Interests,BS_NCI_NON_CONT_INTE,Equity,Non-controlling Interests,Non-controlling Interests,Equity,detail,N,1,387209313.2,2025??12??31??,CNY
Baolong,BS,qoq,2025Q4,comparison,603197_Baolong_2026_Q1_??????????.csv,??????????(??????????) ????,??????????(??????????)????,Total Equity,BS_TOTAL_EQUITY,Equity,Equity,Total,Equity,total,Y,1,3639703798,2025??12??31??,CNY
Baolong,BS,qoq,2025Q4,comparison,603197_Baolong_2026_Q1_??????????.csv,????????????????(???? ??????)????,????????????????(??????????)????,Total Liabilities and Equity,BS_TOTAL_LIAB_EQ,Balance Sheet,Balance Sheet,Grand Total,Equity,total,Y,1,11847078320,2025??12??31??,CNY
BTL,BS,qoq,2026Q1,current,603596_BTL_2026_Q1_??????????.csv,????????,????????,Cash and Cash Equivalents,BS_CA_CASH,Assets,Current Assets,Cash and Cash Equivalents,Current Assets,detail,N,1,1727249648,2026??3??31??,CNY
BTL,BS,qoq,2026Q1,current,603596_BTL_2026_Q1_??????????.csv,??????????????,??????????????,Trading Financial Assets,BS_CA_TRAD_FINA_ASSE,Assets,Current Assets,Trading Financial Assets,Current Assets,detail,N,1,2425275403,2026??3??31??,CNY
BTL,BS,qoq,2026Q1,current,603596_BTL_2026_Q1_??????????.csv,????????,????????,Notes Receivable,BS_CA_NOTE_RECE,Assets,Current Assets,Notes Receivable,Current Assets,detail,N,1,44620694.19,2026??3??31??,CNY
BTL,BS,qoq,2026Q1,current,603596_BTL_2026_Q1_??????????.csv,????????,????????,Accounts Receivable,BS_CA_AR,Assets,Current Assets,Accounts Receivable,Current Assets,detail,N,1,3637116067,2026??3??31??,CNY
BTL,BS,qoq,2026Q1,current,603596_BTL_2026_Q1_??????????.csv,????????????,????????????,Financing Receivables,BS_CA_FINA_RECE,Assets,Current Assets,Financing Receivables,Current Assets,detail,N,1,2315587531,2026??3??31??,CNY
BTL,BS,qoq,2026Q1,current,603596_BTL_2026_Q1_??????????.csv,????????,????????,Prepayments,BS_CA_PREP,Assets,Current Assets,Prepayments,Current Assets,detail,N,1,46616780.23,2026??3??31??,CNY
BTL,BS,qoq,2026Q1,current,603596_BTL_2026_Q1_??????????.csv,??????????,??????????,Other Receivables,BS_CA_OTHE_RECE,Assets,Current Assets,Other Receivables,Current Assets,detail,N,1,27306477.2,2026??3??31??,CNY
BTL,BS,qoq,2026Q1,current,603596_BTL_2026_Q1_??????????.csv,????,????,Inventories,BS_CA_INV,Assets,Current Assets,Inventories,Current Assets,detail,N,1,1849283106,2026??3??31??,CNY
BTL,BS,qoq,2026Q1,current,603596_BTL_2026_Q1_??????????.csv,????????????,????????????,Other Current Assets,BS_CA_OTHE_CURR_ASSE,Assets,Current Assets,Other Current Assets,Current Assets,detail,N,1,798651007.9,2026??3??31??,CNY
BTL,BS,qoq,2026Q1,current,603596_BTL_2026_Q1_??????????.csv,????????????,????????????,Total Current Assets,BS_CA_TOTAL_CURR_ASSE,Assets,Current Assets,Subtotal,Current Assets,total,Y,1,12871706715,2026??3??31??,CNY
BTL,BS,qoq,2026Q1,current,603596_BTL_2026_Q1_??????????.csv,????????,????????,Debt Investments,BS_NCA_DEBT_INVE,Assets,Non-current Assets,Debt Investments,Non-current Assets,detail,N,1,324082494.4,2026??3??31??,CNY
BTL,BS,qoq,2026Q1,current,603596_BTL_2026_Q1_??????????.csv,????????????????,????????????????,Other Equity Instrument Investments,BS_NCA_OTHE_EQUI_INST_INVE,Assets,Non-current Assets,Other Equity Instrument Investments,Non-current Assets,detail,N,1,84136657.46,2026??3??31??,CNY
BTL,BS,qoq,2026Q1,current,603596_BTL_2026_Q1_??????????.csv,??????????????????,??????????????????,Other Non-current Financial Assets,BS_NCA_OTHE_NON_CURR_FINA,Assets,Non-current Assets,Other Non-current Financial Assets,Non-current Assets,detail,N,1,250992967.2,2026??3??31??,CNY
BTL,BS,qoq,2026Q1,current,603596_BTL_2026_Q1_??????????.csv,????????,????????,"Property, Plant and Equipment",BS_NCA_PPE,Assets,Non-current Assets,"Property, Plant and Equipment",Non-current Assets,detail,N,1,3076259880,2026??3??31??,CNY
BTL,BS,qoq,2026Q1,current,603596_BTL_2026_Q1_??????????.csv,????????,????????,Construction in Progress,BS_NCA_CONS_PROG,Assets,Non-current Assets,Construction in Progress,Non-current Assets,detail,N,1,427408550.3,2026??3??31??,CNY
BTL,BS,qoq,2026Q1,current,603596_BTL_2026_Q1_??????????.csv,??????????,??????????,Right-of-use Assets,BS_NCA_RIGH_USE_ASSE,Assets,Non-current Assets,Right-of-use Assets,Non-current Assets,detail,N,1,15767576.44,2026??3??31??,CNY
BTL,BS,qoq,2026Q1,current,603596_BTL_2026_Q1_??????????.csv,????????,????????,Intangible Assets,BS_NCA_INTA_ASSE,Assets,Non-current Assets,Intangible Assets,Non-current Assets,detail,N,1,159637489.9,2026??3??31??,CNY
BTL,BS,qoq,2026Q1,current,603596_BTL_2026_Q1_??????????.csv,????,????,Goodwill,BS_NCA_GOOD,Assets,Non-current Assets,Goodwill,Non-current Assets,detail,N,1,1821386.63,2026??3??31??,CNY
BTL,BS,qoq,2026Q1,current,603596_BTL_2026_Q1_??????????.csv,????????????,????????????,Long-term Deferred Expenses,BS_NCA_LONG_TERM_DEFE_EXPE,Assets,Non-current Assets,Long-term Deferred Expenses,Non-current Assets,detail,N,1,2086645.07,2026??3??31??,CNY
BTL,BS,qoq,2026Q1,current,603596_BTL_2026_Q1_??????????.csv,??????????????,??????????????,Deferred Tax Assets,BS_NCA_DEFE_TAX_ASSE,Assets,Non-current Assets,Deferred Tax Assets,Non-current Assets,detail,N,1,17194292.51,2026??3??31??,CNY
BTL,BS,qoq,2026Q1,current,603596_BTL_2026_Q1_??????????.csv,??????????????,??????????????,Other Non-current Assets,BS_NCA_OTHE_NON_CURR_ASSE,Assets,Non-current Assets,Other Non-current Assets,Non-current Assets,detail,N,1,107427187.5,2026??3??31??,CNY
BTL,BS,qoq,2026Q1,current,603596_BTL_2026_Q1_??????????.csv,??????????????,??????????????,Total Non-current Assets,BS_NCA_TOTAL_NON_CURR_ASSE,Assets,Non-current Assets,Subtotal,Non-current Assets,total,Y,1,4466815127,2026??3??31??,CNY
BTL,BS,qoq,2026Q1,current,603596_BTL_2026_Q1_??????????.csv,????????,????????,Total Assets,BS_TOTAL_ASSETS,Assets,Assets,Total,Non-current Assets,total,Y,1,17338521842,2026??3??31??,CNY
BTL,BS,qoq,2026Q1,current,603596_BTL_2026_Q1_??????????.csv,????????,????????,Short-term Borrowings,BS_CL_SHOR_TERM_BORR,Liabilities,Current Liabilities,Short-term Borrowings,Current Liabilities,detail,N,1,40000000,2026??3??31??,CNY
BTL,BS,qoq,2026Q1,current,603596_BTL_2026_Q1_??????????.csv,????????,????????,Notes Payable,BS_CL_NOTE_PAYA,Liabilities,Current Liabilities,Notes Payable,Current Liabilities,detail,N,1,2445338805,2026??3??31??,CNY
BTL,BS,qoq,2026Q1,current,603596_BTL_2026_Q1_??????????.csv,????????,????????,Accounts Payable,BS_CL_ACCO_PAYA,Liabilities,Current Liabilities,Accounts Payable,Current Liabilities,detail,N,1,2531302545,2026??3??31??,CNY
BTL,BS,qoq,2026Q1,current,603596_BTL_2026_Q1_??????????.csv,????????,????????,Contract Liabilities,BS_CL_CONT_LIAB,Liabilities,Current Liabilities,Contract Liabilities,Current Liabilities,detail,N,1,21996225,2026??3??31??,CNY
BTL,BS,qoq,2026Q1,current,603596_BTL_2026_Q1_??????????.csv,????????????,????????????,Employee Benefits Payable,BS_CL_EMPL_BENE_PAYA,Liabilities,Current Liabilities,Employee Benefits Payable,Current Liabilities,detail,N,1,196539696.9,2026??3??31??,CNY
BTL,BS,qoq,2026Q1,current,603596_BTL_2026_Q1_??????????.csv,????????,????????,Taxes Payable,BS_CL_TAXE_PAYA,Liabilities,Current Liabilities,Taxes Payable,Current Liabilities,detail,N,1,118535767.5,2026??3??31??,CNY
BTL,BS,qoq,2026Q1,current,603596_BTL_2026_Q1_??????????.csv,??????????,??????????,Other Payables,BS_CL_OTHE_PAYA,Liabilities,Current Liabilities,Other Payables,Current Liabilities,detail,N,1,114693382.2,2026??3??31??,CNY
BTL,BS,qoq,2026Q1,current,603596_BTL_2026_Q1_??????????.csv,??????????????????????,??????????????????????,,,,,,Non-current Liabilities,,,,73409733.95,2026??3??31??,CNY
BTL,BS,qoq,2026Q1,current,603596_BTL_2026_Q1_??????????.csv,????????????,????????????,Other Current Liabilities,BS_CL_OTHE_CURR_LIAB,Liabilities,Current Liabilities,Other Current Liabilities,Current Liabilities,detail,N,1,7085416.24,2026??3??31??,CNY
BTL,BS,qoq,2026Q1,current,603596_BTL_2026_Q1_??????????.csv,????????????,????????????,Total Current Liabilities,BS_CL_TOTAL_CURR_LIAB,Liabilities,Current Liabilities,Subtotal,Current Liabilities,total,Y,1,5548901572,2026??3??31??,CNY
BTL,BS,qoq,2026Q1,current,603596_BTL_2026_Q1_??????????.csv,????????,????????,Long-term Borrowings,BS_NCL_LONG_TERM_BORR,Liabilities,Non-current Liabilities,Long-term Borrowings,Non-current Liabilities,detail,N,1,47690000,2026??3??31??,CNY
BTL,BS,qoq,2026Q1,current,603596_BTL_2026_Q1_??????????.csv,????????,????????,Bonds Payable,BS_NCL_BOND_PAYA,Liabilities,Non-current Liabilities,Bonds Payable,Non-current Liabilities,detail,N,1,2607085245,2026??3??31??,CNY
BTL,BS,qoq,2026Q1,current,603596_BTL_2026_Q1_??????????.csv,????????,????????,Lease Liabilities,BS_NCL_LEAS_LIAB,Liabilities,Non-current Liabilities,Lease Liabilities,Non-current Liabilities,detail,N,1,10958745.67,2026??3??31??,CNY
BTL,BS,qoq,2026Q1,current,603596_BTL_2026_Q1_??????????.csv,????????,????????,Provisions,BS_NCL_PROV,Liabilities,Non-current Liabilities,Provisions,Non-current Liabilities,detail,N,1,170388830.4,2026??3??31??,CNY
BTL,BS,qoq,2026Q1,current,603596_BTL_2026_Q1_??????????.csv,????????,????????,Deferred Income,BS_NCL_DEFE_INCO,Liabilities,Non-current Liabilities,Deferred Income,Non-current Liabilities,detail,N,1,179900201.1,2026??3??31??,CNY
BTL,BS,qoq,2026Q1,current,603596_BTL_2026_Q1_??????????.csv,??????????????,??????????????,Deferred Tax Liabilities,BS_NCL_DEFE_TAX_LIAB,Liabilities,Non-current Liabilities,Deferred Tax Liabilities,Non-current Liabilities,detail,N,1,31428730.41,2026??3??31??,CNY
BTL,BS,qoq,2026Q1,current,603596_BTL_2026_Q1_??????????.csv,??????????????,??????????????,Other Non-current Liabilities,BS_NCL_OTHE_NON_CURR_LIAB,Liabilities,Non-current Liabilities,Other Non-current Liabilities,Non-current Liabilities,detail,N,1,72345500,2026??3??31??,CNY
BTL,BS,qoq,2026Q1,current,603596_BTL_2026_Q1_??????????.csv,??????????????,??????????????,Total Non-current Liabilities,BS_NCL_TOTAL_NON_CURR_LIAB,Liabilities,Non-current Liabilities,Subtotal,Non-current Liabilities,total,Y,1,3119797253,2026??3??31??,CNY
BTL,BS,qoq,2026Q1,current,603596_BTL_2026_Q1_??????????.csv,????????,????????,Total Liabilities,BS_TOTAL_LIAB,Liabilities,Liabilities,Total,Non-current Liabilities,total,Y,1,8668698825,2026??3??31??,CNY
BTL,BS,qoq,2025Q4,comparison,603596_BTL_2026_Q1_??????????.csv,????????,????????,Cash and Cash Equivalents,BS_CA_CASH,Assets,Current Assets,Cash and Cash Equivalents,Current Assets,detail,N,1,1781695864,2025??12??31??,CNY
BTL,BS,qoq,2025Q4,comparison,603596_BTL_2026_Q1_??????????.csv,??????????????,??????????????,Trading Financial Assets,BS_CA_TRAD_FINA_ASSE,Assets,Current Assets,Trading Financial Assets,Current Assets,detail,N,1,2512132789,2025??12??31??,CNY
BTL,BS,qoq,2025Q4,comparison,603596_BTL_2026_Q1_??????????.csv,????????,????????,Notes Receivable,BS_CA_NOTE_RECE,Assets,Current Assets,Notes Receivable,Current Assets,detail,N,1,234512035.5,2025??12??31??,CNY
BTL,BS,qoq,2025Q4,comparison,603596_BTL_2026_Q1_??????????.csv,????????,????????,Accounts Receivable,BS_CA_AR,Assets,Current Assets,Accounts Receivable,Current Assets,detail,N,1,3674089062,2025??12??31??,CNY
BTL,BS,qoq,2025Q4,comparison,603596_BTL_2026_Q1_??????????.csv,????????????,????????????,Financing Receivables,BS_CA_FINA_RECE,Assets,Current Assets,Financing Receivables,Current Assets,detail,N,1,2108214145,2025??12??31??,CNY
BTL,BS,qoq,2025Q4,comparison,603596_BTL_2026_Q1_??????????.csv,????????,????????,Prepayments,BS_CA_PREP,Assets,Current Assets,Prepayments,Current Assets,detail,N,1,46527349.98,2025??12??31??,CNY
BTL,BS,qoq,2025Q4,comparison,603596_BTL_2026_Q1_??????????.csv,??????????,??????????,Other Receivables,BS_CA_OTHE_RECE,Assets,Current Assets,Other Receivables,Current Assets,detail,N,1,23213693.33,2025??12??31??,CNY
BTL,BS,qoq,2025Q4,comparison,603596_BTL_2026_Q1_??????????.csv,????,????,Inventories,BS_CA_INV,Assets,Current Assets,Inventories,Current Assets,detail,N,1,1807419912,2025??12??31??,CNY
BTL,BS,qoq,2025Q4,comparison,603596_BTL_2026_Q1_??????????.csv,????????????,????????????,Other Current Assets,BS_CA_OTHE_CURR_ASSE,Assets,Current Assets,Other Current Assets,Current Assets,detail,N,1,799407996.4,2025??12??31??,CNY
BTL,BS,qoq,2025Q4,comparison,603596_BTL_2026_Q1_??????????.csv,????????????,????????????,Total Current Assets,BS_CA_TOTAL_CURR_ASSE,Assets,Current Assets,Subtotal,Current Assets,total,Y,1,12987212847,2025??12??31??,CNY
BTL,BS,qoq,2025Q4,comparison,603596_BTL_2026_Q1_??????????.csv,????????,????????,Debt Investments,BS_NCA_DEBT_INVE,Assets,Non-current Assets,Debt Investments,Non-current Assets,detail,N,1,242556516.7,2025??12??31??,CNY
BTL,BS,qoq,2025Q4,comparison,603596_BTL_2026_Q1_??????????.csv,????????????????,????????????????,Other Equity Instrument Investments,BS_NCA_OTHE_EQUI_INST_INVE,Assets,Non-current Assets,Other Equity Instrument Investments,Non-current Assets,detail,N,1,84136657.46,2025??12??31??,CNY
BTL,BS,qoq,2025Q4,comparison,603596_BTL_2026_Q1_??????????.csv,??????????????????,??????????????????,Other Non-current Financial Assets,BS_NCA_OTHE_NON_CURR_FINA,Assets,Non-current Assets,Other Non-current Financial Assets,Non-current Assets,detail,N,1,165992967.2,2025??12??31??,CNY
BTL,BS,qoq,2025Q4,comparison,603596_BTL_2026_Q1_??????????.csv,????????,????????,"Property, Plant and Equipment",BS_NCA_PPE,Assets,Non-current Assets,"Property, Plant and Equipment",Non-current Assets,detail,N,1,3127097957,2025??12??31??,CNY
BTL,BS,qoq,2025Q4,comparison,603596_BTL_2026_Q1_??????????.csv,????????,????????,Construction in Progress,BS_NCA_CONS_PROG,Assets,Non-current Assets,Construction in Progress,Non-current Assets,detail,N,1,400903218.3,2025??12??31??,CNY
BTL,BS,qoq,2025Q4,comparison,603596_BTL_2026_Q1_??????????.csv,??????????,??????????,Right-of-use Assets,BS_NCA_RIGH_USE_ASSE,Assets,Non-current Assets,Right-of-use Assets,Non-current Assets,detail,N,1,15267453.7,2025??12??31??,CNY
BTL,BS,qoq,2025Q4,comparison,603596_BTL_2026_Q1_??????????.csv,????????,????????,Intangible Assets,BS_NCA_INTA_ASSE,Assets,Non-current Assets,Intangible Assets,Non-current Assets,detail,N,1,156776427.6,2025??12??31??,CNY
BTL,BS,qoq,2025Q4,comparison,603596_BTL_2026_Q1_??????????.csv,????,????,Goodwill,BS_NCA_GOOD,Assets,Non-current Assets,Goodwill,Non-current Assets,detail,N,1,1821386.63,2025??12??31??,CNY
BTL,BS,qoq,2025Q4,comparison,603596_BTL_2026_Q1_??????????.csv,????????????,????????????,Long-term Deferred Expenses,BS_NCA_LONG_TERM_DEFE_EXPE,Assets,Non-current Assets,Long-term Deferred Expenses,Non-current Assets,detail,N,1,1490707.54,2025??12??31??,CNY
BTL,BS,qoq,2025Q4,comparison,603596_BTL_2026_Q1_??????????.csv,??????????????,??????????????,Deferred Tax Assets,BS_NCA_DEFE_TAX_ASSE,Assets,Non-current Assets,Deferred Tax Assets,Non-current Assets,detail,N,1,16795955.04,2025??12??31??,CNY
BTL,BS,qoq,2025Q4,comparison,603596_BTL_2026_Q1_??????????.csv,??????????????,??????????????,Other Non-current Assets,BS_NCA_OTHE_NON_CURR_ASSE,Assets,Non-current Assets,Other Non-current Assets,Non-current Assets,detail,N,1,75628358.84,2025??12??31??,CNY
BTL,BS,qoq,2025Q4,comparison,603596_BTL_2026_Q1_??????????.csv,??????????????,??????????????,Total Non-current Assets,BS_NCA_TOTAL_NON_CURR_ASSE,Assets,Non-current Assets,Subtotal,Non-current Assets,total,Y,1,4288467606,2025??12??31??,CNY
BTL,BS,qoq,2025Q4,comparison,603596_BTL_2026_Q1_??????????.csv,????????,????????,Total Assets,BS_TOTAL_ASSETS,Assets,Assets,Total,Non-current Assets,total,Y,1,17275680453,2025??12??31??,CNY
BTL,BS,qoq,2025Q4,comparison,603596_BTL_2026_Q1_??????????.csv,????????,????????,Short-term Borrowings,BS_CL_SHOR_TERM_BORR,Liabilities,Current Liabilities,Short-term Borrowings,Current Liabilities,detail,N,1,10008312.5,2025??12??31??,CNY
BTL,BS,qoq,2025Q4,comparison,603596_BTL_2026_Q1_??????????.csv,????????,????????,Notes Payable,BS_CL_NOTE_PAYA,Liabilities,Current Liabilities,Notes Payable,Current Liabilities,detail,N,1,2170590766,2025??12??31??,CNY
BTL,BS,qoq,2025Q4,comparison,603596_BTL_2026_Q1_??????????.csv,????????,????????,Accounts Payable,BS_CL_ACCO_PAYA,Liabilities,Current Liabilities,Accounts Payable,Current Liabilities,detail,N,1,2995825849,2025??12??31??,CNY
BTL,BS,qoq,2025Q4,comparison,603596_BTL_2026_Q1_??????????.csv,????????,????????,Contract Liabilities,BS_CL_CONT_LIAB,Liabilities,Current Liabilities,Contract Liabilities,Current Liabilities,detail,N,1,40350169.59,2025??12??31??,CNY
BTL,BS,qoq,2025Q4,comparison,603596_BTL_2026_Q1_??????????.csv,????????????,????????????,Employee Benefits Payable,BS_CL_EMPL_BENE_PAYA,Liabilities,Current Liabilities,Employee Benefits Payable,Current Liabilities,detail,N,1,230689045,2025??12??31??,CNY
BTL,BS,qoq,2025Q4,comparison,603596_BTL_2026_Q1_??????????.csv,????????,????????,Taxes Payable,BS_CL_TAXE_PAYA,Liabilities,Current Liabilities,Taxes Payable,Current Liabilities,detail,N,1,121114437.8,2025??12??31??,CNY
BTL,BS,qoq,2025Q4,comparison,603596_BTL_2026_Q1_??????????.csv,??????????,??????????,Other Payables,BS_CL_OTHE_PAYA,Liabilities,Current Liabilities,Other Payables,Current Liabilities,detail,N,1,113613170.5,2025??12??31??,CNY
BTL,BS,qoq,2025Q4,comparison,603596_BTL_2026_Q1_??????????.csv,??????????????????????,??????????????????????,,,,,,Non-current Liabilities,,,,72122427.84,2025??12??31??,CNY
BTL,BS,qoq,2025Q4,comparison,603596_BTL_2026_Q1_??????????.csv,????????????,????????????,Other Current Liabilities,BS_CL_OTHE_CURR_LIAB,Liabilities,Current Liabilities,Other Current Liabilities,Current Liabilities,detail,N,1,33221942.99,2025??12??31??,CNY
BTL,BS,qoq,2025Q4,comparison,603596_BTL_2026_Q1_??????????.csv,????????????,????????????,Total Current Liabilities,BS_CL_TOTAL_CURR_LIAB,Liabilities,Current Liabilities,Subtotal,Current Liabilities,total,Y,1,5787536121,2025??12??31??,CNY
BTL,BS,qoq,2025Q4,comparison,603596_BTL_2026_Q1_??????????.csv,????????,????????,Long-term Borrowings,BS_NCL_LONG_TERM_BORR,Liabilities,Non-current Liabilities,Long-term Borrowings,Non-current Liabilities,detail,N,1,47690000,2025??12??31??,CNY
BTL,BS,qoq,2025Q4,comparison,603596_BTL_2026_Q1_??????????.csv,????????,????????,Bonds Payable,BS_NCL_BOND_PAYA,Liabilities,Non-current Liabilities,Bonds Payable,Non-current Liabilities,detail,N,1,2592200109,2025??12??31??,CNY
BTL,BS,qoq,2025Q4,comparison,603596_BTL_2026_Q1_??????????.csv,????????,????????,Lease Liabilities,BS_NCL_LEAS_LIAB,Liabilities,Non-current Liabilities,Lease Liabilities,Non-current Liabilities,detail,N,1,11475359.33,2025??12??31??,CNY
BTL,BS,qoq,2025Q4,comparison,603596_BTL_2026_Q1_??????????.csv,????????,????????,Provisions,BS_NCL_PROV,Liabilities,Non-current Liabilities,Provisions,Non-current Liabilities,detail,N,1,167864616.1,2025??12??31??,CNY
BTL,BS,qoq,2025Q4,comparison,603596_BTL_2026_Q1_??????????.csv,????????,????????,Deferred Income,BS_NCL_DEFE_INCO,Liabilities,Non-current Liabilities,Deferred Income,Non-current Liabilities,detail,N,1,157322588.2,2025??12??31??,CNY
BTL,BS,qoq,2025Q4,comparison,603596_BTL_2026_Q1_??????????.csv,??????????????,??????????????,Deferred Tax Liabilities,BS_NCL_DEFE_TAX_LIAB,Liabilities,Non-current Liabilities,Deferred Tax Liabilities,Non-current Liabilities,detail,N,1,24528014.37,2025??12??31??,CNY
BTL,BS,qoq,2025Q4,comparison,603596_BTL_2026_Q1_??????????.csv,??????????????,??????????????,Other Non-current Liabilities,BS_NCL_OTHE_NON_CURR_LIAB,Liabilities,Non-current Liabilities,Other Non-current Liabilities,Non-current Liabilities,detail,N,1,72345500,2025??12??31??,CNY
BTL,BS,qoq,2025Q4,comparison,603596_BTL_2026_Q1_??????????.csv,??????????????,??????????????,Total Non-current Liabilities,BS_NCL_TOTAL_NON_CURR_LIAB,Liabilities,Non-current Liabilities,Subtotal,Non-current Liabilities,total,Y,1,3073426187,2025??12??31??,CNY
BTL,BS,qoq,2025Q4,comparison,603596_BTL_2026_Q1_??????????.csv,????????,????????,Total Liabilities,BS_TOTAL_LIAB,Liabilities,Liabilities,Total,Non-current Liabilities,total,Y,1,8860962308,2025??12??31??,CNY
Luxshare,IS,yoy,2026Q1,current,002475_Luxshare_2026_Q1_??????.csv,??????????????,??????????,Total Operating Revenue,IS_TOT_REV,Income Statement,Revenue,Section Header,,header,N,0,83888491960,????????,CNY
Luxshare,IS,yoy,2026Q1,current,002475_Luxshare_2026_Q1_??????.csv,????:????????,????????,Revenue,IS_REV,Income Statement,Revenue,Operating Revenue,,detail,N,1,83888491960,????????,CNY
Luxshare,IS,yoy,2026Q1,current,002475_Luxshare_2026_Q1_??????.csv,??????????????,??????????,Total Operating Costs,IS_TOT_COST,Income Statement,Costs and Expenses,Section Header,,header,N,0,81745772143,????????,CNY
Luxshare,IS,yoy,2026Q1,current,002475_Luxshare_2026_Q1_??????.csv,????:????????,????????,Operating Costs,IS_COGS,Income Statement,Costs and Expenses,Operating Costs,,detail,N,-1,73888547147,????????,CNY
Luxshare,IS,yoy,2026Q1,current,002475_Luxshare_2026_Q1_??????.csv,??????????,??????????,Taxes and Surcharges,IS_COST_TAXE_SURC,Income Statement,Costs and Expenses,Taxes and Surcharges,,detail,N,-1,240566518.2,????????,CNY
Luxshare,IS,yoy,2026Q1,current,002475_Luxshare_2026_Q1_??????.csv,????????,????????,Selling Expenses,IS_COST_SELL_EXPE,Income Statement,Costs and Expenses,Selling Expenses,,detail,N,-1,721722819.3,????????,CNY
Luxshare,IS,yoy,2026Q1,current,002475_Luxshare_2026_Q1_??????.csv,????????,????????,Administrative Expenses,IS_COST_ADMI_EXPE,Income Statement,Costs and Expenses,Administrative Expenses,,detail,N,-1,2827233751,????????,CNY
Luxshare,IS,yoy,2026Q1,current,002475_Luxshare_2026_Q1_??????.csv,????????,????????,Research and Development Expenses,IS_COST_RESE_DEVE_EXPE,Income Statement,Costs and Expenses,Research and Development Expenses,,detail,N,-1,3021084772,????????,CNY
Luxshare,IS,yoy,2026Q1,current,002475_Luxshare_2026_Q1_??????.csv,????????,????????,Finance Costs,IS_COST_FINA_COST,Income Statement,Costs and Expenses,Finance Costs,,detail,N,-1,1046617136,????????,CNY
Luxshare,IS,yoy,2026Q1,current,002475_Luxshare_2026_Q1_??????.csv,????:????????,????????,Interest Expense,IS_COST_INTE_EXPE,Income Statement,Costs and Expenses,Interest Expense,,detail,N,-1,526213868.7,????????,CNY
Luxshare,IS,yoy,2026Q1,current,002475_Luxshare_2026_Q1_??????.csv,????????,????????,Interest Income,IS_REV_INTE_INCO,Income Statement,Revenue,Interest Income,,detail,N,1,477110324.3,????????,CNY
Luxshare,IS,yoy,2026Q1,current,002475_Luxshare_2026_Q1_??????.csv,??:????????,????????,Other Income,IS_COST_OTHE_INCO,Income Statement,Costs and Expenses,Other Income,,detail,N,1,308342192.5,????????,CNY
Luxshare,IS,yoy,2026Q1,current,002475_Luxshare_2026_Q1_??????.csv,????????(????????-????????),????????(????????-????????),Investment Income,IS_COST_INVE_INCO,Income Statement,Costs and Expenses,Investment Income,,detail,N,1,2057783645,????????,CNY
Luxshare,IS,yoy,2026Q1,current,002475_Luxshare_2026_Q1_??????.csv,????:??????????????????????????????,??????????????????????????????,Investment Income from Associates and Joint Ventures,IS_COST_INVE_INCO_INVE_INCO_ASSO_JOIN,Income Statement,Costs and Expenses,Investment Income from Associates and Joint Ventures,,detail,N,1,1380211226,????????,CNY
Luxshare,IS,yoy,2026Q1,current,002475_Luxshare_2026_Q1_??????.csv,????????????????????????????????????????????(????????-????????)??????????????(????????-????????),????????????????????????????????????????????(????????-????????)??????????????(????????-????????),,,,,,,,,,-120525057.6,????????,CNY
Luxshare,IS,yoy,2026Q1,current,002475_Luxshare_2026_Q1_??????.csv,????????????????(????????-????????),????????????????(????????-????????),Fair Value Change Gains,IS_COST_FAIR_VALU_CHAN_GAIN,Income Statement,Costs and Expenses,Fair Value Change Gains,,detail,N,1,223517535.1,????????,CNY
Luxshare,IS,yoy,2026Q1,current,002475_Luxshare_2026_Q1_??????.csv,????????????(????????-????????),????????????(????????-????????),Credit Impairment Losses,IS_COST_CRED_IMPA_LOSS,Income Statement,Costs and Expenses,Credit Impairment Losses,,detail,N,-1,-22599234.71,????????,CNY
Luxshare,IS,yoy,2026Q1,current,002475_Luxshare_2026_Q1_??????.csv,????????????(????????-????????),????????????(????????-????????),Asset Impairment Losses,IS_COST_ASSE_IMPA_LOSS,Income Statement,Costs and Expenses,Asset Impairment Losses,,detail,N,-1,-446280026.8,????????,CNY
Luxshare,IS,yoy,2026Q1,current,002475_Luxshare_2026_Q1_??????.csv,????????????(????????-????????),????????????(????????-????????),Gains on Disposal of Assets,IS_COST_GAIN_DISP_ASSE,Income Statement,Costs and Expenses,Gains on Disposal of Assets,,detail,N,1,20569474.09,????????,CNY
Luxshare,IS,yoy,2026Q1,current,002475_Luxshare_2026_Q1_??????.csv,????????????(????????-????????),????????(????????-????????),Operating Profit,IS_OP,Income Statement,Operating Profit,Section Header,,header,N,0,4284053403,????????,CNY
Luxshare,IS,yoy,2026Q1,current,002475_Luxshare_2026_Q1_??????.csv,??:??????????,??????????,Non-operating Income,IS_OP_NON_OPER_INCO,Income Statement,Operating Profit,Non-operating Income,,detail,N,1,26858240.53,????????,CNY
Luxshare,IS,yoy,2026Q1,current,002475_Luxshare_2026_Q1_??????.csv,??:??????????,??????????,Non-operating Expenses,IS_OP_NON_OPER_EXPE,Income Statement,Operating Profit,Non-operating Expenses,,detail,N,-1,19955516.07,????????,CNY
Luxshare,IS,yoy,2026Q1,current,002475_Luxshare_2026_Q1_??????.csv,????????????(????????????-????????),????????(????????????-????????),Total Profit,IS_PBT,Income Statement,Total Profit,Section Header,,header,N,0,4290956127,????????,CNY
Luxshare,IS,yoy,2026Q1,current,002475_Luxshare_2026_Q1_??????.csv,??:??????????,??????????,Income Tax Expense,IS_TP_INCO_TAX_EXPE,Income Statement,Total Profit,Income Tax Expense,,detail,N,-1,323319338.8,????????,CNY
Luxshare,IS,yoy,2026Q1,current,002475_Luxshare_2026_Q1_??????.csv,??????????(??????????-????????),??????(??????????-????????),Net Profit,IS_NP,Income Statement,Net Profit,Section Header,,header,N,0,3967636788,????????,CNY
Luxshare,IS,yoy,2026Q1,current,002475_Luxshare_2026_Q1_??????.csv,1.??????????????(??????????-????????),??????????????(??????????-????????),Net Profit from Continuing Operations,IS_NP_PROF_CONT_OPER,Income Statement,Net Profit,Net Profit from Continuing Operations,,detail,N,1,3967636788,????????,CNY
Luxshare,IS,yoy,2026Q1,current,002475_Luxshare_2026_Q1_??????.csv,1.??????????????????????????,??????????????????????????,Net Profit Attributable to Owners of the Parent,IS_NP_PARENT,Income Statement,Net Profit,Net Profit Attributable to Owners of the Parent,,detail,N,1,3659643487,????????,CNY
Luxshare,IS,yoy,2026Q1,current,002475_Luxshare_2026_Q1_??????.csv,2.????????????,????????????,Profit or Loss Attributable to Non-controlling Interests,IS_NCI_PL,Income Statement,Net Profit,Profit or Loss Attributable to Non-controlling Interests,,detail,N,1,307993300.8,????????,CNY
Luxshare,IS,yoy,2026Q1,current,002475_Luxshare_2026_Q1_??????.csv,??????????????????????????,??????????????????????,"OCI, Net of Tax",IS_OCI_HDR,Income Statement,OCI,Section Header,,header,N,0,-509973163.5,????????,CNY
Luxshare,IS,yoy,2026Q1,current,002475_Luxshare_2026_Q1_??????.csv,????????????????????????????????????????,????????????????????????????????????????,"OCI Attributable to Owners of the Parent, Net of Tax",IS_OCI_TOTAL_OCI_ATTR_OWNE_PARE,Income Statement,OCI,"OCI Attributable to Owners of the Parent, Net of Tax",,total,Y,1,-434891406.8,????????,CNY
Luxshare,IS,yoy,2026Q1,current,002475_Luxshare_2026_Q1_??????.csv,(??)??????????????????????????????,??????????????????????????????,OCI Not Reclassified to Profit or Loss,IS_OCI_OCI_NOT_RECL_PROF,Income Statement,OCI,OCI Not Reclassified to Profit or Loss,,detail,N,1,2561783.66,????????,CNY
Luxshare,IS,yoy,2026Q1,current,002475_Luxshare_2026_Q1_??????.csv,3.????????????????????????????,????????????????????????????,Fair Value Changes of Other Equity Instrument Investments,IS_OCI_FAIR_VALU_CHAN_OTHE,Income Statement,OCI Details,Fair Value Changes of Other Equity Instrument Investments,,detail,N,1,2561783.66,????????,CNY
Luxshare,IS,yoy,2026Q1,current,002475_Luxshare_2026_Q1_??????.csv,(??)????????????????????????????,????????????????????????????,OCI Reclassified to Profit or Loss,IS_OCI_OCI_RECL_PROF_LOSS,Income Statement,OCI,OCI Reclassified to Profit or Loss,,detail,N,1,-437453190.4,????????,CNY
Luxshare,IS,yoy,2026Q1,current,002475_Luxshare_2026_Q1_??????.csv,1.??????????????????????????????,??????????????????????????????,OCI under Equity Method Reclassified to Profit or Loss,IS_OCI_OCI_UNDE_EQUI_METH_2,Income Statement,OCI Details,OCI under Equity Method Reclassified to Profit or Loss,,detail,N,1,4690142.36,????????,CNY
Luxshare,IS,yoy,2026Q1,current,002475_Luxshare_2026_Q1_??????.csv,5.????????????????,????????????????,Cash Flow Hedge Reserve,IS_OCI_CASH_FLOW_HEDG_RESE,Income Statement,OCI Details,Cash Flow Hedge Reserve,,detail,N,1,-7563131.27,????????,CNY
Luxshare,IS,yoy,2026Q1,current,002475_Luxshare_2026_Q1_??????.csv,6.????????????????????,????????????????????,Foreign Currency Translation Differences,IS_OCI_FORE_CURR_TRAN_DIFF,Income Statement,OCI Details,Foreign Currency Translation Differences,,detail,N,1,-434580201.5,????????,CNY
Luxshare,IS,yoy,2026Q1,current,002475_Luxshare_2026_Q1_??????.csv,??????????????????????????????????????,??????????????????????????????????????,"OCI Attributable to Non-controlling Interests, Net of Tax",IS_OCI_TOTAL_OCI_ATTR_NON_CONT,Income Statement,OCI,"OCI Attributable to Non-controlling Interests, Net of Tax",,total,Y,1,-75081756.74,????????,CNY
Luxshare,IS,yoy,2026Q1,current,002475_Luxshare_2026_Q1_??????.csv,????????????????,????????????,Total Comprehensive Income,IS_CI_HDR,Income Statement,Comprehensive Income,Section Header,,header,N,0,3457663625,????????,CNY
Luxshare,IS,yoy,2026Q1,current,002475_Luxshare_2026_Q1_??????.csv,????????????????????????????????,????????????????????????????????,Total Comprehensive Income Attributable to Owners of the Parent,IS_CI_COMP_INCO_ATTR_OWNE,Income Statement,Comprehensive Income,Total Comprehensive Income Attributable to Owners of the Parent,,detail,N,1,3224752081,????????,CNY
Luxshare,IS,yoy,2026Q1,current,002475_Luxshare_2026_Q1_??????.csv,????????????????????????????,????????????????????????????,Total Comprehensive Income Attributable to Non-controlling Interests,IS_CI_COMP_INCO_ATTR_NON,Income Statement,Comprehensive Income,Total Comprehensive Income Attributable to Non-controlling Interests,,detail,N,1,232911544.1,????????,CNY
Luxshare,IS,yoy,2026Q1,current,002475_Luxshare_2026_Q1_??????.csv,(??)????????????,????????????,Basic EPS ,IS_EPS_BASIC,Income Statement,EPS,Basic EPS (RMB/share),,detail,N,1,0.5,????????,CNY
Luxshare,IS,yoy,2026Q1,current,002475_Luxshare_2026_Q1_??????.csv,(??)????????????,????????????,Diluted EPS,IS_EPS_DILUTED,Income Statement,EPS,Diluted EPS (RMB/share),,detail,N,1,0.49,????????,CNY
Luxshare,IS,yoy,2025Q1,comparison,002475_Luxshare_2026_Q1_??????.csv,??????????????,??????????,Total Operating Revenue,IS_TOT_REV,Income Statement,Revenue,Section Header,,header,N,0,61787689863,????????,CNY
Luxshare,IS,yoy,2025Q1,comparison,002475_Luxshare_2026_Q1_??????.csv,????:????????,????????,Revenue,IS_REV,Income Statement,Revenue,Operating Revenue,,detail,N,1,61787689863,????????,CNY
Luxshare,IS,yoy,2025Q1,comparison,002475_Luxshare_2026_Q1_??????.csv,??????????????,??????????,Total Operating Costs,IS_TOT_COST,Income Statement,Costs and Expenses,Section Header,,header,N,0,58901571569,????????,CNY
Luxshare,IS,yoy,2025Q1,comparison,002475_Luxshare_2026_Q1_??????.csv,????:????????,????????,Operating Costs,IS_COGS,Income Statement,Costs and Expenses,Operating Costs,,detail,N,-1,54880239067,????????,CNY
Luxshare,IS,yoy,2025Q1,comparison,002475_Luxshare_2026_Q1_??????.csv,??????????,??????????,Taxes and Surcharges,IS_COST_TAXE_SURC,Income Statement,Costs and Expenses,Taxes and Surcharges,,detail,N,-1,166227094.2,????????,CNY
Luxshare,IS,yoy,2025Q1,comparison,002475_Luxshare_2026_Q1_??????.csv,????????,????????,Selling Expenses,IS_COST_SELL_EXPE,Income Statement,Costs and Expenses,Selling Expenses,,detail,N,-1,290516730.6,????????,CNY
Luxshare,IS,yoy,2025Q1,comparison,002475_Luxshare_2026_Q1_??????.csv,????????,????????,Administrative Expenses,IS_COST_ADMI_EXPE,Income Statement,Costs and Expenses,Administrative Expenses,,detail,N,-1,1448873188,????????,CNY
Luxshare,IS,yoy,2025Q1,comparison,002475_Luxshare_2026_Q1_??????.csv,????????,????????,Research and Development Expenses,IS_COST_RESE_DEVE_EXPE,Income Statement,Costs and Expenses,Research and Development Expenses,,detail,N,-1,2144284005,????????,CNY
Luxshare,IS,yoy,2025Q1,comparison,002475_Luxshare_2026_Q1_??????.csv,????????,????????,Finance Costs,IS_COST_FINA_COST,Income Statement,Costs and Expenses,Finance Costs,,detail,N,-1,-28568516.7,????????,CNY
Luxshare,IS,yoy,2025Q1,comparison,002475_Luxshare_2026_Q1_??????.csv,????:????????,????????,Interest Expense,IS_COST_INTE_EXPE,Income Statement,Costs and Expenses,Interest Expense,,detail,N,-1,380832680.5,????????,CNY
Luxshare,IS,yoy,2025Q1,comparison,002475_Luxshare_2026_Q1_??????.csv,????????,????????,Interest Income,IS_REV_INTE_INCO,Income Statement,Revenue,Interest Income,,detail,N,1,228774907.1,????????,CNY
Luxshare,IS,yoy,2025Q1,comparison,002475_Luxshare_2026_Q1_??????.csv,??:????????,????????,Other Income,IS_COST_OTHE_INCO,Income Statement,Costs and Expenses,Other Income,,detail,N,1,176473895.7,????????,CNY
Luxshare,IS,yoy,2025Q1,comparison,002475_Luxshare_2026_Q1_??????.csv,????????(????????-????????),????????(????????-????????),Investment Income,IS_COST_INVE_INCO,Income Statement,Costs and Expenses,Investment Income,,detail,N,1,1247373729,????????,CNY
Luxshare,IS,yoy,2025Q1,comparison,002475_Luxshare_2026_Q1_??????.csv,????:??????????????????????????????,??????????????????????????????,Investment Income from Associates and Joint Ventures,IS_COST_INVE_INCO_INVE_INCO_ASSO_JOIN,Income Statement,Costs and Expenses,Investment Income from Associates and Joint Ventures,,detail,N,1,530313874.5,????????,CNY
Luxshare,IS,yoy,2025Q1,comparison,002475_Luxshare_2026_Q1_??????.csv,????????????????????????????????????????????(????????-????????)??????????????(????????-????????),????????????????????????????????????????????(????????-????????)??????????????(????????-????????),,,,,,,,,,-118742449.1,????????,CNY
Luxshare,IS,yoy,2025Q1,comparison,002475_Luxshare_2026_Q1_??????.csv,????????????????(????????-????????),????????????????(????????-????????),Fair Value Change Gains,IS_COST_FAIR_VALU_CHAN_GAIN,Income Statement,Costs and Expenses,Fair Value Change Gains,,detail,N,1,-1945373.83,????????,CNY
Luxshare,IS,yoy,2025Q1,comparison,002475_Luxshare_2026_Q1_??????.csv,????????????(????????-????????),????????????(????????-????????),Credit Impairment Losses,IS_COST_CRED_IMPA_LOSS,Income Statement,Costs and Expenses,Credit Impairment Losses,,detail,N,-1,-26621028.18,????????,CNY
Luxshare,IS,yoy,2025Q1,comparison,002475_Luxshare_2026_Q1_??????.csv,????????????(????????-????????),????????????(????????-????????),Asset Impairment Losses,IS_COST_ASSE_IMPA_LOSS,Income Statement,Costs and Expenses,Asset Impairment Losses,,detail,N,-1,-460879684.2,????????,CNY
Luxshare,IS,yoy,2025Q1,comparison,002475_Luxshare_2026_Q1_??????.csv,????????????(????????-????????),????????????(????????-????????),Gains on Disposal of Assets,IS_COST_GAIN_DISP_ASSE,Income Statement,Costs and Expenses,Gains on Disposal of Assets,,detail,N,1,10979127.14,????????,CNY
Luxshare,IS,yoy,2025Q1,comparison,002475_Luxshare_2026_Q1_??????.csv,????????????(????????-????????),????????(????????-????????),Operating Profit,IS_OP,Income Statement,Operating Profit,Section Header,,header,N,0,3831498960,????????,CNY
Luxshare,IS,yoy,2025Q1,comparison,002475_Luxshare_2026_Q1_??????.csv,??:??????????,??????????,Non-operating Income,IS_OP_NON_OPER_INCO,Income Statement,Operating Profit,Non-operating Income,,detail,N,1,7367268.4,????????,CNY
Luxshare,IS,yoy,2025Q1,comparison,002475_Luxshare_2026_Q1_??????.csv,??:??????????,??????????,Non-operating Expenses,IS_OP_NON_OPER_EXPE,Income Statement,Operating Profit,Non-operating Expenses,,detail,N,-1,17281027.98,????????,CNY
Luxshare,IS,yoy,2025Q1,comparison,002475_Luxshare_2026_Q1_??????.csv,????????????(????????????-????????),????????(????????????-????????),Total Profit,IS_PBT,Income Statement,Total Profit,Section Header,,header,N,0,3821585200,????????,CNY
Luxshare,IS,yoy,2025Q1,comparison,002475_Luxshare_2026_Q1_??????.csv,??:??????????,??????????,Income Tax Expense,IS_TP_INCO_TAX_EXPE,Income Statement,Total Profit,Income Tax Expense,,detail,N,-1,444542712.8,????????,CNY
Luxshare,IS,yoy,2025Q1,comparison,002475_Luxshare_2026_Q1_??????.csv,??????????(??????????-????????),??????(??????????-????????),Net Profit,IS_NP,Income Statement,Net Profit,Section Header,,header,N,0,3377042487,????????,CNY
Luxshare,IS,yoy,2025Q1,comparison,002475_Luxshare_2026_Q1_??????.csv,??????????????????????????,??????????????????????,"OCI, Net of Tax",IS_OCI_HDR,Income Statement,OCI,Section Header,,header,N,0,-38914392.11,????????,CNY
Luxshare,IS,yoy,2025Q1,comparison,002475_Luxshare_2026_Q1_??????.csv,????????????????????????????????????????,????????????????????????????????????????,"OCI Attributable to Owners of the Parent, Net of Tax",IS_OCI_TOTAL_OCI_ATTR_OWNE_PARE,Income Statement,OCI,"OCI Attributable to Owners of the Parent, Net of Tax",,total,Y,1,-56145266.68,????????,CNY
Luxshare,IS,yoy,2025Q1,comparison,002475_Luxshare_2026_Q1_??????.csv,(??)??????????????????????????????,??????????????????????????????,OCI Not Reclassified to Profit or Loss,IS_OCI_OCI_NOT_RECL_PROF,Income Statement,OCI,OCI Not Reclassified to Profit or Loss,,detail,N,1,14651400.77,????????,CNY
Luxshare,IS,yoy,2025Q1,comparison,002475_Luxshare_2026_Q1_??????.csv,(??)????????????????????????????,????????????????????????????,OCI Reclassified to Profit or Loss,IS_OCI_OCI_RECL_PROF_LOSS,Income Statement,OCI,OCI Reclassified to Profit or Loss,,detail,N,1,-70796667.45,????????,CNY
Luxshare,IS,yoy,2025Q1,comparison,002475_Luxshare_2026_Q1_??????.csv,??????????????????????????????????????,??????????????????????????????????????,"OCI Attributable to Non-controlling Interests, Net of Tax",IS_OCI_TOTAL_OCI_ATTR_NON_CONT,Income Statement,OCI,"OCI Attributable to Non-controlling Interests, Net of Tax",,total,Y,1,17230874.57,????????,CNY
Luxshare,IS,yoy,2025Q1,comparison,002475_Luxshare_2026_Q1_??????.csv,????????????????,????????????,Total Comprehensive Income,IS_CI_HDR,Income Statement,Comprehensive Income,Section Header,,header,N,0,3338128095,????????,CNY
Luxshare,IS,yoy,2025Q1,comparison,002475_Luxshare_2026_Q1_??????.csv,????????????????????????????????,????????????????????????????????,Total Comprehensive Income Attributable to Owners of the Parent,IS_CI_COMP_INCO_ATTR_OWNE,Income Statement,Comprehensive Income,Total Comprehensive Income Attributable to Owners of the Parent,,detail,N,1,2987429418,????????,CNY
Luxshare,IS,yoy,2025Q1,comparison,002475_Luxshare_2026_Q1_??????.csv,????????????????????????????,????????????????????????????,Total Comprehensive Income Attributable to Non-controlling Interests,IS_CI_COMP_INCO_ATTR_NON,Income Statement,Comprehensive Income,Total Comprehensive Income Attributable to Non-controlling Interests,,detail,N,1,350698677.1,????????,CNY
Luxshare,IS,yoy,2025Q1,comparison,002475_Luxshare_2026_Q1_??????.csv,(??)????????????,????????????,Basic EPS ,IS_EPS_BASIC,Income Statement,EPS,Basic EPS (RMB/share),,detail,N,1,0.42,????????,CNY
Luxshare,IS,yoy,2025Q1,comparison,002475_Luxshare_2026_Q1_??????.csv,(??)????????????,????????????,Diluted EPS,IS_EPS_DILUTED,Income Statement,EPS,Diluted EPS (RMB/share),,detail,N,1,0.42,????????,CNY
HASCO,IS,yoy,2026Q1,current,600741_HASCO_2026_Q1_??????.csv,??????????????,??????????,Total Operating Revenue,IS_TOT_REV,Income Statement,Revenue,Section Header,,header,N,0,40182712629,2026??3??31??,CNY
HASCO,IS,yoy,2026Q1,current,600741_HASCO_2026_Q1_??????.csv,????:????????,????????,Revenue,IS_REV,Income Statement,Revenue,Operating Revenue,,detail,N,1,40182712629,2026??3??31??,CNY
HASCO,IS,yoy,2026Q1,current,600741_HASCO_2026_Q1_??????.csv,??????????????,??????????,Total Operating Costs,IS_TOT_COST,Income Statement,Costs and Expenses,Section Header,,header,N,0,39339160871,2026??3??31??,CNY
HASCO,IS,yoy,2026Q1,current,600741_HASCO_2026_Q1_??????.csv,????:????????,????????,Operating Costs,IS_COGS,Income Statement,Costs and Expenses,Operating Costs,,detail,N,-1,35306762030,2026??3??31??,CNY
HASCO,IS,yoy,2026Q1,current,600741_HASCO_2026_Q1_??????.csv,??????????,??????????,Taxes and Surcharges,IS_COST_TAXE_SURC,Income Statement,Costs and Expenses,Taxes and Surcharges,,detail,N,-1,178759705.3,2026??3??31??,CNY
HASCO,IS,yoy,2026Q1,current,600741_HASCO_2026_Q1_??????.csv,????????,????????,Selling Expenses,IS_COST_SELL_EXPE,Income Statement,Costs and Expenses,Selling Expenses,,detail,N,-1,182364450.3,2026??3??31??,CNY
HASCO,IS,yoy,2026Q1,current,600741_HASCO_2026_Q1_??????.csv,????????,????????,Administrative Expenses,IS_COST_ADMI_EXPE,Income Statement,Costs and Expenses,Administrative Expenses,,detail,N,-1,1820296148,2026??3??31??,CNY
HASCO,IS,yoy,2026Q1,current,600741_HASCO_2026_Q1_??????.csv,????????,????????,Research and Development Expenses,IS_COST_RESE_DEVE_EXPE,Income Statement,Costs and Expenses,Research and Development Expenses,,detail,N,-1,1582557811,2026??3??31??,CNY
HASCO,IS,yoy,2026Q1,current,600741_HASCO_2026_Q1_??????.csv,????????,????????,Finance Costs,IS_COST_FINA_COST,Income Statement,Costs and Expenses,Finance Costs,,detail,N,-1,268420726.8,2026??3??31??,CNY
HASCO,IS,yoy,2026Q1,current,600741_HASCO_2026_Q1_??????.csv,????:????????,????????,Interest Expense,IS_COST_INTE_EXPE,Income Statement,Costs and Expenses,Interest Expense,,detail,N,-1,188723518.4,2026??3??31??,CNY
HASCO,IS,yoy,2026Q1,current,600741_HASCO_2026_Q1_??????.csv,????????,????????,Interest Income,IS_REV_INTE_INCO,Income Statement,Revenue,Interest Income,,detail,N,1,89699067.63,2026??3??31??,CNY
HASCO,IS,yoy,2026Q1,current,600741_HASCO_2026_Q1_??????.csv,??:????????,????????,Other Income,IS_COST_OTHE_INCO,Income Statement,Costs and Expenses,Other Income,,detail,N,1,269313889.9,2026??3??31??,CNY
HASCO,IS,yoy,2026Q1,current,600741_HASCO_2026_Q1_??????.csv,????????(????????-????????),????????(????????-????????),Investment Income,IS_COST_INVE_INCO,Income Statement,Costs and Expenses,Investment Income,,detail,N,1,611103962,2026??3??31??,CNY
HASCO,IS,yoy,2026Q1,current,600741_HASCO_2026_Q1_??????.csv,????:??????????????????????????????,??????????????????????????????,Investment Income from Associates and Joint Ventures,IS_COST_INVE_INCO_INVE_INCO_ASSO_JOIN,Income Statement,Costs and Expenses,Investment Income from Associates and Joint Ventures,,detail,N,1,553727633.3,2026??3??31??,CNY
HASCO,IS,yoy,2026Q1,current,600741_HASCO_2026_Q1_??????.csv,????????????(????????-????????),????????????(????????-????????),Credit Impairment Losses,IS_COST_CRED_IMPA_LOSS,Income Statement,Costs and Expenses,Credit Impairment Losses,,detail,N,-1,-51952895.1,2026??3??31??,CNY
HASCO,IS,yoy,2026Q1,current,600741_HASCO_2026_Q1_??????.csv,????????????(????????-????????),????????????(????????-????????),Asset Impairment Losses,IS_COST_ASSE_IMPA_LOSS,Income Statement,Costs and Expenses,Asset Impairment Losses,,detail,N,-1,-58647366.12,2026??3??31??,CNY
HASCO,IS,yoy,2026Q1,current,600741_HASCO_2026_Q1_??????.csv,????????????(????????-????????),????????????(????????-????????),Gains on Disposal of Assets,IS_COST_GAIN_DISP_ASSE,Income Statement,Costs and Expenses,Gains on Disposal of Assets,,detail,N,1,13512138.92,2026??3??31??,CNY
HASCO,IS,yoy,2026Q1,current,600741_HASCO_2026_Q1_??????.csv,????????????(????????-????????),????????(????????-????????),Operating Profit,IS_OP,Income Statement,Operating Profit,Section Header,,header,N,0,1626881488,2026??3??31??,CNY
HASCO,IS,yoy,2026Q1,current,600741_HASCO_2026_Q1_??????.csv,??:??????????,??????????,Non-operating Income,IS_OP_NON_OPER_INCO,Income Statement,Operating Profit,Non-operating Income,,detail,N,1,3679191.15,2026??3??31??,CNY
HASCO,IS,yoy,2026Q1,current,600741_HASCO_2026_Q1_??????.csv,??:??????????,??????????,Non-operating Expenses,IS_OP_NON_OPER_EXPE,Income Statement,Operating Profit,Non-operating Expenses,,detail,N,-1,3565526.78,2026??3??31??,CNY
HASCO,IS,yoy,2026Q1,current,600741_HASCO_2026_Q1_??????.csv,????????????(????????????-????????),????????(????????????-????????),Total Profit,IS_PBT,Income Statement,Total Profit,Section Header,,header,N,0,1626995152,2026??3??31??,CNY
HASCO,IS,yoy,2026Q1,current,600741_HASCO_2026_Q1_??????.csv,??:??????????,??????????,Income Tax Expense,IS_TP_INCO_TAX_EXPE,Income Statement,Total Profit,Income Tax Expense,,detail,N,-1,217543170.7,2026??3??31??,CNY
HASCO,IS,yoy,2026Q1,current,600741_HASCO_2026_Q1_??????.csv,??????????(??????????-????????),??????(??????????-????????),Net Profit,IS_NP,Income Statement,Net Profit,Section Header,,header,N,0,1409451981,2026??3??31??,CNY
HASCO,IS,yoy,2026Q1,current,600741_HASCO_2026_Q1_??????.csv,1.??????????????(??????????-????????),??????????????(??????????-????????),Net Profit from Continuing Operations,IS_NP_PROF_CONT_OPER,Income Statement,Net Profit,Net Profit from Continuing Operations,,detail,N,1,1409451981,2026??3??31??,CNY
HASCO,IS,yoy,2026Q1,current,600741_HASCO_2026_Q1_??????.csv,1.????????????????????????(???????? ??-????????),????????????????????????(??????????-????????),Net Profit Attributable to Owners of the Parent,IS_NP_PARENT,Income Statement,Net Profit,Net Profit Attributable to Owners of the Parent,,detail,N,1,1243921121,2026??3??31??,CNY
HASCO,IS,yoy,2026Q1,current,600741_HASCO_2026_Q1_??????.csv,2.????????????(??????????-????????),????????????(??????????-????????),Profit or Loss Attributable to Non-controlling Interests,IS_NCI_PL,Income Statement,Net Profit,Profit or Loss Attributable to Non-controlling Interests,,detail,N,1,165530860.9,2026??3??31??,CNY
HASCO,IS,yoy,2026Q1,current,600741_HASCO_2026_Q1_??????.csv,??????????????????????????,??????????????????????,"OCI, Net of Tax",IS_OCI_HDR,Income Statement,OCI,Section Header,,header,N,0,-286441420.5,2026??3??31??,CNY
HASCO,IS,yoy,2026Q1,current,600741_HASCO_2026_Q1_??????.csv,(??)?????????????????????????????????? ??????,????????????????????????????????????????,"OCI Attributable to Owners of the Parent, Net of Tax",IS_OCI_TOTAL_OCI_ATTR_OWNE_PARE,Income Statement,OCI,"OCI Attributable to Owners of the Parent, Net of Tax",,total,Y,1,-284358018.5,2026??3??31??,CNY
HASCO,IS,yoy,2026Q1,current,600741_HASCO_2026_Q1_??????.csv,1.??????????????????????????????,??????????????????????????????,OCI Not Reclassified to Profit or Loss,IS_OCI_OCI_NOT_RECL_PROF,Income Statement,OCI,OCI Not Reclassified to Profit or Loss,,detail,N,1,-243767718.1,2026??3??31??,CNY
HASCO,IS,yoy,2026Q1,current,600741_HASCO_2026_Q1_??????.csv,(3)????????????????????????????,????????????????????????????,Fair Value Changes of Other Equity Instrument Investments,IS_OCI_FAIR_VALU_CHAN_OTHE,Income Statement,OCI Details,Fair Value Changes of Other Equity Instrument Investments,,detail,N,1,-243767718.1,2026??3??31??,CNY
HASCO,IS,yoy,2026Q1,current,600741_HASCO_2026_Q1_??????.csv,2.????????????????????????????,????????????????????????????,OCI Reclassified to Profit or Loss,IS_OCI_OCI_RECL_PROF_LOSS,Income Statement,OCI,OCI Reclassified to Profit or Loss,,detail,N,1,-40590300.39,2026??3??31??,CNY
HASCO,IS,yoy,2026Q1,current,600741_HASCO_2026_Q1_??????.csv,(1)??????????????????????????????,??????????????????????????????,OCI under Equity Method Reclassified to Profit or Loss,IS_OCI_OCI_UNDE_EQUI_METH_2,Income Statement,OCI Details,OCI under Equity Method Reclassified to Profit or Loss,,detail,N,1,-20717603.37,2026??3??31??,CNY
HASCO,IS,yoy,2026Q1,current,600741_HASCO_2026_Q1_??????.csv,(6)????????????????????,????????????????????,Foreign Currency Translation Differences,IS_OCI_FORE_CURR_TRAN_DIFF,Income Statement,OCI Details,Foreign Currency Translation Differences,,detail,N,1,-19872697.02,2026??3??31??,CNY
HASCO,IS,yoy,2026Q1,current,600741_HASCO_2026_Q1_??????.csv,(??)?????????????????????????????????? ????,??????????????????????????????????????,"OCI Attributable to Non-controlling Interests, Net of Tax",IS_OCI_TOTAL_OCI_ATTR_NON_CONT,Income Statement,OCI,"OCI Attributable to Non-controlling Interests, Net of Tax",,total,Y,1,-2083401.98,2026??3??31??,CNY
HASCO,IS,yoy,2026Q1,current,600741_HASCO_2026_Q1_??????.csv,????????????????,????????????,Total Comprehensive Income,IS_CI_HDR,Income Statement,Comprehensive Income,Section Header,,header,N,0,1123010561,2026??3??31??,CNY
HASCO,IS,yoy,2026Q1,current,600741_HASCO_2026_Q1_??????.csv,(??)????????????????????????????????,????????????????????????????????,Total Comprehensive Income Attributable to Owners of the Parent,IS_CI_COMP_INCO_ATTR_OWNE,Income Statement,Comprehensive Income,Total Comprehensive Income Attributable to Owners of the Parent,,detail,N,1,959563102,2026??3??31??,CNY
HASCO,IS,yoy,2026Q1,current,600741_HASCO_2026_Q1_??????.csv,(??)????????????????????????????,????????????????????????????,Total Comprehensive Income Attributable to Non-controlling Interests,IS_CI_COMP_INCO_ATTR_NON,Income Statement,Comprehensive Income,Total Comprehensive Income Attributable to Non-controlling Interests,,detail,N,1,163447459,2026??3??31??,CNY
HASCO,IS,yoy,2026Q1,current,600741_HASCO_2026_Q1_??????.csv,(??)????????????(??/??),????????????(??/??),Basic EPS ,IS_EPS_BASIC,Income Statement,EPS,Basic EPS (RMB/share),,detail,N,1,0.395,2026??3??31??,CNY
HASCO,IS,yoy,2025Q1,comparison,600741_HASCO_2026_Q1_??????.csv,??????????????,??????????,Total Operating Revenue,IS_TOT_REV,Income Statement,Revenue,Section Header,,header,N,0,40577212393,2025??12??31??,CNY
HASCO,IS,yoy,2025Q1,comparison,600741_HASCO_2026_Q1_??????.csv,????:????????,????????,Revenue,IS_REV,Income Statement,Revenue,Operating Revenue,,detail,N,1,40577212393,2025??12??31??,CNY
HASCO,IS,yoy,2025Q1,comparison,600741_HASCO_2026_Q1_??????.csv,??????????????,??????????,Total Operating Costs,IS_TOT_COST,Income Statement,Costs and Expenses,Section Header,,header,N,0,39989343988,2025??12??31??,CNY
HASCO,IS,yoy,2025Q1,comparison,600741_HASCO_2026_Q1_??????.csv,????:????????,????????,Operating Costs,IS_COGS,Income Statement,Costs and Expenses,Operating Costs,,detail,N,-1,36174411140,2025??12??31??,CNY
HASCO,IS,yoy,2025Q1,comparison,600741_HASCO_2026_Q1_??????.csv,??????????,??????????,Taxes and Surcharges,IS_COST_TAXE_SURC,Income Statement,Costs and Expenses,Taxes and Surcharges,,detail,N,-1,184389544.1,2025??12??31??,CNY
HASCO,IS,yoy,2025Q1,comparison,600741_HASCO_2026_Q1_??????.csv,????????,????????,Selling Expenses,IS_COST_SELL_EXPE,Income Statement,Costs and Expenses,Selling Expenses,,detail,N,-1,183716505.5,2025??12??31??,CNY
HASCO,IS,yoy,2025Q1,comparison,600741_HASCO_2026_Q1_??????.csv,????????,????????,Administrative Expenses,IS_COST_ADMI_EXPE,Income Statement,Costs and Expenses,Administrative Expenses,,detail,N,-1,1794423563,2025??12??31??,CNY
HASCO,IS,yoy,2025Q1,comparison,600741_HASCO_2026_Q1_??????.csv,????????,????????,Research and Development Expenses,IS_COST_RESE_DEVE_EXPE,Income Statement,Costs and Expenses,Research and Development Expenses,,detail,N,-1,1529141659,2025??12??31??,CNY
HASCO,IS,yoy,2025Q1,comparison,600741_HASCO_2026_Q1_??????.csv,????????,????????,Finance Costs,IS_COST_FINA_COST,Income Statement,Costs and Expenses,Finance Costs,,detail,N,-1,123261576.1,2025??12??31??,CNY
HASCO,IS,yoy,2025Q1,comparison,600741_HASCO_2026_Q1_??????.csv,????:????????,????????,Interest Expense,IS_COST_INTE_EXPE,Income Statement,Costs and Expenses,Interest Expense,,detail,N,-1,197026268.7,2025??12??31??,CNY
HASCO,IS,yoy,2025Q1,comparison,600741_HASCO_2026_Q1_??????.csv,????????,????????,Interest Income,IS_REV_INTE_INCO,Income Statement,Revenue,Interest Income,,detail,N,1,77904476.5,2025??12??31??,CNY
HASCO,IS,yoy,2025Q1,comparison,600741_HASCO_2026_Q1_??????.csv,??:????????,????????,Other Income,IS_COST_OTHE_INCO,Income Statement,Costs and Expenses,Other Income,,detail,N,1,277832546,2025??12??31??,CNY
HASCO,IS,yoy,2025Q1,comparison,600741_HASCO_2026_Q1_??????.csv,????????(????????-????????),????????(????????-????????),Investment Income,IS_COST_INVE_INCO,Income Statement,Costs and Expenses,Investment Income,,detail,N,1,660330576.9,2025??12??31??,CNY
HASCO,IS,yoy,2025Q1,comparison,600741_HASCO_2026_Q1_??????.csv,????:??????????????????????????????,??????????????????????????????,Investment Income from Associates and Joint Ventures,IS_COST_INVE_INCO_INVE_INCO_ASSO_JOIN,Income Statement,Costs and Expenses,Investment Income from Associates and Joint Ventures,,detail,N,1,602288477.6,2025??12??31??,CNY
HASCO,IS,yoy,2025Q1,comparison,600741_HASCO_2026_Q1_??????.csv,????????????????(????????-????????),????????????????(????????-????????),Fair Value Change Gains,IS_COST_FAIR_VALU_CHAN_GAIN,Income Statement,Costs and Expenses,Fair Value Change Gains,,detail,N,1,-588161.65,2025??12??31??,CNY
HASCO,IS,yoy,2025Q1,comparison,600741_HASCO_2026_Q1_??????.csv,????????????(????????-????????),????????????(????????-????????),Credit Impairment Losses,IS_COST_CRED_IMPA_LOSS,Income Statement,Costs and Expenses,Credit Impairment Losses,,detail,N,-1,2425802.76,2025??12??31??,CNY
HASCO,IS,yoy,2025Q1,comparison,600741_HASCO_2026_Q1_??????.csv,????????????(????????-????????),????????????(????????-????????),Asset Impairment Losses,IS_COST_ASSE_IMPA_LOSS,Income Statement,Costs and Expenses,Asset Impairment Losses,,detail,N,-1,-31767351.38,2025??12??31??,CNY
HASCO,IS,yoy,2025Q1,comparison,600741_HASCO_2026_Q1_??????.csv,????????????(????????-????????),????????????(????????-????????),Gains on Disposal of Assets,IS_COST_GAIN_DISP_ASSE,Income Statement,Costs and Expenses,Gains on Disposal of Assets,,detail,N,1,17307306.62,2025??12??31??,CNY
HASCO,IS,yoy,2025Q1,comparison,600741_HASCO_2026_Q1_??????.csv,????????????(????????-????????),????????(????????-????????),Operating Profit,IS_OP,Income Statement,Operating Profit,Section Header,,header,N,0,1513409125,2025??12??31??,CNY
HASCO,IS,yoy,2025Q1,comparison,600741_HASCO_2026_Q1_??????.csv,??:??????????,??????????,Non-operating Income,IS_OP_NON_OPER_INCO,Income Statement,Operating Profit,Non-operating Income,,detail,N,1,47775486.76,2025??12??31??,CNY
HASCO,IS,yoy,2025Q1,comparison,600741_HASCO_2026_Q1_??????.csv,??:??????????,??????????,Non-operating Expenses,IS_OP_NON_OPER_EXPE,Income Statement,Operating Profit,Non-operating Expenses,,detail,N,-1,3840761.58,2025??12??31??,CNY
HASCO,IS,yoy,2025Q1,comparison,600741_HASCO_2026_Q1_??????.csv,????????????(????????????-????????),????????(????????????-????????),Total Profit,IS_PBT,Income Statement,Total Profit,Section Header,,header,N,0,1557343850,2025??12??31??,CNY
HASCO,IS,yoy,2025Q1,comparison,600741_HASCO_2026_Q1_??????.csv,??:??????????,??????????,Income Tax Expense,IS_TP_INCO_TAX_EXPE,Income Statement,Total Profit,Income Tax Expense,,detail,N,-1,61253660.6,2025??12??31??,CNY
HASCO,IS,yoy,2025Q1,comparison,600741_HASCO_2026_Q1_??????.csv,??????????(??????????-????????),??????(??????????-????????),Net Profit,IS_NP,Income Statement,Net Profit,Section Header,,header,N,0,1496090189,2025??12??31??,CNY
HASCO,IS,yoy,2025Q1,comparison,600741_HASCO_2026_Q1_??????.csv,1.??????????????(??????????-????????),??????????????(??????????-????????),Net Profit from Continuing Operations,IS_NP_PROF_CONT_OPER,Income Statement,Net Profit,Net Profit from Continuing Operations,,detail,N,1,1496090189,2025??12??31??,CNY
HASCO,IS,yoy,2025Q1,comparison,600741_HASCO_2026_Q1_??????.csv,1.????????????????????????(???????? ??-????????),????????????????????????(??????????-????????),Net Profit Attributable to Owners of the Parent,IS_NP_PARENT,Income Statement,Net Profit,Net Profit Attributable to Owners of the Parent,,detail,N,1,1277483938,2025??12??31??,CNY
HASCO,IS,yoy,2025Q1,comparison,600741_HASCO_2026_Q1_??????.csv,2.????????????(??????????-????????),????????????(??????????-????????),Profit or Loss Attributable to Non-controlling Interests,IS_NCI_PL,Income Statement,Net Profit,Profit or Loss Attributable to Non-controlling Interests,,detail,N,1,218606250.7,2025??12??31??,CNY
HASCO,IS,yoy,2025Q1,comparison,600741_HASCO_2026_Q1_??????.csv,??????????????????????????,??????????????????????,"OCI, Net of Tax",IS_OCI_HDR,Income Statement,OCI,Section Header,,header,N,0,84365232.21,2025??12??31??,CNY
HASCO,IS,yoy,2025Q1,comparison,600741_HASCO_2026_Q1_??????.csv,(??)?????????????????????????????????? ??????,????????????????????????????????????????,"OCI Attributable to Owners of the Parent, Net of Tax",IS_OCI_TOTAL_OCI_ATTR_OWNE_PARE,Income Statement,OCI,"OCI Attributable to Owners of the Parent, Net of Tax",,total,Y,1,84352126.08,2025??12??31??,CNY
HASCO,IS,yoy,2025Q1,comparison,600741_HASCO_2026_Q1_??????.csv,1.??????????????????????????????,??????????????????????????????,OCI Not Reclassified to Profit or Loss,IS_OCI_OCI_NOT_RECL_PROF,Income Statement,OCI,OCI Not Reclassified to Profit or Loss,,detail,N,1,17449219.15,2025??12??31??,CNY
HASCO,IS,yoy,2025Q1,comparison,600741_HASCO_2026_Q1_??????.csv,(3)????????????????????????????,????????????????????????????,Fair Value Changes of Other Equity Instrument Investments,IS_OCI_FAIR_VALU_CHAN_OTHE,Income Statement,OCI Details,Fair Value Changes of Other Equity Instrument Investments,,detail,N,1,17449219.15,2025??12??31??,CNY
HASCO,IS,yoy,2025Q1,comparison,600741_HASCO_2026_Q1_??????.csv,2.????????????????????????????,????????????????????????????,OCI Reclassified to Profit or Loss,IS_OCI_OCI_RECL_PROF_LOSS,Income Statement,OCI,OCI Reclassified to Profit or Loss,,detail,N,1,66902906.93,2025??12??31??,CNY
HASCO,IS,yoy,2025Q1,comparison,600741_HASCO_2026_Q1_??????.csv,(1)??????????????????????????????,??????????????????????????????,OCI under Equity Method Reclassified to Profit or Loss,IS_OCI_OCI_UNDE_EQUI_METH_2,Income Statement,OCI Details,OCI under Equity Method Reclassified to Profit or Loss,,detail,N,1,16912076.69,2025??12??31??,CNY
HASCO,IS,yoy,2025Q1,comparison,600741_HASCO_2026_Q1_??????.csv,(6)????????????????????,????????????????????,Foreign Currency Translation Differences,IS_OCI_FORE_CURR_TRAN_DIFF,Income Statement,OCI Details,Foreign Currency Translation Differences,,detail,N,1,49990830.24,2025??12??31??,CNY
HASCO,IS,yoy,2025Q1,comparison,600741_HASCO_2026_Q1_??????.csv,(??)?????????????????????????????????? ????,??????????????????????????????????????,"OCI Attributable to Non-controlling Interests, Net of Tax",IS_OCI_TOTAL_OCI_ATTR_NON_CONT,Income Statement,OCI,"OCI Attributable to Non-controlling Interests, Net of Tax",,total,Y,1,13106.13,2025??12??31??,CNY
HASCO,IS,yoy,2025Q1,comparison,600741_HASCO_2026_Q1_??????.csv,????????????????,????????????,Total Comprehensive Income,IS_CI_HDR,Income Statement,Comprehensive Income,Section Header,,header,N,0,1580455421,2025??12??31??,CNY
HASCO,IS,yoy,2025Q1,comparison,600741_HASCO_2026_Q1_??????.csv,(??)????????????????????????????????,????????????????????????????????,Total Comprehensive Income Attributable to Owners of the Parent,IS_CI_COMP_INCO_ATTR_OWNE,Income Statement,Comprehensive Income,Total Comprehensive Income Attributable to Owners of the Parent,,detail,N,1,1361836065,2025??12??31??,CNY
HASCO,IS,yoy,2025Q1,comparison,600741_HASCO_2026_Q1_??????.csv,(??)????????????????????????????,????????????????????????????,Total Comprehensive Income Attributable to Non-controlling Interests,IS_CI_COMP_INCO_ATTR_NON,Income Statement,Comprehensive Income,Total Comprehensive Income Attributable to Non-controlling Interests,,detail,N,1,218619356.8,2025??12??31??,CNY
HASCO,IS,yoy,2025Q1,comparison,600741_HASCO_2026_Q1_??????.csv,(??)????????????(??/??),????????????(??/??),Basic EPS ,IS_EPS_BASIC,Income Statement,EPS,Basic EPS (RMB/share),,detail,N,1,0.405,2025??12??31??,CNY
Tuopu,IS,yoy,2026Q1,current,601689_Tuopu_2026_Q1_??????.csv,??????????????,??????????,Total Operating Revenue,IS_TOT_REV,Income Statement,Revenue,Section Header,,header,N,0,6628185770,2026??3??31??,CNY
Tuopu,IS,yoy,2026Q1,current,601689_Tuopu_2026_Q1_??????.csv,????:????????,????????,Revenue,IS_REV,Income Statement,Revenue,Operating Revenue,,detail,N,1,6628185770,2026??3??31??,CNY
Tuopu,IS,yoy,2026Q1,current,601689_Tuopu_2026_Q1_??????.csv,??????????????,??????????,Total Operating Costs,IS_TOT_COST,Income Statement,Costs and Expenses,Section Header,,header,N,0,6135174826,2026??3??31??,CNY
Tuopu,IS,yoy,2026Q1,current,601689_Tuopu_2026_Q1_??????.csv,????:????????,????????,Operating Costs,IS_COGS,Income Statement,Costs and Expenses,Operating Costs,,detail,N,-1,5351846258,2026??3??31??,CNY
Tuopu,IS,yoy,2026Q1,current,601689_Tuopu_2026_Q1_??????.csv,??????????,??????????,Taxes and Surcharges,IS_COST_TAXE_SURC,Income Statement,Costs and Expenses,Taxes and Surcharges,,detail,N,-1,46628290.46,2026??3??31??,CNY
Tuopu,IS,yoy,2026Q1,current,601689_Tuopu_2026_Q1_??????.csv,????????,????????,Selling Expenses,IS_COST_SELL_EXPE,Income Statement,Costs and Expenses,Selling Expenses,,detail,N,-1,64443132.1,2026??3??31??,CNY
Tuopu,IS,yoy,2026Q1,current,601689_Tuopu_2026_Q1_??????.csv,????????,????????,Administrative Expenses,IS_COST_ADMI_EXPE,Income Statement,Costs and Expenses,Administrative Expenses,,detail,N,-1,208310886.4,2026??3??31??,CNY
Tuopu,IS,yoy,2026Q1,current,601689_Tuopu_2026_Q1_??????.csv,????????,????????,Research and Development Expenses,IS_COST_RESE_DEVE_EXPE,Income Statement,Costs and Expenses,Research and Development Expenses,,detail,N,-1,367508616.7,2026??3??31??,CNY
Tuopu,IS,yoy,2026Q1,current,601689_Tuopu_2026_Q1_??????.csv,????????,????????,Finance Costs,IS_COST_FINA_COST,Income Statement,Costs and Expenses,Finance Costs,,detail,N,-1,96437643.03,2026??3??31??,CNY
Tuopu,IS,yoy,2026Q1,current,601689_Tuopu_2026_Q1_??????.csv,????:????????,????????,Interest Expense,IS_COST_INTE_EXPE,Income Statement,Costs and Expenses,Interest Expense,,detail,N,-1,30525006.06,2026??3??31??,CNY
Tuopu,IS,yoy,2026Q1,current,601689_Tuopu_2026_Q1_??????.csv,????????,????????,Interest Income,IS_REV_INTE_INCO,Income Statement,Revenue,Interest Income,,detail,N,1,7759022.28,2026??3??31??,CNY
Tuopu,IS,yoy,2026Q1,current,601689_Tuopu_2026_Q1_??????.csv,??:????????,????????,Other Income,IS_COST_OTHE_INCO,Income Statement,Costs and Expenses,Other Income,,detail,N,1,124877025.2,2026??3??31??,CNY
Tuopu,IS,yoy,2026Q1,current,601689_Tuopu_2026_Q1_??????.csv,????????(????????-????????),????????(????????-????????),Investment Income,IS_COST_INVE_INCO,Income Statement,Costs and Expenses,Investment Income,,detail,N,1,7883056.65,2026??3??31??,CNY
Tuopu,IS,yoy,2026Q1,current,601689_Tuopu_2026_Q1_??????.csv,????:???????????????????????? ??????,??????????????????????????????,Investment Income from Associates and Joint Ventures,IS_COST_INVE_INCO_INVE_INCO_ASSO_JOIN,Income Statement,Costs and Expenses,Investment Income from Associates and Joint Ventures,,detail,N,1,7883056.65,2026??3??31??,CNY
Tuopu,IS,yoy,2026Q1,current,601689_Tuopu_2026_Q1_??????.csv,????????????(????????-????????),????????????(????????-????????),Credit Impairment Losses,IS_COST_CRED_IMPA_LOSS,Income Statement,Costs and Expenses,Credit Impairment Losses,,detail,N,-1,77642035.79,2026??3??31??,CNY
Tuopu,IS,yoy,2026Q1,current,601689_Tuopu_2026_Q1_??????.csv,????????????(????????-????????),????????????(????????-????????),Asset Impairment Losses,IS_COST_ASSE_IMPA_LOSS,Income Statement,Costs and Expenses,Asset Impairment Losses,,detail,N,-1,-20264299.01,2026??3??31??,CNY
Tuopu,IS,yoy,2026Q1,current,601689_Tuopu_2026_Q1_??????.csv,????????????(????????-????????),????????(????????-????????),Operating Profit,IS_OP,Income Statement,Operating Profit,Section Header,,header,N,0,683148762.3,2026??3??31??,CNY
Tuopu,IS,yoy,2026Q1,current,601689_Tuopu_2026_Q1_??????.csv,??:??????????,??????????,Non-operating Income,IS_OP_NON_OPER_INCO,Income Statement,Operating Profit,Non-operating Income,,detail,N,1,1040887.64,2026??3??31??,CNY
Tuopu,IS,yoy,2026Q1,current,601689_Tuopu_2026_Q1_??????.csv,??:??????????,??????????,Non-operating Expenses,IS_OP_NON_OPER_EXPE,Income Statement,Operating Profit,Non-operating Expenses,,detail,N,-1,5497865.45,2026??3??31??,CNY
Tuopu,IS,yoy,2026Q1,current,601689_Tuopu_2026_Q1_??????.csv,????????????(????????????-????????),????????(????????????-????????),Total Profit,IS_PBT,Income Statement,Total Profit,Section Header,,header,N,0,678691784.5,2026??3??31??,CNY
Tuopu,IS,yoy,2026Q1,current,601689_Tuopu_2026_Q1_??????.csv,??:??????????,??????????,Income Tax Expense,IS_TP_INCO_TAX_EXPE,Income Statement,Total Profit,Income Tax Expense,,detail,N,-1,125325110.7,2026??3??31??,CNY
Tuopu,IS,yoy,2026Q1,current,601689_Tuopu_2026_Q1_??????.csv,??????????(??????????-????????),??????(??????????-????????),Net Profit,IS_NP,Income Statement,Net Profit,Section Header,,header,N,0,553366673.8,2026??3??31??,CNY
Tuopu,IS,yoy,2026Q1,current,601689_Tuopu_2026_Q1_??????.csv,1.??????????????(??????????-???? ????),??????????????(??????????-????????),Net Profit from Continuing Operations,IS_NP_PROF_CONT_OPER,Income Statement,Net Profit,Net Profit from Continuing Operations,,detail,N,1,553366673.8,2026??3??31??,CNY
Tuopu,IS,yoy,2026Q1,current,601689_Tuopu_2026_Q1_??????.csv,1.????????????????????????(???? ??????-????????),????????????????????????(??????????-????????),Net Profit Attributable to Owners of the Parent,IS_NP_PARENT,Income Statement,Net Profit,Net Profit Attributable to Owners of the Parent,,detail,N,1,551799928.9,2026??3??31??,CNY
Tuopu,IS,yoy,2026Q1,current,601689_Tuopu_2026_Q1_??????.csv,2.????????????(??????????-?????? ??),????????????(??????????-????????),Profit or Loss Attributable to Non-controlling Interests,IS_NCI_PL,Income Statement,Net Profit,Profit or Loss Attributable to Non-controlling Interests,,detail,N,1,1566744.98,2026??3??31??,CNY
Tuopu,IS,yoy,2026Q1,current,601689_Tuopu_2026_Q1_??????.csv,??????????????????????????,??????????????????????,"OCI, Net of Tax",IS_OCI_HDR,Income Statement,OCI,Section Header,,header,N,0,-61473468.81,2026??3??31??,CNY
Tuopu,IS,yoy,2026Q1,current,601689_Tuopu_2026_Q1_??????.csv,(??)???????????????????????????? ????????????,????????????????????????????????????????,"OCI Attributable to Owners of the Parent, Net of Tax",IS_OCI_TOTAL_OCI_ATTR_OWNE_PARE,Income Statement,OCI,"OCI Attributable to Owners of the Parent, Net of Tax",,total,Y,1,-61501564.3,2026??3??31??,CNY
Tuopu,IS,yoy,2026Q1,current,601689_Tuopu_2026_Q1_??????.csv,2.????????????????????????????,????????????????????????????,OCI Reclassified to Profit or Loss,IS_OCI_OCI_RECL_PROF_LOSS,Income Statement,OCI,OCI Reclassified to Profit or Loss,,detail,N,1,-61501564.3,2026??3??31??,CNY
Tuopu,IS,yoy,2026Q1,current,601689_Tuopu_2026_Q1_??????.csv,(6)????????????????????,????????????????????,Foreign Currency Translation Differences,IS_OCI_FORE_CURR_TRAN_DIFF,Income Statement,OCI Details,Foreign Currency Translation Differences,,detail,N,1,-61501564.3,2026??3??31??,CNY
Tuopu,IS,yoy,2026Q1,current,601689_Tuopu_2026_Q1_??????.csv,(??)???????????????????????????? ??????????,??????????????????????????????????????,"OCI Attributable to Non-controlling Interests, Net of Tax",IS_OCI_TOTAL_OCI_ATTR_NON_CONT,Income Statement,OCI,"OCI Attributable to Non-controlling Interests, Net of Tax",,total,Y,1,28095.49,2026??3??31??,CNY
Tuopu,IS,yoy,2026Q1,current,601689_Tuopu_2026_Q1_??????.csv,????????????????,????????????,Total Comprehensive Income,IS_CI_HDR,Income Statement,Comprehensive Income,Section Header,,header,N,0,491893205,2026??3??31??,CNY
Tuopu,IS,yoy,2026Q1,current,601689_Tuopu_2026_Q1_??????.csv,(??)???????????????????????????? ????,????????????????????????????????,Total Comprehensive Income Attributable to Owners of the Parent,IS_CI_COMP_INCO_ATTR_OWNE,Income Statement,Comprehensive Income,Total Comprehensive Income Attributable to Owners of the Parent,,detail,N,1,490298364.6,2026??3??31??,CNY
Tuopu,IS,yoy,2026Q1,current,601689_Tuopu_2026_Q1_??????.csv,(??)????????????????????????????,????????????????????????????,Total Comprehensive Income Attributable to Non-controlling Interests,IS_CI_COMP_INCO_ATTR_NON,Income Statement,Comprehensive Income,Total Comprehensive Income Attributable to Non-controlling Interests,,detail,N,1,1594840.47,2026??3??31??,CNY
Tuopu,IS,yoy,2026Q1,current,601689_Tuopu_2026_Q1_??????.csv,(??)????????????(??/??),????????????(??/??),Basic EPS ,IS_EPS_BASIC,Income Statement,EPS,Basic EPS (RMB/share),,detail,N,1,0.32,2026??3??31??,CNY
Tuopu,IS,yoy,2026Q1,current,601689_Tuopu_2026_Q1_??????.csv,(??)????????????(??/??),????????????(??/??),Diluted EPS,IS_EPS_DILUTED,Income Statement,EPS,Diluted EPS (RMB/share),,detail,N,1,0.32,2026??3??31??,CNY
Tuopu,IS,yoy,2025Q1,comparison,601689_Tuopu_2026_Q1_??????.csv,??????????????,??????????,Total Operating Revenue,IS_TOT_REV,Income Statement,Revenue,Section Header,,header,N,0,5767593240,2025??12??31??,CNY
Tuopu,IS,yoy,2025Q1,comparison,601689_Tuopu_2026_Q1_??????.csv,????:????????,????????,Revenue,IS_REV,Income Statement,Revenue,Operating Revenue,,detail,N,1,5767593240,2025??12??31??,CNY
Tuopu,IS,yoy,2025Q1,comparison,601689_Tuopu_2026_Q1_??????.csv,??????????????,??????????,Total Operating Costs,IS_TOT_COST,Income Statement,Costs and Expenses,Section Header,,header,N,0,5272263012,2025??12??31??,CNY
Tuopu,IS,yoy,2025Q1,comparison,601689_Tuopu_2026_Q1_??????.csv,????:????????,????????,Operating Costs,IS_COGS,Income Statement,Costs and Expenses,Operating Costs,,detail,N,-1,4620254360,2025??12??31??,CNY
Tuopu,IS,yoy,2025Q1,comparison,601689_Tuopu_2026_Q1_??????.csv,??????????,??????????,Taxes and Surcharges,IS_COST_TAXE_SURC,Income Statement,Costs and Expenses,Taxes and Surcharges,,detail,N,-1,45566666.06,2025??12??31??,CNY
Tuopu,IS,yoy,2025Q1,comparison,601689_Tuopu_2026_Q1_??????.csv,????????,????????,Selling Expenses,IS_COST_SELL_EXPE,Income Statement,Costs and Expenses,Selling Expenses,,detail,N,-1,68503348.07,2025??12??31??,CNY
Tuopu,IS,yoy,2025Q1,comparison,601689_Tuopu_2026_Q1_??????.csv,????????,????????,Administrative Expenses,IS_COST_ADMI_EXPE,Income Statement,Costs and Expenses,Administrative Expenses,,detail,N,-1,190076492.5,2025??12??31??,CNY
Tuopu,IS,yoy,2025Q1,comparison,601689_Tuopu_2026_Q1_??????.csv,????????,????????,Research and Development Expenses,IS_COST_RESE_DEVE_EXPE,Income Statement,Costs and Expenses,Research and Development Expenses,,detail,N,-1,342177460,2025??12??31??,CNY
Tuopu,IS,yoy,2025Q1,comparison,601689_Tuopu_2026_Q1_??????.csv,????????,????????,Finance Costs,IS_COST_FINA_COST,Income Statement,Costs and Expenses,Finance Costs,,detail,N,-1,5684685.19,2025??12??31??,CNY
Tuopu,IS,yoy,2025Q1,comparison,601689_Tuopu_2026_Q1_??????.csv,????:????????,????????,Interest Expense,IS_COST_INTE_EXPE,Income Statement,Costs and Expenses,Interest Expense,,detail,N,-1,47521612.03,2025??12??31??,CNY
Tuopu,IS,yoy,2025Q1,comparison,601689_Tuopu_2026_Q1_??????.csv,????????,????????,Interest Income,IS_REV_INTE_INCO,Income Statement,Revenue,Interest Income,,detail,N,1,8442621.59,2025??12??31??,CNY
Tuopu,IS,yoy,2025Q1,comparison,601689_Tuopu_2026_Q1_??????.csv,??:????????,????????,Other Income,IS_COST_OTHE_INCO,Income Statement,Costs and Expenses,Other Income,,detail,N,1,115633311.7,2025??12??31??,CNY
Tuopu,IS,yoy,2025Q1,comparison,601689_Tuopu_2026_Q1_??????.csv,????????(????????-????????),????????(????????-????????),Investment Income,IS_COST_INVE_INCO,Income Statement,Costs and Expenses,Investment Income,,detail,N,1,11552747.62,2025??12??31??,CNY
Tuopu,IS,yoy,2025Q1,comparison,601689_Tuopu_2026_Q1_??????.csv,????:???????????????????????? ??????,??????????????????????????????,Investment Income from Associates and Joint Ventures,IS_COST_INVE_INCO_INVE_INCO_ASSO_JOIN,Income Statement,Costs and Expenses,Investment Income from Associates and Joint Ventures,,detail,N,1,11552747.62,2025??12??31??,CNY
Tuopu,IS,yoy,2025Q1,comparison,601689_Tuopu_2026_Q1_??????.csv,????????????(????????-????????),????????????(????????-????????),Credit Impairment Losses,IS_COST_CRED_IMPA_LOSS,Income Statement,Costs and Expenses,Credit Impairment Losses,,detail,N,-1,64733784.19,2025??12??31??,CNY
Tuopu,IS,yoy,2025Q1,comparison,601689_Tuopu_2026_Q1_??????.csv,????????????(????????-????????),????????????(????????-????????),Asset Impairment Losses,IS_COST_ASSE_IMPA_LOSS,Income Statement,Costs and Expenses,Asset Impairment Losses,,detail,N,-1,-20894456.54,2025??12??31??,CNY
Tuopu,IS,yoy,2025Q1,comparison,601689_Tuopu_2026_Q1_??????.csv,????????????(????????-????????),????????(????????-????????),Operating Profit,IS_OP,Income Statement,Operating Profit,Section Header,,header,N,0,666355615.2,2025??12??31??,CNY
Tuopu,IS,yoy,2025Q1,comparison,601689_Tuopu_2026_Q1_??????.csv,??:??????????,??????????,Non-operating Income,IS_OP_NON_OPER_INCO,Income Statement,Operating Profit,Non-operating Income,,detail,N,1,4519291.59,2025??12??31??,CNY
Tuopu,IS,yoy,2025Q1,comparison,601689_Tuopu_2026_Q1_??????.csv,??:??????????,??????????,Non-operating Expenses,IS_OP_NON_OPER_EXPE,Income Statement,Operating Profit,Non-operating Expenses,,detail,N,-1,3217452.35,2025??12??31??,CNY
Tuopu,IS,yoy,2025Q1,comparison,601689_Tuopu_2026_Q1_??????.csv,????????????(????????????-????????),????????(????????????-????????),Total Profit,IS_PBT,Income Statement,Total Profit,Section Header,,header,N,0,667657454.5,2025??12??31??,CNY
Tuopu,IS,yoy,2025Q1,comparison,601689_Tuopu_2026_Q1_??????.csv,??:??????????,??????????,Income Tax Expense,IS_TP_INCO_TAX_EXPE,Income Statement,Total Profit,Income Tax Expense,,detail,N,-1,101640774.9,2025??12??31??,CNY
Tuopu,IS,yoy,2025Q1,comparison,601689_Tuopu_2026_Q1_??????.csv,??????????(??????????-????????),??????(??????????-????????),Net Profit,IS_NP,Income Statement,Net Profit,Section Header,,header,N,0,566016679.6,2025??12??31??,CNY
Tuopu,IS,yoy,2025Q1,comparison,601689_Tuopu_2026_Q1_??????.csv,1.??????????????(??????????-???? ????),??????????????(??????????-????????),Net Profit from Continuing Operations,IS_NP_PROF_CONT_OPER,Income Statement,Net Profit,Net Profit from Continuing Operations,,detail,N,1,566016679.6,2025??12??31??,CNY
Tuopu,IS,yoy,2025Q1,comparison,601689_Tuopu_2026_Q1_??????.csv,1.????????????????????????(???? ??????-????????),????????????????????????(??????????-????????),Net Profit Attributable to Owners of the Parent,IS_NP_PARENT,Income Statement,Net Profit,Net Profit Attributable to Owners of the Parent,,detail,N,1,565467923.1,2025??12??31??,CNY
Tuopu,IS,yoy,2025Q1,comparison,601689_Tuopu_2026_Q1_??????.csv,2.????????????(??????????-?????? ??),????????????(??????????-????????),Profit or Loss Attributable to Non-controlling Interests,IS_NCI_PL,Income Statement,Net Profit,Profit or Loss Attributable to Non-controlling Interests,,detail,N,1,548756.44,2025??12??31??,CNY
Tuopu,IS,yoy,2025Q1,comparison,601689_Tuopu_2026_Q1_??????.csv,??????????????????????????,??????????????????????,"OCI, Net of Tax",IS_OCI_HDR,Income Statement,OCI,Section Header,,header,N,0,20220036.66,2025??12??31??,CNY
Tuopu,IS,yoy,2025Q1,comparison,601689_Tuopu_2026_Q1_??????.csv,(??)???????????????????????????? ????????????,????????????????????????????????????????,"OCI Attributable to Owners of the Parent, Net of Tax",IS_OCI_TOTAL_OCI_ATTR_OWNE_PARE,Income Statement,OCI,"OCI Attributable to Owners of the Parent, Net of Tax",,total,Y,1,20219414.31,2025??12??31??,CNY
Tuopu,IS,yoy,2025Q1,comparison,601689_Tuopu_2026_Q1_??????.csv,2.????????????????????????????,????????????????????????????,OCI Reclassified to Profit or Loss,IS_OCI_OCI_RECL_PROF_LOSS,Income Statement,OCI,OCI Reclassified to Profit or Loss,,detail,N,1,20219414.31,2025??12??31??,CNY
Tuopu,IS,yoy,2025Q1,comparison,601689_Tuopu_2026_Q1_??????.csv,(6)????????????????????,????????????????????,Foreign Currency Translation Differences,IS_OCI_FORE_CURR_TRAN_DIFF,Income Statement,OCI Details,Foreign Currency Translation Differences,,detail,N,1,20219414.31,2025??12??31??,CNY
Tuopu,IS,yoy,2025Q1,comparison,601689_Tuopu_2026_Q1_??????.csv,(??)???????????????????????????? ??????????,??????????????????????????????????????,"OCI Attributable to Non-controlling Interests, Net of Tax",IS_OCI_TOTAL_OCI_ATTR_NON_CONT,Income Statement,OCI,"OCI Attributable to Non-controlling Interests, Net of Tax",,total,Y,1,622.35,2025??12??31??,CNY
Tuopu,IS,yoy,2025Q1,comparison,601689_Tuopu_2026_Q1_??????.csv,????????????????,????????????,Total Comprehensive Income,IS_CI_HDR,Income Statement,Comprehensive Income,Section Header,,header,N,0,586236716.2,2025??12??31??,CNY
Tuopu,IS,yoy,2025Q1,comparison,601689_Tuopu_2026_Q1_??????.csv,(??)???????????????????????????? ????,????????????????????????????????,Total Comprehensive Income Attributable to Owners of the Parent,IS_CI_COMP_INCO_ATTR_OWNE,Income Statement,Comprehensive Income,Total Comprehensive Income Attributable to Owners of the Parent,,detail,N,1,585687337.4,2025??12??31??,CNY
Tuopu,IS,yoy,2025Q1,comparison,601689_Tuopu_2026_Q1_??????.csv,(??)????????????????????????????,????????????????????????????,Total Comprehensive Income Attributable to Non-controlling Interests,IS_CI_COMP_INCO_ATTR_NON,Income Statement,Comprehensive Income,Total Comprehensive Income Attributable to Non-controlling Interests,,detail,N,1,549378.79,2025??12??31??,CNY
Tuopu,IS,yoy,2025Q1,comparison,601689_Tuopu_2026_Q1_??????.csv,(??)????????????(??/??),????????????(??/??),Basic EPS ,IS_EPS_BASIC,Income Statement,EPS,Basic EPS (RMB/share),,detail,N,1,0.33,2025??12??31??,CNY
Tuopu,IS,yoy,2025Q1,comparison,601689_Tuopu_2026_Q1_??????.csv,(??)????????????(??/??),????????????(??/??),Diluted EPS,IS_EPS_DILUTED,Income Statement,EPS,Diluted EPS (RMB/share),,detail,N,1,0.33,2025??12??31??,CNY
Baolong,IS,yoy,2026Q1,current,603197_Baolong_2026_Q1_??????.csv,??????????????,??????????,Total Operating Revenue,IS_TOT_REV,Income Statement,Revenue,Section Header,,header,N,0,2239684916,2026??3??31??,CNY
Baolong,IS,yoy,2026Q1,current,603197_Baolong_2026_Q1_??????.csv,????:????????,????????,Revenue,IS_REV,Income Statement,Revenue,Operating Revenue,,detail,N,1,2239684916,2026??3??31??,CNY
Baolong,IS,yoy,2026Q1,current,603197_Baolong_2026_Q1_??????.csv,??????????????,??????????,Total Operating Costs,IS_TOT_COST,Income Statement,Costs and Expenses,Section Header,,header,N,0,2109884438,2026??3??31??,CNY
Baolong,IS,yoy,2026Q1,current,603197_Baolong_2026_Q1_??????.csv,????:????????,????????,Operating Costs,IS_COGS,Income Statement,Costs and Expenses,Operating Costs,,detail,N,-1,1744870018,2026??3??31??,CNY
Baolong,IS,yoy,2026Q1,current,603197_Baolong_2026_Q1_??????.csv,??????????,??????????,Taxes and Surcharges,IS_COST_TAXE_SURC,Income Statement,Costs and Expenses,Taxes and Surcharges,,detail,N,-1,7951570.69,2026??3??31??,CNY
Baolong,IS,yoy,2026Q1,current,603197_Baolong_2026_Q1_??????.csv,????????,????????,Selling Expenses,IS_COST_SELL_EXPE,Income Statement,Costs and Expenses,Selling Expenses,,detail,N,-1,63229865.64,2026??3??31??,CNY
Baolong,IS,yoy,2026Q1,current,603197_Baolong_2026_Q1_??????.csv,????????,????????,Administrative Expenses,IS_COST_ADMI_EXPE,Income Statement,Costs and Expenses,Administrative Expenses,,detail,N,-1,110531909.2,2026??3??31??,CNY
Baolong,IS,yoy,2026Q1,current,603197_Baolong_2026_Q1_??????.csv,????????,????????,Research and Development Expenses,IS_COST_RESE_DEVE_EXPE,Income Statement,Costs and Expenses,Research and Development Expenses,,detail,N,-1,150012000.2,2026??3??31??,CNY
Baolong,IS,yoy,2026Q1,current,603197_Baolong_2026_Q1_??????.csv,????????,????????,Finance Costs,IS_COST_FINA_COST,Income Statement,Costs and Expenses,Finance Costs,,detail,N,-1,33289074.54,2026??3??31??,CNY
Baolong,IS,yoy,2026Q1,current,603197_Baolong_2026_Q1_??????.csv,????:????????,????????,Interest Expense,IS_COST_INTE_EXPE,Income Statement,Costs and Expenses,Interest Expense,,detail,N,-1,12453485.9,2026??3??31??,CNY
Baolong,IS,yoy,2026Q1,current,603197_Baolong_2026_Q1_??????.csv,????????,????????,Interest Income,IS_REV_INTE_INCO,Income Statement,Revenue,Interest Income,,detail,N,1,752865.02,2026??3??31??,CNY
Baolong,IS,yoy,2026Q1,current,603197_Baolong_2026_Q1_??????.csv,??:????????,????????,Other Income,IS_COST_OTHE_INCO,Income Statement,Costs and Expenses,Other Income,,detail,N,1,16822786.04,2026??3??31??,CNY
Baolong,IS,yoy,2026Q1,current,603197_Baolong_2026_Q1_??????.csv,????????(????????-????????),????????(????????-????????),Investment Income,IS_COST_INVE_INCO,Income Statement,Costs and Expenses,Investment Income,,detail,N,1,-1530305.47,2026??3??31??,CNY
Baolong,IS,yoy,2026Q1,current,603197_Baolong_2026_Q1_??????.csv,????:?????????????????????? ????????,??????????????????????????????,Investment Income from Associates and Joint Ventures,IS_COST_INVE_INCO_INVE_INCO_ASSO_JOIN,Income Statement,Costs and Expenses,Investment Income from Associates and Joint Ventures,,detail,N,1,-4992435.66,2026??3??31??,CNY
Baolong,IS,yoy,2026Q1,current,603197_Baolong_2026_Q1_??????.csv,????????????????(????????-?? ??????),????????????????(????????-????????),Fair Value Change Gains,IS_COST_FAIR_VALU_CHAN_GAIN,Income Statement,Costs and Expenses,Fair Value Change Gains,,detail,N,1,-28053140.97,2026??3??31??,CNY
Baolong,IS,yoy,2026Q1,current,603197_Baolong_2026_Q1_??????.csv,????????????(????????-?????? ??),????????????(????????-????????),Credit Impairment Losses,IS_COST_CRED_IMPA_LOSS,Income Statement,Costs and Expenses,Credit Impairment Losses,,detail,N,-1,-1736557.34,2026??3??31??,CNY
Baolong,IS,yoy,2026Q1,current,603197_Baolong_2026_Q1_??????.csv,????????????(????????-?????? ??),????????????(????????-????????),Asset Impairment Losses,IS_COST_ASSE_IMPA_LOSS,Income Statement,Costs and Expenses,Asset Impairment Losses,,detail,N,-1,-4634232.59,2026??3??31??,CNY
Baolong,IS,yoy,2026Q1,current,603197_Baolong_2026_Q1_??????.csv,????????????(????????-?????? ??),????????????(????????-????????),Gains on Disposal of Assets,IS_COST_GAIN_DISP_ASSE,Income Statement,Costs and Expenses,Gains on Disposal of Assets,,detail,N,1,2454365.63,2026??3??31??,CNY
Baolong,IS,yoy,2026Q1,current,603197_Baolong_2026_Q1_??????.csv,????????????(????????-????????),????????(????????-????????),Operating Profit,IS_OP,Income Statement,Operating Profit,Section Header,,header,N,0,113123393.5,2026??3??31??,CNY
Baolong,IS,yoy,2026Q1,current,603197_Baolong_2026_Q1_??????.csv,??:??????????,??????????,Non-operating Income,IS_OP_NON_OPER_INCO,Income Statement,Operating Profit,Non-operating Income,,detail,N,1,104897.42,2026??3??31??,CNY
Baolong,IS,yoy,2026Q1,current,603197_Baolong_2026_Q1_??????.csv,??:??????????,??????????,Non-operating Expenses,IS_OP_NON_OPER_EXPE,Income Statement,Operating Profit,Non-operating Expenses,,detail,N,-1,1369839.49,2026??3??31??,CNY
Baolong,IS,yoy,2026Q1,current,603197_Baolong_2026_Q1_??????.csv,????????????(????????????-?????? ??),????????(????????????-????????),Total Profit,IS_PBT,Income Statement,Total Profit,Section Header,,header,N,0,111858451.5,2026??3??31??,CNY
Baolong,IS,yoy,2026Q1,current,603197_Baolong_2026_Q1_??????.csv,??:??????????,??????????,Income Tax Expense,IS_TP_INCO_TAX_EXPE,Income Statement,Total Profit,Income Tax Expense,,detail,N,-1,31365888.58,2026??3??31??,CNY
Baolong,IS,yoy,2026Q1,current,603197_Baolong_2026_Q1_??????.csv,??????????(??????????-????????),??????(??????????-????????),Net Profit,IS_NP,Income Statement,Net Profit,Section Header,,header,N,0,80492562.87,2026??3??31??,CNY
Baolong,IS,yoy,2026Q1,current,603197_Baolong_2026_Q1_??????.csv,1.??????????????(??????????-?? ??????),??????????????(??????????-????????),Net Profit from Continuing Operations,IS_NP_PROF_CONT_OPER,Income Statement,Net Profit,Net Profit from Continuing Operations,,detail,N,1,80492562.87,2026??3??31??,CNY
Baolong,IS,yoy,2026Q1,current,603197_Baolong_2026_Q1_??????.csv,1.????????????????????????(?? ????????-????????),????????????????????????(??????????-????????),Net Profit Attributable to Owners of the Parent,IS_NP_PARENT,Income Statement,Net Profit,Net Profit Attributable to Owners of the Parent,,detail,N,1,71527516.62,2026??3??31??,CNY
Baolong,IS,yoy,2026Q1,current,603197_Baolong_2026_Q1_??????.csv,2.????????????(??????????-???? ????),????????????(??????????-????????),Profit or Loss Attributable to Non-controlling Interests,IS_NCI_PL,Income Statement,Net Profit,Profit or Loss Attributable to Non-controlling Interests,,detail,N,1,8965046.25,2026??3??31??,CNY
Baolong,IS,yoy,2026Q1,current,603197_Baolong_2026_Q1_??????.csv,??????????????????????????,??????????????????????,"OCI, Net of Tax",IS_OCI_HDR,Income Statement,OCI,Section Header,,header,N,0,-63513248.49,2026??3??31??,CNY
Baolong,IS,yoy,2026Q1,current,603197_Baolong_2026_Q1_??????.csv,(??)?????????????????????????? ??????????????,????????????????????????????????????????,"OCI Attributable to Owners of the Parent, Net of Tax",IS_OCI_TOTAL_OCI_ATTR_OWNE_PARE,Income Statement,OCI,"OCI Attributable to Owners of the Parent, Net of Tax",,total,Y,1,-59488058.25,2026??3??31??,CNY
Baolong,IS,yoy,2026Q1,current,603197_Baolong_2026_Q1_??????.csv,2.????????????????????????????,????????????????????????????,OCI Reclassified to Profit or Loss,IS_OCI_OCI_RECL_PROF_LOSS,Income Statement,OCI,OCI Reclassified to Profit or Loss,,detail,N,1,-59488058.25,2026??3??31??,CNY
Baolong,IS,yoy,2026Q1,current,603197_Baolong_2026_Q1_??????.csv,(6)????????????????????,????????????????????,Foreign Currency Translation Differences,IS_OCI_FORE_CURR_TRAN_DIFF,Income Statement,OCI Details,Foreign Currency Translation Differences,,detail,N,1,-59488058.25,2026??3??31??,CNY
Baolong,IS,yoy,2026Q1,current,603197_Baolong_2026_Q1_??????.csv,(??)?????????????????????????? ????????????,??????????????????????????????????????,"OCI Attributable to Non-controlling Interests, Net of Tax",IS_OCI_TOTAL_OCI_ATTR_NON_CONT,Income Statement,OCI,"OCI Attributable to Non-controlling Interests, Net of Tax",,total,Y,1,-4025190.24,2026??3??31??,CNY
Baolong,IS,yoy,2026Q1,current,603197_Baolong_2026_Q1_??????.csv,????????????????,????????????,Total Comprehensive Income,IS_CI_HDR,Income Statement,Comprehensive Income,Section Header,,header,N,0,16979314.38,2026??3??31??,CNY
Baolong,IS,yoy,2025Q1,comparison,603197_Baolong_2026_Q1_??????.csv,??????????????,??????????,Total Operating Revenue,IS_TOT_REV,Income Statement,Revenue,Section Header,,header,N,0,1904926928,2025??12??31??,CNY
Baolong,IS,yoy,2025Q1,comparison,603197_Baolong_2026_Q1_??????.csv,????:????????,????????,Revenue,IS_REV,Income Statement,Revenue,Operating Revenue,,detail,N,1,1904926928,2025??12??31??,CNY
Baolong,IS,yoy,2025Q1,comparison,603197_Baolong_2026_Q1_??????.csv,??????????????,??????????,Total Operating Costs,IS_TOT_COST,Income Statement,Costs and Expenses,Section Header,,header,N,0,1780061733,2025??12??31??,CNY
Baolong,IS,yoy,2025Q1,comparison,603197_Baolong_2026_Q1_??????.csv,????:????????,????????,Operating Costs,IS_COGS,Income Statement,Costs and Expenses,Operating Costs,,detail,N,-1,1462100443,2025??12??31??,CNY
Baolong,IS,yoy,2025Q1,comparison,603197_Baolong_2026_Q1_??????.csv,??????????,??????????,Taxes and Surcharges,IS_COST_TAXE_SURC,Income Statement,Costs and Expenses,Taxes and Surcharges,,detail,N,-1,8609836.52,2025??12??31??,CNY
Baolong,IS,yoy,2025Q1,comparison,603197_Baolong_2026_Q1_??????.csv,????????,????????,Selling Expenses,IS_COST_SELL_EXPE,Income Statement,Costs and Expenses,Selling Expenses,,detail,N,-1,54734049.59,2025??12??31??,CNY
Baolong,IS,yoy,2025Q1,comparison,603197_Baolong_2026_Q1_??????.csv,????????,????????,Administrative Expenses,IS_COST_ADMI_EXPE,Income Statement,Costs and Expenses,Administrative Expenses,,detail,N,-1,113077648.3,2025??12??31??,CNY
Baolong,IS,yoy,2025Q1,comparison,603197_Baolong_2026_Q1_??????.csv,????????,????????,Research and Development Expenses,IS_COST_RESE_DEVE_EXPE,Income Statement,Costs and Expenses,Research and Development Expenses,,detail,N,-1,132668882.7,2025??12??31??,CNY
Baolong,IS,yoy,2025Q1,comparison,603197_Baolong_2026_Q1_??????.csv,????????,????????,Finance Costs,IS_COST_FINA_COST,Income Statement,Costs and Expenses,Finance Costs,,detail,N,-1,8870873.37,2025??12??31??,CNY
Baolong,IS,yoy,2025Q1,comparison,603197_Baolong_2026_Q1_??????.csv,????:????????,????????,Interest Expense,IS_COST_INTE_EXPE,Income Statement,Costs and Expenses,Interest Expense,,detail,N,-1,12843095.8,2025??12??31??,CNY
Baolong,IS,yoy,2025Q1,comparison,603197_Baolong_2026_Q1_??????.csv,????????,????????,Interest Income,IS_REV_INTE_INCO,Income Statement,Revenue,Interest Income,,detail,N,1,2429986.15,2025??12??31??,CNY
Baolong,IS,yoy,2025Q1,comparison,603197_Baolong_2026_Q1_??????.csv,??:????????,????????,Other Income,IS_COST_OTHE_INCO,Income Statement,Costs and Expenses,Other Income,,detail,N,1,12853009.83,2025??12??31??,CNY
Baolong,IS,yoy,2025Q1,comparison,603197_Baolong_2026_Q1_??????.csv,????????(????????-????????),????????(????????-????????),Investment Income,IS_COST_INVE_INCO,Income Statement,Costs and Expenses,Investment Income,,detail,N,1,-440136.58,2025??12??31??,CNY
Baolong,IS,yoy,2025Q1,comparison,603197_Baolong_2026_Q1_??????.csv,????:?????????????????????? ????????,??????????????????????????????,Investment Income from Associates and Joint Ventures,IS_COST_INVE_INCO_INVE_INCO_ASSO_JOIN,Income Statement,Costs and Expenses,Investment Income from Associates and Joint Ventures,,detail,N,1,-2040136.58,2025??12??31??,CNY
Baolong,IS,yoy,2025Q1,comparison,603197_Baolong_2026_Q1_??????.csv,????????????????(????????-?? ??????),????????????????(????????-????????),Fair Value Change Gains,IS_COST_FAIR_VALU_CHAN_GAIN,Income Statement,Costs and Expenses,Fair Value Change Gains,,detail,N,1,-479972.24,2025??12??31??,CNY
Baolong,IS,yoy,2025Q1,comparison,603197_Baolong_2026_Q1_??????.csv,????????????(????????-?????? ??),????????????(????????-????????),Credit Impairment Losses,IS_COST_CRED_IMPA_LOSS,Income Statement,Costs and Expenses,Credit Impairment Losses,,detail,N,-1,450934.19,2025??12??31??,CNY
Baolong,IS,yoy,2025Q1,comparison,603197_Baolong_2026_Q1_??????.csv,????????????(????????-?????? ??),????????????(????????-????????),Asset Impairment Losses,IS_COST_ASSE_IMPA_LOSS,Income Statement,Costs and Expenses,Asset Impairment Losses,,detail,N,-1,-3322553.62,2025??12??31??,CNY
Baolong,IS,yoy,2025Q1,comparison,603197_Baolong_2026_Q1_??????.csv,????????????(????????-?????? ??),????????????(????????-????????),Gains on Disposal of Assets,IS_COST_GAIN_DISP_ASSE,Income Statement,Costs and Expenses,Gains on Disposal of Assets,,detail,N,1,444577.28,2025??12??31??,CNY
Baolong,IS,yoy,2025Q1,comparison,603197_Baolong_2026_Q1_??????.csv,????????????(????????-????????),????????(????????-????????),Operating Profit,IS_OP,Income Statement,Operating Profit,Section Header,,header,N,0,134371053.9,2025??12??31??,CNY
Baolong,IS,yoy,2025Q1,comparison,603197_Baolong_2026_Q1_??????.csv,??:??????????,??????????,Non-operating Income,IS_OP_NON_OPER_INCO,Income Statement,Operating Profit,Non-operating Income,,detail,N,1,36092.02,2025??12??31??,CNY
Baolong,IS,yoy,2025Q1,comparison,603197_Baolong_2026_Q1_??????.csv,??:??????????,??????????,Non-operating Expenses,IS_OP_NON_OPER_EXPE,Income Statement,Operating Profit,Non-operating Expenses,,detail,N,-1,517031.04,2025??12??31??,CNY
Baolong,IS,yoy,2025Q1,comparison,603197_Baolong_2026_Q1_??????.csv,????????????(????????????-?????? ??),????????(????????????-????????),Total Profit,IS_PBT,Income Statement,Total Profit,Section Header,,header,N,0,133890114.8,2025??12??31??,CNY
Baolong,IS,yoy,2025Q1,comparison,603197_Baolong_2026_Q1_??????.csv,??:??????????,??????????,Income Tax Expense,IS_TP_INCO_TAX_EXPE,Income Statement,Total Profit,Income Tax Expense,,detail,N,-1,25952137.55,2025??12??31??,CNY
Baolong,IS,yoy,2025Q1,comparison,603197_Baolong_2026_Q1_??????.csv,??????????(??????????-????????),??????(??????????-????????),Net Profit,IS_NP,Income Statement,Net Profit,Section Header,,header,N,0,107937977.3,2025??12??31??,CNY
Baolong,IS,yoy,2025Q1,comparison,603197_Baolong_2026_Q1_??????.csv,1.??????????????(??????????-?? ??????),??????????????(??????????-????????),Net Profit from Continuing Operations,IS_NP_PROF_CONT_OPER,Income Statement,Net Profit,Net Profit from Continuing Operations,,detail,N,1,107937977.3,2025??12??31??,CNY
Baolong,IS,yoy,2025Q1,comparison,603197_Baolong_2026_Q1_??????.csv,1.????????????????????????(?? ????????-????????),????????????????????????(??????????-????????),Net Profit Attributable to Owners of the Parent,IS_NP_PARENT,Income Statement,Net Profit,Net Profit Attributable to Owners of the Parent,,detail,N,1,95204473.17,2025??12??31??,CNY
Baolong,IS,yoy,2025Q1,comparison,603197_Baolong_2026_Q1_??????.csv,2.????????????(??????????-???? ????),????????????(??????????-????????),Profit or Loss Attributable to Non-controlling Interests,IS_NCI_PL,Income Statement,Net Profit,Profit or Loss Attributable to Non-controlling Interests,,detail,N,1,12733504.11,2025??12??31??,CNY
Baolong,IS,yoy,2025Q1,comparison,603197_Baolong_2026_Q1_??????.csv,??????????????????????????,??????????????????????,"OCI, Net of Tax",IS_OCI_HDR,Income Statement,OCI,Section Header,,header,N,0,15954458.47,2025??12??31??,CNY
Baolong,IS,yoy,2025Q1,comparison,603197_Baolong_2026_Q1_??????.csv,(??)?????????????????????????? ??????????????,????????????????????????????????????????,"OCI Attributable to Owners of the Parent, Net of Tax",IS_OCI_TOTAL_OCI_ATTR_OWNE_PARE,Income Statement,OCI,"OCI Attributable to Owners of the Parent, Net of Tax",,total,Y,1,15788047.2,2025??12??31??,CNY
Baolong,IS,yoy,2025Q1,comparison,603197_Baolong_2026_Q1_??????.csv,2.????????????????????????????,????????????????????????????,OCI Reclassified to Profit or Loss,IS_OCI_OCI_RECL_PROF_LOSS,Income Statement,OCI,OCI Reclassified to Profit or Loss,,detail,N,1,15788047.2,2025??12??31??,CNY
Baolong,IS,yoy,2025Q1,comparison,603197_Baolong_2026_Q1_??????.csv,(6)????????????????????,????????????????????,Foreign Currency Translation Differences,IS_OCI_FORE_CURR_TRAN_DIFF,Income Statement,OCI Details,Foreign Currency Translation Differences,,detail,N,1,15788047.2,2025??12??31??,CNY
Baolong,IS,yoy,2025Q1,comparison,603197_Baolong_2026_Q1_??????.csv,(??)?????????????????????????? ????????????,??????????????????????????????????????,"OCI Attributable to Non-controlling Interests, Net of Tax",IS_OCI_TOTAL_OCI_ATTR_NON_CONT,Income Statement,OCI,"OCI Attributable to Non-controlling Interests, Net of Tax",,total,Y,1,166411.27,2025??12??31??,CNY
Baolong,IS,yoy,2025Q1,comparison,603197_Baolong_2026_Q1_??????.csv,????????????????,????????????,Total Comprehensive Income,IS_CI_HDR,Income Statement,Comprehensive Income,Section Header,,header,N,0,123892435.8,2025??12??31??,CNY
BTL,IS,yoy,2026Q1,current,603596_BTL_2026_Q1_??????.csv,??????????????,??????????,Total Operating Revenue,IS_TOT_REV,Income Statement,Revenue,Section Header,Equity,header,N,0,2674392497,2026??3??31??,CNY
BTL,IS,yoy,2026Q1,current,603596_BTL_2026_Q1_??????.csv,????:????????,????????,Revenue,IS_REV,Income Statement,Revenue,Operating Revenue,Equity,detail,N,1,2674392497,2026??3??31??,CNY
BTL,IS,yoy,2026Q1,current,603596_BTL_2026_Q1_??????.csv,??????????????,??????????,Total Operating Costs,IS_TOT_COST,Income Statement,Costs and Expenses,Section Header,Equity,header,N,0,2434180937,2026??3??31??,CNY
BTL,IS,yoy,2026Q1,current,603596_BTL_2026_Q1_??????.csv,????:????????,????????,Operating Costs,IS_COGS,Income Statement,Costs and Expenses,Operating Costs,Equity,detail,N,-1,2154786903,2026??3??31??,CNY
BTL,IS,yoy,2026Q1,current,603596_BTL_2026_Q1_??????.csv,??????????,??????????,Taxes and Surcharges,IS_COST_TAXE_SURC,Income Statement,Costs and Expenses,Taxes and Surcharges,Equity,detail,N,-1,10770901.91,2026??3??31??,CNY
BTL,IS,yoy,2026Q1,current,603596_BTL_2026_Q1_??????.csv,????????,????????,Selling Expenses,IS_COST_SELL_EXPE,Income Statement,Costs and Expenses,Selling Expenses,Equity,detail,N,-1,14913560.73,2026??3??31??,CNY
BTL,IS,yoy,2026Q1,current,603596_BTL_2026_Q1_??????.csv,????????,????????,Administrative Expenses,IS_COST_ADMI_EXPE,Income Statement,Costs and Expenses,Administrative Expenses,Equity,detail,N,-1,73206645.55,2026??3??31??,CNY
BTL,IS,yoy,2026Q1,current,603596_BTL_2026_Q1_??????.csv,????????,????????,Research and Development Expenses,IS_COST_RESE_DEVE_EXPE,Income Statement,Costs and Expenses,Research and Development Expenses,Equity,detail,N,-1,140598253.9,2026??3??31??,CNY
BTL,IS,yoy,2026Q1,current,603596_BTL_2026_Q1_??????.csv,????????,????????,Finance Costs,IS_COST_FINA_COST,Income Statement,Costs and Expenses,Finance Costs,Equity,detail,N,-1,39904671.9,2026??3??31??,CNY
BTL,IS,yoy,2026Q1,current,603596_BTL_2026_Q1_??????.csv,????:????????,????????,Interest Expense,IS_COST_INTE_EXPE,Income Statement,Costs and Expenses,Interest Expense,Equity,detail,N,-1,17972568.42,2026??3??31??,CNY
BTL,IS,yoy,2026Q1,current,603596_BTL_2026_Q1_??????.csv,????????,????????,Interest Income,IS_REV_INTE_INCO,Income Statement,Revenue,Interest Income,Equity,detail,N,1,6262166.24,2026??3??31??,CNY
BTL,IS,yoy,2026Q1,current,603596_BTL_2026_Q1_??????.csv,??:????????,????????,Other Income,IS_COST_OTHE_INCO,Income Statement,Costs and Expenses,Other Income,Equity,detail,N,1,17115553.21,2026??3??31??,CNY
BTL,IS,yoy,2026Q1,current,603596_BTL_2026_Q1_??????.csv,????????(????????-????????),????????(????????-????????),Investment Income,IS_COST_INVE_INCO,Income Statement,Costs and Expenses,Investment Income,Equity,detail,N,1,24386912.95,2026??3??31??,CNY
BTL,IS,yoy,2026Q1,current,603596_BTL_2026_Q1_??????.csv,????????????????(????????-?? ??????),????????????????(????????-????????),Fair Value Change Gains,IS_COST_FAIR_VALU_CHAN_GAIN,Income Statement,Costs and Expenses,Fair Value Change Gains,Equity,detail,N,1,5015242.66,2026??3??31??,CNY
BTL,IS,yoy,2026Q1,current,603596_BTL_2026_Q1_??????.csv,????????????(????????-?????? ??),????????????(????????-????????),Credit Impairment Losses,IS_COST_CRED_IMPA_LOSS,Income Statement,Costs and Expenses,Credit Impairment Losses,Equity,detail,N,-1,18164443,2026??3??31??,CNY
BTL,IS,yoy,2026Q1,current,603596_BTL_2026_Q1_??????.csv,????????????(????????-?????? ??),????????????(????????-????????),Asset Impairment Losses,IS_COST_ASSE_IMPA_LOSS,Income Statement,Costs and Expenses,Asset Impairment Losses,Equity,detail,N,-1,2182366.16,2026??3??31??,CNY
BTL,IS,yoy,2026Q1,current,603596_BTL_2026_Q1_??????.csv,????????????(????????-?????? ??),????????????(????????-????????),Gains on Disposal of Assets,IS_COST_GAIN_DISP_ASSE,Income Statement,Costs and Expenses,Gains on Disposal of Assets,Equity,detail,N,1,15597.66,2026??3??31??,CNY
BTL,IS,yoy,2026Q1,current,603596_BTL_2026_Q1_??????.csv,????????????(????????-????????),????????(????????-????????),Operating Profit,IS_OP,Income Statement,Operating Profit,Section Header,Equity,header,N,0,307091675,2026??3??31??,CNY
BTL,IS,yoy,2026Q1,current,603596_BTL_2026_Q1_??????.csv,??:??????????,??????????,Non-operating Income,IS_OP_NON_OPER_INCO,Income Statement,Operating Profit,Non-operating Income,Equity,detail,N,1,307414.44,2026??3??31??,CNY
BTL,IS,yoy,2026Q1,current,603596_BTL_2026_Q1_??????.csv,??:??????????,??????????,Non-operating Expenses,IS_OP_NON_OPER_EXPE,Income Statement,Operating Profit,Non-operating Expenses,Equity,detail,N,-1,682918.08,2026??3??31??,CNY
BTL,IS,yoy,2026Q1,current,603596_BTL_2026_Q1_??????.csv,????????????(????????????-????????),????????(????????????-????????),Total Profit,IS_PBT,Income Statement,Total Profit,Section Header,Equity,header,N,0,306716171.4,2026??3??31??,CNY
BTL,IS,yoy,2026Q1,current,603596_BTL_2026_Q1_??????.csv,??:??????????,??????????,Income Tax Expense,IS_TP_INCO_TAX_EXPE,Income Statement,Total Profit,Income Tax Expense,Equity,detail,N,-1,37352312.02,2026??3??31??,CNY
BTL,IS,yoy,2026Q1,current,603596_BTL_2026_Q1_??????.csv,??????????(??????????-????????),??????(??????????-????????),Net Profit,IS_NP,Income Statement,Net Profit,Section Header,Equity,header,N,0,269363859.3,2026??3??31??,CNY
BTL,IS,yoy,2026Q1,current,603596_BTL_2026_Q1_??????.csv,1.??????????????(??????????-???? ????),??????????????(??????????-????????),Net Profit from Continuing Operations,IS_NP_PROF_CONT_OPER,Income Statement,Net Profit,Net Profit from Continuing Operations,Equity,detail,N,1,269363859.3,2026??3??31??,CNY
BTL,IS,yoy,2026Q1,current,603596_BTL_2026_Q1_??????.csv,1.????????????????????????(?? ????????-????????),????????????????????????(??????????-????????),Net Profit Attributable to Owners of the Parent,IS_NP_PARENT,Income Statement,Net Profit,Net Profit Attributable to Owners of the Parent,Equity,detail,N,1,268641615.8,2026??3??31??,CNY
BTL,IS,yoy,2026Q1,current,603596_BTL_2026_Q1_??????.csv,2.????????????(??????????-?????? ??),????????????(??????????-????????),Profit or Loss Attributable to Non-controlling Interests,IS_NCI_PL,Income Statement,Net Profit,Profit or Loss Attributable to Non-controlling Interests,Equity,detail,N,1,722243.55,2026??3??31??,CNY
BTL,IS,yoy,2026Q1,current,603596_BTL_2026_Q1_??????.csv,??????????????????????????,??????????????????????,"OCI, Net of Tax",IS_OCI_HDR,Income Statement,OCI,Section Header,Equity,header,N,0,-18009406.76,2026??3??31??,CNY
BTL,IS,yoy,2026Q1,current,603596_BTL_2026_Q1_??????.csv,(??)?????????????????????????? ??????????????,????????????????????????????????????????,"OCI Attributable to Owners of the Parent, Net of Tax",IS_OCI_TOTAL_OCI_ATTR_OWNE_PARE,Income Statement,OCI,"OCI Attributable to Owners of the Parent, Net of Tax",Equity,total,Y,1,-18009406.76,2026??3??31??,CNY
BTL,IS,yoy,2026Q1,current,603596_BTL_2026_Q1_??????.csv,2.????????????????????????????,????????????????????????????,OCI Reclassified to Profit or Loss,IS_OCI_OCI_RECL_PROF_LOSS,Income Statement,OCI,OCI Reclassified to Profit or Loss,Equity,detail,N,1,-18009406.76,2026??3??31??,CNY
BTL,IS,yoy,2026Q1,current,603596_BTL_2026_Q1_??????.csv,(6)????????????????????,????????????????????,Foreign Currency Translation Differences,IS_OCI_FORE_CURR_TRAN_DIFF,Income Statement,OCI Details,Foreign Currency Translation Differences,Equity,detail,N,1,-18009406.76,2026??3??31??,CNY
BTL,IS,yoy,2026Q1,current,603596_BTL_2026_Q1_??????.csv,????????????????,????????????,Total Comprehensive Income,IS_CI_HDR,Income Statement,Comprehensive Income,Section Header,Equity,header,N,0,251354452.6,2026??3??31??,CNY
BTL,IS,yoy,2026Q1,current,603596_BTL_2026_Q1_??????.csv,(??)?????????????????????????? ??????,????????????????????????????????,Total Comprehensive Income Attributable to Owners of the Parent,IS_CI_COMP_INCO_ATTR_OWNE,Income Statement,Comprehensive Income,Total Comprehensive Income Attributable to Owners of the Parent,Equity,detail,N,1,250632209,2026??3??31??,CNY
BTL,IS,yoy,2026Q1,current,603596_BTL_2026_Q1_??????.csv,(??)?????????????????????????? ??,????????????????????????????,Total Comprehensive Income Attributable to Non-controlling Interests,IS_CI_COMP_INCO_ATTR_NON,Income Statement,Comprehensive Income,Total Comprehensive Income Attributable to Non-controlling Interests,Equity,detail,N,1,722243.55,2026??3??31??,CNY
BTL,IS,yoy,2026Q1,current,603596_BTL_2026_Q1_??????.csv,(??)????????????(??/??),????????????(??/??),Basic EPS ,IS_EPS_BASIC,Income Statement,EPS,Basic EPS (RMB/share),Equity,detail,N,1,0.44,2026??3??31??,CNY
BTL,IS,yoy,2026Q1,current,603596_BTL_2026_Q1_??????.csv,(??)????????????(??/??),????????????(??/??),Diluted EPS,IS_EPS_DILUTED,Income Statement,EPS,Diluted EPS (RMB/share),Equity,detail,N,1,0.44,2026??3??31??,CNY
BTL,IS,yoy,2025Q1,comparison,603596_BTL_2026_Q1_??????.csv,??????????????,??????????,Total Operating Revenue,IS_TOT_REV,Income Statement,Revenue,Section Header,Equity,header,N,0,2637957472,2025??12??31??,CNY
BTL,IS,yoy,2025Q1,comparison,603596_BTL_2026_Q1_??????.csv,????:????????,????????,Revenue,IS_REV,Income Statement,Revenue,Operating Revenue,Equity,detail,N,1,2637957472,2025??12??31??,CNY
BTL,IS,yoy,2025Q1,comparison,603596_BTL_2026_Q1_??????.csv,??????????????,??????????,Total Operating Costs,IS_TOT_COST,Income Statement,Costs and Expenses,Section Header,Equity,header,N,0,2369495117,2025??12??31??,CNY
BTL,IS,yoy,2025Q1,comparison,603596_BTL_2026_Q1_??????.csv,????:????????,????????,Operating Costs,IS_COGS,Income Statement,Costs and Expenses,Operating Costs,Equity,detail,N,-1,2163937654,2025??12??31??,CNY
BTL,IS,yoy,2025Q1,comparison,603596_BTL_2026_Q1_??????.csv,??????????,??????????,Taxes and Surcharges,IS_COST_TAXE_SURC,Income Statement,Costs and Expenses,Taxes and Surcharges,Equity,detail,N,-1,10582850.45,2025??12??31??,CNY
BTL,IS,yoy,2025Q1,comparison,603596_BTL_2026_Q1_??????.csv,????????,????????,Selling Expenses,IS_COST_SELL_EXPE,Income Statement,Costs and Expenses,Selling Expenses,Equity,detail,N,-1,10854449.05,2025??12??31??,CNY
BTL,IS,yoy,2025Q1,comparison,603596_BTL_2026_Q1_??????.csv,????????,????????,Administrative Expenses,IS_COST_ADMI_EXPE,Income Statement,Costs and Expenses,Administrative Expenses,Equity,detail,N,-1,67316607.61,2025??12??31??,CNY
BTL,IS,yoy,2025Q1,comparison,603596_BTL_2026_Q1_??????.csv,????????,????????,Research and Development Expenses,IS_COST_RESE_DEVE_EXPE,Income Statement,Costs and Expenses,Research and Development Expenses,Equity,detail,N,-1,128576221.1,2025??12??31??,CNY
BTL,IS,yoy,2025Q1,comparison,603596_BTL_2026_Q1_??????.csv,????????,????????,Finance Costs,IS_COST_FINA_COST,Income Statement,Costs and Expenses,Finance Costs,Equity,detail,N,-1,-11772665.17,2025??12??31??,CNY
BTL,IS,yoy,2025Q1,comparison,603596_BTL_2026_Q1_??????.csv,????:????????,????????,Interest Expense,IS_COST_INTE_EXPE,Income Statement,Costs and Expenses,Interest Expense,Equity,detail,N,-1,1044214.2,2025??12??31??,CNY
BTL,IS,yoy,2025Q1,comparison,603596_BTL_2026_Q1_??????.csv,????????,????????,Interest Income,IS_REV_INTE_INCO,Income Statement,Revenue,Interest Income,Equity,detail,N,1,15836676.51,2025??12??31??,CNY
BTL,IS,yoy,2025Q1,comparison,603596_BTL_2026_Q1_??????.csv,??:????????,????????,Other Income,IS_COST_OTHE_INCO,Income Statement,Costs and Expenses,Other Income,Equity,detail,N,1,28394828.49,2025??12??31??,CNY
BTL,IS,yoy,2025Q1,comparison,603596_BTL_2026_Q1_??????.csv,????????(????????-????????),????????(????????-????????),Investment Income,IS_COST_INVE_INCO,Income Statement,Costs and Expenses,Investment Income,Equity,detail,N,1,-5896090.07,2025??12??31??,CNY
BTL,IS,yoy,2025Q1,comparison,603596_BTL_2026_Q1_??????.csv,????????????????(????????-?? ??????),????????????????(????????-????????),Fair Value Change Gains,IS_COST_FAIR_VALU_CHAN_GAIN,Income Statement,Costs and Expenses,Fair Value Change Gains,Equity,detail,N,1,-501528.15,2025??12??31??,CNY
BTL,IS,yoy,2025Q1,comparison,603596_BTL_2026_Q1_??????.csv,????????????(????????-?????? ??),????????????(????????-????????),Credit Impairment Losses,IS_COST_CRED_IMPA_LOSS,Income Statement,Costs and Expenses,Credit Impairment Losses,Equity,detail,N,-1,21435865.11,2025??12??31??,CNY
BTL,IS,yoy,2025Q1,comparison,603596_BTL_2026_Q1_??????.csv,????????????(????????-?????? ??),????????????(????????-????????),Asset Impairment Losses,IS_COST_ASSE_IMPA_LOSS,Income Statement,Costs and Expenses,Asset Impairment Losses,Equity,detail,N,-1,-4907857.15,2025??12??31??,CNY
BTL,IS,yoy,2025Q1,comparison,603596_BTL_2026_Q1_??????.csv,????????????(????????-?????? ??),????????????(????????-????????),Gains on Disposal of Assets,IS_COST_GAIN_DISP_ASSE,Income Statement,Costs and Expenses,Gains on Disposal of Assets,Equity,detail,N,1,-677808.45,2025??12??31??,CNY
BTL,IS,yoy,2025Q1,comparison,603596_BTL_2026_Q1_??????.csv,????????????(????????-????????),????????(????????-????????),Operating Profit,IS_OP,Income Statement,Operating Profit,Section Header,Equity,header,N,0,306309765.1,2025??12??31??,CNY
BTL,IS,yoy,2025Q1,comparison,603596_BTL_2026_Q1_??????.csv,??:??????????,??????????,Non-operating Income,IS_OP_NON_OPER_INCO,Income Statement,Operating Profit,Non-operating Income,Equity,detail,N,1,548947.06,2025??12??31??,CNY
BTL,IS,yoy,2025Q1,comparison,603596_BTL_2026_Q1_??????.csv,??:??????????,??????????,Non-operating Expenses,IS_OP_NON_OPER_EXPE,Income Statement,Operating Profit,Non-operating Expenses,Equity,detail,N,-1,177746.97,2025??12??31??,CNY
BTL,IS,yoy,2025Q1,comparison,603596_BTL_2026_Q1_??????.csv,????????????(????????????-????????),????????(????????????-????????),Total Profit,IS_PBT,Income Statement,Total Profit,Section Header,Equity,header,N,0,306680965.2,2025??12??31??,CNY
BTL,IS,yoy,2025Q1,comparison,603596_BTL_2026_Q1_??????.csv,??:??????????,??????????,Income Tax Expense,IS_TP_INCO_TAX_EXPE,Income Statement,Total Profit,Income Tax Expense,Equity,detail,N,-1,38287545.94,2025??12??31??,CNY
BTL,IS,yoy,2025Q1,comparison,603596_BTL_2026_Q1_??????.csv,??????????(??????????-????????),??????(??????????-????????),Net Profit,IS_NP,Income Statement,Net Profit,Section Header,Equity,header,N,0,268393419.3,2025??12??31??,CNY
BTL,IS,yoy,2025Q1,comparison,603596_BTL_2026_Q1_??????.csv,1.??????????????(??????????-???? ????),??????????????(??????????-????????),Net Profit from Continuing Operations,IS_NP_PROF_CONT_OPER,Income Statement,Net Profit,Net Profit from Continuing Operations,Equity,detail,N,1,268393419.3,2025??12??31??,CNY
BTL,IS,yoy,2025Q1,comparison,603596_BTL_2026_Q1_??????.csv,1.????????????????????????(?? ????????-????????),????????????????????????(??????????-????????),Net Profit Attributable to Owners of the Parent,IS_NP_PARENT,Income Statement,Net Profit,Net Profit Attributable to Owners of the Parent,Equity,detail,N,1,270361200.6,2025??12??31??,CNY
BTL,IS,yoy,2025Q1,comparison,603596_BTL_2026_Q1_??????.csv,2.????????????(??????????-?????? ??),????????????(??????????-????????),Profit or Loss Attributable to Non-controlling Interests,IS_NCI_PL,Income Statement,Net Profit,Profit or Loss Attributable to Non-controlling Interests,Equity,detail,N,1,-1967781.34,2025??12??31??,CNY
BTL,IS,yoy,2025Q1,comparison,603596_BTL_2026_Q1_??????.csv,??????????????????????????,??????????????????????,"OCI, Net of Tax",IS_OCI_HDR,Income Statement,OCI,Section Header,Equity,header,N,0,7315460.48,2025??12??31??,CNY
BTL,IS,yoy,2025Q1,comparison,603596_BTL_2026_Q1_??????.csv,(??)?????????????????????????? ??????????????,????????????????????????????????????????,"OCI Attributable to Owners of the Parent, Net of Tax",IS_OCI_TOTAL_OCI_ATTR_OWNE_PARE,Income Statement,OCI,"OCI Attributable to Owners of the Parent, Net of Tax",Equity,total,Y,1,7315460.48,2025??12??31??,CNY
BTL,IS,yoy,2025Q1,comparison,603596_BTL_2026_Q1_??????.csv,2.????????????????????????????,????????????????????????????,OCI Reclassified to Profit or Loss,IS_OCI_OCI_RECL_PROF_LOSS,Income Statement,OCI,OCI Reclassified to Profit or Loss,Equity,detail,N,1,7315460.48,2025??12??31??,CNY
BTL,IS,yoy,2025Q1,comparison,603596_BTL_2026_Q1_??????.csv,(6)????????????????????,????????????????????,Foreign Currency Translation Differences,IS_OCI_FORE_CURR_TRAN_DIFF,Income Statement,OCI Details,Foreign Currency Translation Differences,Equity,detail,N,1,7315460.48,2025??12??31??,CNY
BTL,IS,yoy,2025Q1,comparison,603596_BTL_2026_Q1_??????.csv,????????????????,????????????,Total Comprehensive Income,IS_CI_HDR,Income Statement,Comprehensive Income,Section Header,Equity,header,N,0,275708879.7,2025??12??31??,CNY
BTL,IS,yoy,2025Q1,comparison,603596_BTL_2026_Q1_??????.csv,(??)?????????????????????????? ??????,????????????????????????????????,Total Comprehensive Income Attributable to Owners of the Parent,IS_CI_COMP_INCO_ATTR_OWNE,Income Statement,Comprehensive Income,Total Comprehensive Income Attributable to Owners of the Parent,Equity,detail,N,1,277676661.1,2025??12??31??,CNY
BTL,IS,yoy,2025Q1,comparison,603596_BTL_2026_Q1_??????.csv,(??)?????????????????????????? ??,????????????????????????????,Total Comprehensive Income Attributable to Non-controlling Interests,IS_CI_COMP_INCO_ATTR_NON,Income Statement,Comprehensive Income,Total Comprehensive Income Attributable to Non-controlling Interests,Equity,detail,N,1,-1967781.34,2025??12??31??,CNY
BTL,IS,yoy,2025Q1,comparison,603596_BTL_2026_Q1_??????.csv,(??)????????????(??/??),????????????(??/??),Basic EPS ,IS_EPS_BASIC,Income Statement,EPS,Basic EPS (RMB/share),Equity,detail,N,1,0.45,2025??12??31??,CNY
BTL,IS,yoy,2025Q1,comparison,603596_BTL_2026_Q1_??????.csv,(??)????????????(??/??),????????????(??/??),Diluted EPS,IS_EPS_DILUTED,Income Statement,EPS,Diluted EPS (RMB/share),Equity,detail,N,1,0.45,2025??12??31??,CNY
Luxshare,CF,yoy,2026Q1,current,002475_Luxshare_2026_Q1_??????????.csv,????????????????????????????,????????????????????????????,Cash Received from Sale of Goods and Services,CF_OPA_IN_CASH_RECE_SALE_GOOD,Cash Flow,Operating Activities - Cash Inflows,Cash Received from Sale of Goods and Services,,detail,N,1,86656702917,????????,CNY
Luxshare,CF,yoy,2026Q1,current,002475_Luxshare_2026_Q1_??????????.csv,??????????????,??????????????,Tax Refunds Received,CF_OPA_IN_TAX_REFU_RECE,Cash Flow,Operating Activities - Cash Inflows,Tax Refunds Received,,detail,N,1,2003743121,????????,CNY
Luxshare,CF,yoy,2026Q1,current,002475_Luxshare_2026_Q1_??????????.csv,????????????????????????????,????????????????????????????,Other Cash Received from Operating Activities,CF_OPA_IN_OTHE_CASH_RECE_OPER,Cash Flow,Operating Activities - Cash Inflows,Other Cash Received from Operating Activities,,detail,N,1,1829119243,????????,CNY
Luxshare,CF,yoy,2026Q1,current,002475_Luxshare_2026_Q1_??????????.csv,????????????????????,????????????????????,Operating Cash Inflows Subtotal,CF_OPA_TOTAL_OPER_CASH_INFL_SUBT,Cash Flow,Operating Activities,Cash Inflows Subtotal,,total,Y,1,90489565281,????????,CNY
Luxshare,CF,yoy,2026Q1,current,002475_Luxshare_2026_Q1_??????????.csv,????????????????????????????,????????????????????????????,Cash Paid for Purchase of Goods and Services,CF_OPA_OUT_CASH_PAID_PURC_GOOD,Cash Flow,Operating Activities - Cash Outflows,Cash Paid for Purchase of Goods and Services,,detail,N,-1,84079271487,????????,CNY
Luxshare,CF,yoy,2026Q1,current,002475_Luxshare_2026_Q1_??????????.csv,??????????????????????????????,??????????????????????????????,,,,,,,,,,10910599783,????????,CNY
Luxshare,CF,yoy,2026Q1,current,002475_Luxshare_2026_Q1_??????????.csv,??????????????,??????????????,Taxes Paid,CF_OPA_OUT_TAXE_PAID,Cash Flow,Operating Activities - Cash Outflows,Taxes Paid,,detail,N,-1,1446933618,????????,CNY
Luxshare,CF,yoy,2026Q1,current,002475_Luxshare_2026_Q1_??????????.csv,????????????????????????????,????????????????????????????,Other Cash Paid for Operating Activities,CF_OPA_OUT_OTHE_CASH_PAID_OPER,Cash Flow,Operating Activities - Cash Outflows,Other Cash Paid for Operating Activities,,detail,N,-1,1121059569,????????,CNY
Luxshare,CF,yoy,2026Q1,current,002475_Luxshare_2026_Q1_??????????.csv,????????????????????,????????????????????,Operating Cash Outflows Subtotal,CF_OPA_TOTAL_OPER_CASH_OUTF_SUBT,Cash Flow,Operating Activities,Cash Outflows Subtotal,,total,Y,1,97557864456,????????,CNY
Luxshare,CF,yoy,2026Q1,current,002475_Luxshare_2026_Q1_??????????.csv,??????????????????????????,??????????????????????????,Net Cash from Operating Activities,CF_OP_NET,Cash Flow,Operating Activities,Net Cash from Operating Activities,,total,Y,1,-7068299175,????????,CNY
Luxshare,CF,yoy,2026Q1,current,002475_Luxshare_2026_Q1_??????????.csv,??????????????????,??????????????????,Cash Received from Investment Recovery,CF_INA_IN_CASH_RECE_INVE_RECO,Cash Flow,Investing Activities - Cash Inflows,Cash Received from Investment Recovery,,detail,N,1,17523130771,????????,CNY
Luxshare,CF,yoy,2026Q1,current,002475_Luxshare_2026_Q1_??????????.csv,??????????????????????,??????????????????????,Cash Received from Investment Income,CF_INA_IN_CASH_RECE_INVE_INCO,Cash Flow,Investing Activities - Cash Inflows,Cash Received from Investment Income,,detail,N,1,890759992.3,????????,CNY
Luxshare,CF,yoy,2026Q1,current,002475_Luxshare_2026_Q1_??????????.csv,????????????????????????????????????????????????????????????????????????????????????????,????????????????????????????????????????????????????????????????????????????????????????,,,,,,,,,,67990908.84,????????,CNY
Luxshare,CF,yoy,2026Q1,current,002475_Luxshare_2026_Q1_??????????.csv,????????????????????????????,????????????????????????????,Other Cash Received from Investing Activities,CF_INA_IN_OTHE_CASH_RECE_INVE,Cash Flow,Investing Activities - Cash Inflows,Other Cash Received from Investing Activities,,detail,N,1,28800000,????????,CNY
Luxshare,CF,yoy,2026Q1,current,002475_Luxshare_2026_Q1_??????????.csv,????????????????????,????????????????????,Investing Cash Inflows Subtotal,CF_INA_TOTAL_INVE_CASH_INFL_SUBT,Cash Flow,Investing Activities,Cash Inflows Subtotal,,total,Y,1,18510681672,????????,CNY
Luxshare,CF,yoy,2026Q1,current,002475_Luxshare_2026_Q1_??????????.csv,??????????????????????????????????????????????,??????????????????????????????????????????????,Cash Paid for Acquisition and Construction of Long-term Assets,CF_INA_OUT_CASH_PAID_ACQU_CONS,Cash Flow,Investing Activities - Cash Outflows,Cash Paid for Acquisition and Construction of Long-term Assets,,detail,N,-1,5538975195,????????,CNY
Luxshare,CF,yoy,2026Q1,current,002475_Luxshare_2026_Q1_??????????.csv,??????????????????????????????,??????????????????????????????,,,,,,,,,,27687141866,????????,CNY
Luxshare,CF,yoy,2026Q1,current,002475_Luxshare_2026_Q1_??????????.csv,??????????????????????????????????????,??????????????????????????????????????,Net Cash Paid for Acquisition of Subsidiaries and Other Business Units,CF_INA_OUT_TOTAL_CASH_PAID_ACQU_SUBS,Cash Flow,Investing Activities - Cash Outflows,Net Cash Paid for Acquisition of Subsidiaries and Other Business Units,,total,Y,-1,652255018.4,????????,CNY
Luxshare,CF,yoy,2026Q1,current,002475_Luxshare_2026_Q1_??????????.csv,????????????????????????????,????????????????????????????,Other Cash Paid for Investing Activities,CF_INA_OUT_OTHE_CASH_PAID_INVE,Cash Flow,Investing Activities - Cash Outflows,Other Cash Paid for Investing Activities,,detail,N,-1,200000000,????????,CNY
Luxshare,CF,yoy,2026Q1,current,002475_Luxshare_2026_Q1_??????????.csv,????????????????????,????????????????????,Investing Cash Outflows Subtotal,CF_INA_TOTAL_INVE_CASH_OUTF_SUBT,Cash Flow,Investing Activities,Cash Outflows Subtotal,,total,Y,1,33426117062,????????,CNY
Luxshare,CF,yoy,2026Q1,current,002475_Luxshare_2026_Q1_??????????.csv,??????????????????????????,??????????????????????????,Net Cash from Investing Activities,CF_INV_NET,Cash Flow,Investing Activities,Net Cash from Investing Activities,,total,Y,1,-14915435390,????????,CNY
Luxshare,CF,yoy,2026Q1,current,002475_Luxshare_2026_Q1_??????????.csv,??????????????????,??????????????????,Cash Received from Capital Contributions,CF_FIA_IN_CASH_RECE_CAPI_CONT,Cash Flow,Financing Activities - Cash Inflows,Cash Received from Capital Contributions,,detail,N,1,1673127252,????????,CNY
Luxshare,CF,yoy,2026Q1,current,002475_Luxshare_2026_Q1_??????????.csv,????:????????????????????????????????,????????????????????????????????,Cash Received by Subsidiaries from Non-controlling Shareholders,CF_FIA_IN_CASH_RECE_CAPI_CONT_CASH_RECE_SUBS_NON,Cash Flow,Financing Activities - Cash Inflows,Cash Received by Subsidiaries from Non-controlling Shareholders,,detail,N,1,1622058168,????????,CNY
Luxshare,CF,yoy,2026Q1,current,002475_Luxshare_2026_Q1_??????????.csv,??????????????????,??????????????????,Cash Received from Borrowings,CF_FIA_IN_CASH_RECE_BORR,Cash Flow,Financing Activities - Cash Inflows,Cash Received from Borrowings,,detail,N,1,56552786122,????????,CNY
Luxshare,CF,yoy,2026Q1,current,002475_Luxshare_2026_Q1_??????????.csv,????????????????????????????,????????????????????????????,Other Cash Received from Financing Activities,CF_FIA_IN_OTHE_CASH_RECE_FINA,Cash Flow,Financing Activities - Cash Inflows,Other Cash Received from Financing Activities,,detail,N,1,3000000000,????????,CNY
Luxshare,CF,yoy,2026Q1,current,002475_Luxshare_2026_Q1_??????????.csv,????????????????????,????????????????????,Financing Cash Inflows Subtotal,CF_FIA_TOTAL_FINA_CASH_INFL_SUBT,Cash Flow,Financing Activities,Cash Inflows Subtotal,,total,Y,1,61225913373,????????,CNY
Luxshare,CF,yoy,2026Q1,current,002475_Luxshare_2026_Q1_??????????.csv,??????????????????,??????????????????,Cash Paid for Debt Repayment,CF_FIA_OUT_CASH_PAID_DEBT_REPA,Cash Flow,Financing Activities - Cash Outflows,Cash Paid for Debt Repayment,,detail,N,-1,27262694095,????????,CNY
Luxshare,CF,yoy,2026Q1,current,002475_Luxshare_2026_Q1_??????????.csv,??????????????????????????????????,??????????????????????????????????,"Cash Paid for Dividends, Profit Distribution or Interest",CF_FIA_OUT_CASH_PAID_DIVI_PROF,Cash Flow,Financing Activities - Cash Outflows,"Cash Paid for Dividends, Profit Distribution or Interest",,detail,N,-1,1674952341,????????,CNY
Luxshare,CF,yoy,2026Q1,current,002475_Luxshare_2026_Q1_??????????.csv,????:????????????????????????????????,????????????????????????????????,Dividends and Profits Paid by Subsidiaries to Non-controlling Shareholders,CF_FIA_OUT_CASH_PAID_DIVI_PROF_DIVI_PROF_PAID_SUBS,Cash Flow,Financing Activities - Cash Outflows,Dividends and Profits Paid by Subsidiaries to Non-controlling Shareholders,,detail,N,-1,44100000,????????,CNY
Luxshare,CF,yoy,2026Q1,current,002475_Luxshare_2026_Q1_??????????.csv,????????????????????????????,????????????????????????????,Other Cash Paid for Financing Activities,CF_FIA_OUT_OTHE_CASH_PAID_FINA,Cash Flow,Financing Activities - Cash Outflows,Other Cash Paid for Financing Activities,,detail,N,-1,1680359058,????????,CNY
Luxshare,CF,yoy,2026Q1,current,002475_Luxshare_2026_Q1_??????????.csv,????????????????????,????????????????????,Financing Cash Outflows Subtotal,CF_FIA_TOTAL_FINA_CASH_OUTF_SUBT,Cash Flow,Financing Activities,Cash Outflows Subtotal,,total,Y,1,30618005493,????????,CNY
Luxshare,CF,yoy,2026Q1,current,002475_Luxshare_2026_Q1_??????????.csv,??????????????????????????,??????????????????????????,Net Cash from Financing Activities,CF_FIN_NET,Cash Flow,Financing Activities,Net Cash from Financing Activities,,total,Y,1,30607907880,????????,CNY
Luxshare,CF,yoy,2026Q1,current,002475_Luxshare_2026_Q1_??????????.csv,????????????????????????????????????,????????????????????????????????,FX Impact on Cash and Cash Equivalents,CF_FX_HDR,Cash Flow,FX,Section Header,,header,N,0,-644649157.6,????????,CNY
Luxshare,CF,yoy,2026Q1,current,002475_Luxshare_2026_Q1_??????????.csv,????????????????????????????,????????????????????????,Net Increase in Cash and Cash Equivalents,CF_NET_CASH_CHANGE,Cash Flow,Net Cash Change,Section Header,,header,N,0,7979524158,????????,CNY
Luxshare,CF,yoy,2026Q1,current,002475_Luxshare_2026_Q1_??????????.csv,??:????????????????????????,????????????????????????,Opening Cash and Cash Equivalents,CF_OPENING_CASH_BAL,Cash Flow,Cash Balance,Opening Cash and Cash Equivalents,,detail,N,1,59340612951,????????,CNY
Luxshare,CF,yoy,2026Q1,current,002475_Luxshare_2026_Q1_??????????.csv,????????????????????????????,????????????????????????,Ending Cash and Cash Equivalents,CF_ENDING_CASH_BAL,Cash Flow,Cash Balance,Section Header,,header,N,0,67320137109,????????,CNY
Luxshare,CF,yoy,2025Q1,comparison,002475_Luxshare_2026_Q1_??????????.csv,????????????????????????????,????????????????????????????,Cash Received from Sale of Goods and Services,CF_OPA_IN_CASH_RECE_SALE_GOOD,Cash Flow,Operating Activities - Cash Inflows,Cash Received from Sale of Goods and Services,,detail,N,1,63111290859,????????,CNY
Luxshare,CF,yoy,2025Q1,comparison,002475_Luxshare_2026_Q1_??????????.csv,??????????????,??????????????,Tax Refunds Received,CF_OPA_IN_TAX_REFU_RECE,Cash Flow,Operating Activities - Cash Inflows,Tax Refunds Received,,detail,N,1,3132835985,????????,CNY
Luxshare,CF,yoy,2025Q1,comparison,002475_Luxshare_2026_Q1_??????????.csv,????????????????????????????,????????????????????????????,Other Cash Received from Operating Activities,CF_OPA_IN_OTHE_CASH_RECE_OPER,Cash Flow,Operating Activities - Cash Inflows,Other Cash Received from Operating Activities,,detail,N,1,602519323.2,????????,CNY
Luxshare,CF,yoy,2025Q1,comparison,002475_Luxshare_2026_Q1_??????????.csv,????????????????????,????????????????????,Operating Cash Inflows Subtotal,CF_OPA_TOTAL_OPER_CASH_INFL_SUBT,Cash Flow,Operating Activities,Cash Inflows Subtotal,,total,Y,1,66846646168,????????,CNY
Luxshare,CF,yoy,2025Q1,comparison,002475_Luxshare_2026_Q1_??????????.csv,????????????????????????????,????????????????????????????,Cash Paid for Purchase of Goods and Services,CF_OPA_OUT_CASH_PAID_PURC_GOOD,Cash Flow,Operating Activities - Cash Outflows,Cash Paid for Purchase of Goods and Services,,detail,N,-1,64906453664,????????,CNY
Luxshare,CF,yoy,2025Q1,comparison,002475_Luxshare_2026_Q1_??????????.csv,??????????????????????????????,??????????????????????????????,,,,,,,,,,7129169195,????????,CNY
Luxshare,CF,yoy,2025Q1,comparison,002475_Luxshare_2026_Q1_??????????.csv,??????????????,??????????????,Taxes Paid,CF_OPA_OUT_TAXE_PAID,Cash Flow,Operating Activities - Cash Outflows,Taxes Paid,,detail,N,-1,924626868.4,????????,CNY
Luxshare,CF,yoy,2025Q1,comparison,002475_Luxshare_2026_Q1_??????????.csv,????????????????????????????,????????????????????????????,Other Cash Paid for Operating Activities,CF_OPA_OUT_OTHE_CASH_PAID_OPER,Cash Flow,Operating Activities - Cash Outflows,Other Cash Paid for Operating Activities,,detail,N,-1,578051861.2,????????,CNY
Luxshare,CF,yoy,2025Q1,comparison,002475_Luxshare_2026_Q1_??????????.csv,????????????????????,????????????????????,Operating Cash Outflows Subtotal,CF_OPA_TOTAL_OPER_CASH_OUTF_SUBT,Cash Flow,Operating Activities,Cash Outflows Subtotal,,total,Y,1,73538301588,????????,CNY
Luxshare,CF,yoy,2025Q1,comparison,002475_Luxshare_2026_Q1_??????????.csv,??????????????????????????,??????????????????????????,Net Cash from Operating Activities,CF_OP_NET,Cash Flow,Operating Activities,Net Cash from Operating Activities,,total,Y,1,-6691655420,????????,CNY
Luxshare,CF,yoy,2025Q1,comparison,002475_Luxshare_2026_Q1_??????????.csv,??????????????????,??????????????????,Cash Received from Investment Recovery,CF_INA_IN_CASH_RECE_INVE_RECO,Cash Flow,Investing Activities - Cash Inflows,Cash Received from Investment Recovery,,detail,N,1,14656278447,????????,CNY
Luxshare,CF,yoy,2025Q1,comparison,002475_Luxshare_2026_Q1_??????????.csv,??????????????????????,??????????????????????,Cash Received from Investment Income,CF_INA_IN_CASH_RECE_INVE_INCO,Cash Flow,Investing Activities - Cash Inflows,Cash Received from Investment Income,,detail,N,1,796606675.9,????????,CNY
Luxshare,CF,yoy,2025Q1,comparison,002475_Luxshare_2026_Q1_??????????.csv,????????????????????????????????????????????????????????????????????????????????????????,????????????????????????????????????????????????????????????????????????????????????????,,,,,,,,,,25404667.4,????????,CNY
Luxshare,CF,yoy,2025Q1,comparison,002475_Luxshare_2026_Q1_??????????.csv,????????????????????????????,????????????????????????????,Other Cash Received from Investing Activities,CF_INA_IN_OTHE_CASH_RECE_INVE,Cash Flow,Investing Activities - Cash Inflows,Other Cash Received from Investing Activities,,detail,N,1,93449200,????????,CNY
Luxshare,CF,yoy,2025Q1,comparison,002475_Luxshare_2026_Q1_??????????.csv,????????????????????,????????????????????,Investing Cash Inflows Subtotal,CF_INA_TOTAL_INVE_CASH_INFL_SUBT,Cash Flow,Investing Activities,Cash Inflows Subtotal,,total,Y,1,15571738990,????????,CNY
Luxshare,CF,yoy,2025Q1,comparison,002475_Luxshare_2026_Q1_??????????.csv,??????????????????????????????????????????????,??????????????????????????????????????????????,Cash Paid for Acquisition and Construction of Long-term Assets,CF_INA_OUT_CASH_PAID_ACQU_CONS,Cash Flow,Investing Activities - Cash Outflows,Cash Paid for Acquisition and Construction of Long-term Assets,,detail,N,-1,5114663581,????????,CNY
Luxshare,CF,yoy,2025Q1,comparison,002475_Luxshare_2026_Q1_??????????.csv,??????????????????????????????,??????????????????????????????,,,,,,,,,,20074970651,????????,CNY
Luxshare,CF,yoy,2025Q1,comparison,002475_Luxshare_2026_Q1_??????????.csv,????????????????????????????,????????????????????????????,Other Cash Paid for Investing Activities,CF_INA_OUT_OTHE_CASH_PAID_INVE,Cash Flow,Investing Activities - Cash Outflows,Other Cash Paid for Investing Activities,,detail,N,-1,2420754591,????????,CNY
Luxshare,CF,yoy,2025Q1,comparison,002475_Luxshare_2026_Q1_??????????.csv,????????????????????,????????????????????,Investing Cash Outflows Subtotal,CF_INA_TOTAL_INVE_CASH_OUTF_SUBT,Cash Flow,Investing Activities,Cash Outflows Subtotal,,total,Y,1,28262643841,????????,CNY
Luxshare,CF,yoy,2025Q1,comparison,002475_Luxshare_2026_Q1_??????????.csv,??????????????????????????,??????????????????????????,Net Cash from Investing Activities,CF_INV_NET,Cash Flow,Investing Activities,Net Cash from Investing Activities,,total,Y,1,-12690904851,????????,CNY
Luxshare,CF,yoy,2025Q1,comparison,002475_Luxshare_2026_Q1_??????????.csv,??????????????????,??????????????????,Cash Received from Capital Contributions,CF_FIA_IN_CASH_RECE_CAPI_CONT,Cash Flow,Financing Activities - Cash Inflows,Cash Received from Capital Contributions,,detail,N,1,252746081.6,????????,CNY
Luxshare,CF,yoy,2025Q1,comparison,002475_Luxshare_2026_Q1_??????????.csv,????:????????????????????????????????,????????????????????????????????,Cash Received by Subsidiaries from Non-controlling Shareholders,CF_FIA_IN_CASH_RECE_CAPI_CONT_CASH_RECE_SUBS_NON,Cash Flow,Financing Activities - Cash Inflows,Cash Received by Subsidiaries from Non-controlling Shareholders,,detail,N,1,133041159.8,????????,CNY
Luxshare,CF,yoy,2025Q1,comparison,002475_Luxshare_2026_Q1_??????????.csv,??????????????????,??????????????????,Cash Received from Borrowings,CF_FIA_IN_CASH_RECE_BORR,Cash Flow,Financing Activities - Cash Inflows,Cash Received from Borrowings,,detail,N,1,39517432499,????????,CNY
Luxshare,CF,yoy,2025Q1,comparison,002475_Luxshare_2026_Q1_??????????.csv,????????????????????????????,????????????????????????????,Other Cash Received from Financing Activities,CF_FIA_IN_OTHE_CASH_RECE_FINA,Cash Flow,Financing Activities - Cash Inflows,Other Cash Received from Financing Activities,,detail,N,1,3013243997,????????,CNY
Luxshare,CF,yoy,2025Q1,comparison,002475_Luxshare_2026_Q1_??????????.csv,????????????????????,????????????????????,Financing Cash Inflows Subtotal,CF_FIA_TOTAL_FINA_CASH_INFL_SUBT,Cash Flow,Financing Activities,Cash Inflows Subtotal,,total,Y,1,42783422577,????????,CNY
Luxshare,CF,yoy,2025Q1,comparison,002475_Luxshare_2026_Q1_??????????.csv,??????????????????,??????????????????,Cash Paid for Debt Repayment,CF_FIA_OUT_CASH_PAID_DEBT_REPA,Cash Flow,Financing Activities - Cash Outflows,Cash Paid for Debt Repayment,,detail,N,-1,18357478747,????????,CNY
Luxshare,CF,yoy,2025Q1,comparison,002475_Luxshare_2026_Q1_??????????.csv,??????????????????????????????????,??????????????????????????????????,"Cash Paid for Dividends, Profit Distribution or Interest",CF_FIA_OUT_CASH_PAID_DIVI_PROF,Cash Flow,Financing Activities - Cash Outflows,"Cash Paid for Dividends, Profit Distribution or Interest",,detail,N,-1,343186457.9,????????,CNY
Luxshare,CF,yoy,2025Q1,comparison,002475_Luxshare_2026_Q1_??????????.csv,????????????????????????????,????????????????????????????,Other Cash Paid for Financing Activities,CF_FIA_OUT_OTHE_CASH_PAID_FINA,Cash Flow,Financing Activities - Cash Outflows,Other Cash Paid for Financing Activities,,detail,N,-1,1907764044,????????,CNY
Luxshare,CF,yoy,2025Q1,comparison,002475_Luxshare_2026_Q1_??????????.csv,????????????????????,????????????????????,Financing Cash Outflows Subtotal,CF_FIA_TOTAL_FINA_CASH_OUTF_SUBT,Cash Flow,Financing Activities,Cash Outflows Subtotal,,total,Y,1,20608429249,????????,CNY
Luxshare,CF,yoy,2025Q1,comparison,002475_Luxshare_2026_Q1_??????????.csv,??????????????????????????,??????????????????????????,Net Cash from Financing Activities,CF_FIN_NET,Cash Flow,Financing Activities,Net Cash from Financing Activities,,total,Y,1,22174993328,????????,CNY
Luxshare,CF,yoy,2025Q1,comparison,002475_Luxshare_2026_Q1_??????????.csv,????????????????????????????????????,????????????????????????????????,FX Impact on Cash and Cash Equivalents,CF_FX_HDR,Cash Flow,FX,Section Header,,header,N,0,184871777.3,????????,CNY
Luxshare,CF,yoy,2025Q1,comparison,002475_Luxshare_2026_Q1_??????????.csv,????????????????????????????,????????????????????????,Net Increase in Cash and Cash Equivalents,CF_NET_CASH_CHANGE,Cash Flow,Net Cash Change,Section Header,,header,N,0,2977304833,????????,CNY
Luxshare,CF,yoy,2025Q1,comparison,002475_Luxshare_2026_Q1_??????????.csv,??:????????????????????????,????????????????????????,Opening Cash and Cash Equivalents,CF_OPENING_CASH_BAL,Cash Flow,Cash Balance,Opening Cash and Cash Equivalents,,detail,N,1,47267103006,????????,CNY
Luxshare,CF,yoy,2025Q1,comparison,002475_Luxshare_2026_Q1_??????????.csv,????????????????????????????,????????????????????????,Ending Cash and Cash Equivalents,CF_ENDING_CASH_BAL,Cash Flow,Cash Balance,Section Header,,header,N,0,50244407840,????????,CNY
HASCO,CF,yoy,2026Q1,current,600741_HASCO_2026_Q1_??????????.csv,????????????????????????????,????????????????????????????,Cash Received from Sale of Goods and Services,CF_OPA_IN_CASH_RECE_SALE_GOOD,Cash Flow,Operating Activities - Cash Inflows,Cash Received from Sale of Goods and Services,,detail,N,1,36344738099,2026??3??31??,CNY
HASCO,CF,yoy,2026Q1,current,600741_HASCO_2026_Q1_??????????.csv,??????????????,??????????????,Tax Refunds Received,CF_OPA_IN_TAX_REFU_RECE,Cash Flow,Operating Activities - Cash Inflows,Tax Refunds Received,,detail,N,1,123332274.2,2026??3??31??,CNY
HASCO,CF,yoy,2026Q1,current,600741_HASCO_2026_Q1_??????????.csv,????????????????????????????,????????????????????????????,Other Cash Received from Operating Activities,CF_OPA_IN_OTHE_CASH_RECE_OPER,Cash Flow,Operating Activities - Cash Inflows,Other Cash Received from Operating Activities,,detail,N,1,727838777.8,2026??3??31??,CNY
HASCO,CF,yoy,2026Q1,current,600741_HASCO_2026_Q1_??????????.csv,????????????????????,????????????????????,Operating Cash Inflows Subtotal,CF_OPA_TOTAL_OPER_CASH_INFL_SUBT,Cash Flow,Operating Activities,Cash Inflows Subtotal,,total,Y,1,37195909151,2026??3??31??,CNY
HASCO,CF,yoy,2026Q1,current,600741_HASCO_2026_Q1_??????????.csv,????????????????????????????,????????????????????????????,Cash Paid for Purchase of Goods and Services,CF_OPA_OUT_CASH_PAID_PURC_GOOD,Cash Flow,Operating Activities - Cash Outflows,Cash Paid for Purchase of Goods and Services,,detail,N,-1,22339471295,2026??3??31??,CNY
HASCO,CF,yoy,2026Q1,current,600741_HASCO_2026_Q1_??????????.csv,????????????????????????????,????????????????????????????,Cash Paid to and for Employees,CF_OPA_OUT_CASH_PAID_EMPL,Cash Flow,Operating Activities - Cash Outflows,Cash Paid to and for Employees,,detail,N,-1,6184657047,2026??3??31??,CNY
HASCO,CF,yoy,2026Q1,current,600741_HASCO_2026_Q1_??????????.csv,??????????????,??????????????,Taxes Paid,CF_OPA_OUT_TAXE_PAID,Cash Flow,Operating Activities - Cash Outflows,Taxes Paid,,detail,N,-1,1372441344,2026??3??31??,CNY
HASCO,CF,yoy,2026Q1,current,600741_HASCO_2026_Q1_??????????.csv,????????????????????????????,????????????????????????????,Other Cash Paid for Operating Activities,CF_OPA_OUT_OTHE_CASH_PAID_OPER,Cash Flow,Operating Activities - Cash Outflows,Other Cash Paid for Operating Activities,,detail,N,-1,2101783952,2026??3??31??,CNY
HASCO,CF,yoy,2026Q1,current,600741_HASCO_2026_Q1_??????????.csv,????????????????????,????????????????????,Operating Cash Outflows Subtotal,CF_OPA_TOTAL_OPER_CASH_OUTF_SUBT,Cash Flow,Operating Activities,Cash Outflows Subtotal,,total,Y,1,31998353638,2026??3??31??,CNY
HASCO,CF,yoy,2026Q1,current,600741_HASCO_2026_Q1_??????????.csv,??????????????????????????,??????????????????????????,Net Cash from Operating Activities,CF_OP_NET,Cash Flow,Operating Activities,Net Cash from Operating Activities,,total,Y,1,5197555513,2026??3??31??,CNY
HASCO,CF,yoy,2026Q1,current,600741_HASCO_2026_Q1_??????????.csv,??????????????????,??????????????????,Cash Received from Investment Recovery,CF_INA_IN_CASH_RECE_INVE_RECO,Cash Flow,Investing Activities - Cash Inflows,Cash Received from Investment Recovery,,detail,N,1,201031553,2026??3??31??,CNY
HASCO,CF,yoy,2026Q1,current,600741_HASCO_2026_Q1_??????????.csv,??????????????????????,??????????????????????,Cash Received from Investment Income,CF_INA_IN_CASH_RECE_INVE_INCO,Cash Flow,Investing Activities - Cash Inflows,Cash Received from Investment Income,,detail,N,1,117980496.3,2026??3??31??,CNY
HASCO,CF,yoy,2026Q1,current,600741_HASCO_2026_Q1_??????????.csv,?????????????????????????????????????? ????????????,??????????????????????????????????????????????????,Net Cash Received from Disposal of Long-term Assets,CF_INA_IN_TOTAL_CASH_RECE_DISP_LONG,Cash Flow,Investing Activities - Cash Inflows,Net Cash Received from Disposal of Long-term Assets,,total,Y,1,30576854.46,2026??3??31??,CNY
HASCO,CF,yoy,2026Q1,current,600741_HASCO_2026_Q1_??????????.csv,????????????????????,????????????????????,Investing Cash Inflows Subtotal,CF_INA_TOTAL_INVE_CASH_INFL_SUBT,Cash Flow,Investing Activities,Cash Inflows Subtotal,,total,Y,1,349588903.7,2026??3??31??,CNY
HASCO,CF,yoy,2026Q1,current,600741_HASCO_2026_Q1_??????????.csv,?????????????????????????????????????? ????????,??????????????????????????????????????????????,Cash Paid for Acquisition and Construction of Long-term Assets,CF_INA_OUT_CASH_PAID_ACQU_CONS,Cash Flow,Investing Activities - Cash Outflows,Cash Paid for Acquisition and Construction of Long-term Assets,,detail,N,-1,1269303232,2026??3??31??,CNY
HASCO,CF,yoy,2026Q1,current,600741_HASCO_2026_Q1_??????????.csv,??????????????,??????????????,Cash Paid for Investments,CF_INA_OUT_CASH_PAID_INVE,Cash Flow,Investing Activities - Cash Outflows,Cash Paid for Investments,,detail,N,-1,2600000000,2026??3??31??,CNY
HASCO,CF,yoy,2026Q1,current,600741_HASCO_2026_Q1_??????????.csv,????????????????????,????????????????????,Investing Cash Outflows Subtotal,CF_INA_TOTAL_INVE_CASH_OUTF_SUBT,Cash Flow,Investing Activities,Cash Outflows Subtotal,,total,Y,1,3869303232,2026??3??31??,CNY
HASCO,CF,yoy,2026Q1,current,600741_HASCO_2026_Q1_??????????.csv,??????????????????????????,??????????????????????????,Net Cash from Investing Activities,CF_INV_NET,Cash Flow,Investing Activities,Net Cash from Investing Activities,,total,Y,1,-3519714328,2026??3??31??,CNY
HASCO,CF,yoy,2026Q1,current,600741_HASCO_2026_Q1_??????????.csv,??????????????????,??????????????????,Cash Received from Capital Contributions,CF_FIA_IN_CASH_RECE_CAPI_CONT,Cash Flow,Financing Activities - Cash Inflows,Cash Received from Capital Contributions,,detail,N,1,548900000,2026??3??31??,CNY
HASCO,CF,yoy,2026Q1,current,600741_HASCO_2026_Q1_??????????.csv,????:????????????????????????????????,????????????????????????????????,Cash Received by Subsidiaries from Non-controlling Shareholders,CF_FIA_IN_CASH_RECE_CAPI_CONT_CASH_RECE_SUBS_NON,Cash Flow,Financing Activities - Cash Inflows,Cash Received by Subsidiaries from Non-controlling Shareholders,,detail,N,1,548900000,2026??3??31??,CNY
HASCO,CF,yoy,2026Q1,current,600741_HASCO_2026_Q1_??????????.csv,??????????????????,??????????????????,Cash Received from Borrowings,CF_FIA_IN_CASH_RECE_BORR,Cash Flow,Financing Activities - Cash Inflows,Cash Received from Borrowings,,detail,N,1,2212603246,2026??3??31??,CNY
HASCO,CF,yoy,2026Q1,current,600741_HASCO_2026_Q1_??????????.csv,????????????????????,????????????????????,Financing Cash Inflows Subtotal,CF_FIA_TOTAL_FINA_CASH_INFL_SUBT,Cash Flow,Financing Activities,Cash Inflows Subtotal,,total,Y,1,2761503246,2026??3??31??,CNY
HASCO,CF,yoy,2026Q1,current,600741_HASCO_2026_Q1_??????????.csv,??????????????????,??????????????????,Cash Paid for Debt Repayment,CF_FIA_OUT_CASH_PAID_DEBT_REPA,Cash Flow,Financing Activities - Cash Outflows,Cash Paid for Debt Repayment,,detail,N,-1,2990922575,2026??3??31??,CNY
HASCO,CF,yoy,2026Q1,current,600741_HASCO_2026_Q1_??????????.csv,??????????????????????????????????,??????????????????????????????????,"Cash Paid for Dividends, Profit Distribution or Interest",CF_FIA_OUT_CASH_PAID_DIVI_PROF,Cash Flow,Financing Activities - Cash Outflows,"Cash Paid for Dividends, Profit Distribution or Interest",,detail,N,-1,341433883.6,2026??3??31??,CNY
HASCO,CF,yoy,2026Q1,current,600741_HASCO_2026_Q1_??????????.csv,????:????????????????????????????????,????????????????????????????????,Dividends and Profits Paid by Subsidiaries to Non-controlling Shareholders,CF_FIA_OUT_CASH_PAID_DIVI_PROF_DIVI_PROF_PAID_SUBS,Cash Flow,Financing Activities - Cash Outflows,Dividends and Profits Paid by Subsidiaries to Non-controlling Shareholders,,detail,N,-1,195678739.3,2026??3??31??,CNY
HASCO,CF,yoy,2026Q1,current,600741_HASCO_2026_Q1_??????????.csv,????????????????????????????,????????????????????????????,Other Cash Paid for Financing Activities,CF_FIA_OUT_OTHE_CASH_PAID_FINA,Cash Flow,Financing Activities - Cash Outflows,Other Cash Paid for Financing Activities,,detail,N,-1,346747201.1,2026??3??31??,CNY
HASCO,CF,yoy,2026Q1,current,600741_HASCO_2026_Q1_??????????.csv,????????????????????,????????????????????,Financing Cash Outflows Subtotal,CF_FIA_TOTAL_FINA_CASH_OUTF_SUBT,Cash Flow,Financing Activities,Cash Outflows Subtotal,,total,Y,1,3679103660,2026??3??31??,CNY
HASCO,CF,yoy,2026Q1,current,600741_HASCO_2026_Q1_??????????.csv,??????????????????????????,??????????????????????????,Net Cash from Financing Activities,CF_FIN_NET,Cash Flow,Financing Activities,Net Cash from Financing Activities,,total,Y,1,-917600413.5,2026??3??31??,CNY
HASCO,CF,yoy,2026Q1,current,600741_HASCO_2026_Q1_??????????.csv,????????????????????????????????????,????????????????????????????????,FX Impact on Cash and Cash Equivalents,CF_FX_HDR,Cash Flow,FX,Section Header,,header,N,0,-43631682.58,2026??3??31??,CNY
HASCO,CF,yoy,2026Q1,current,600741_HASCO_2026_Q1_??????????.csv,????????????????????????????,????????????????????????,Net Increase in Cash and Cash Equivalents,CF_NET_CASH_CHANGE,Cash Flow,Net Cash Change,Section Header,,header,N,0,716609089,2026??3??31??,CNY
HASCO,CF,yoy,2026Q1,current,600741_HASCO_2026_Q1_??????????.csv,??:????????????????????????,????????????????????????,Opening Cash and Cash Equivalents,CF_OPENING_CASH_BAL,Cash Flow,Cash Balance,Opening Cash and Cash Equivalents,,detail,N,1,36535074549,2026??3??31??,CNY
HASCO,CF,yoy,2026Q1,current,600741_HASCO_2026_Q1_??????????.csv,????????????????????????????,????????????????????????,Ending Cash and Cash Equivalents,CF_ENDING_CASH_BAL,Cash Flow,Cash Balance,Section Header,,header,N,0,37251683638,2026??3??31??,CNY
HASCO,CF,yoy,2025Q1,comparison,600741_HASCO_2026_Q1_??????????.csv,????????????????????????????,????????????????????????????,Cash Received from Sale of Goods and Services,CF_OPA_IN_CASH_RECE_SALE_GOOD,Cash Flow,Operating Activities - Cash Inflows,Cash Received from Sale of Goods and Services,,detail,N,1,33277938720,2025??12??31??,CNY
HASCO,CF,yoy,2025Q1,comparison,600741_HASCO_2026_Q1_??????????.csv,??????????????,??????????????,Tax Refunds Received,CF_OPA_IN_TAX_REFU_RECE,Cash Flow,Operating Activities - Cash Inflows,Tax Refunds Received,,detail,N,1,97515018.24,2025??12??31??,CNY
HASCO,CF,yoy,2025Q1,comparison,600741_HASCO_2026_Q1_??????????.csv,????????????????????????????,????????????????????????????,Other Cash Received from Operating Activities,CF_OPA_IN_OTHE_CASH_RECE_OPER,Cash Flow,Operating Activities - Cash Inflows,Other Cash Received from Operating Activities,,detail,N,1,284638706.2,2025??12??31??,CNY
HASCO,CF,yoy,2025Q1,comparison,600741_HASCO_2026_Q1_??????????.csv,????????????????????,????????????????????,Operating Cash Inflows Subtotal,CF_OPA_TOTAL_OPER_CASH_INFL_SUBT,Cash Flow,Operating Activities,Cash Inflows Subtotal,,total,Y,1,33660092444,2025??12??31??,CNY
HASCO,CF,yoy,2025Q1,comparison,600741_HASCO_2026_Q1_??????????.csv,????????????????????????????,????????????????????????????,Cash Paid for Purchase of Goods and Services,CF_OPA_OUT_CASH_PAID_PURC_GOOD,Cash Flow,Operating Activities - Cash Outflows,Cash Paid for Purchase of Goods and Services,,detail,N,-1,22502079038,2025??12??31??,CNY
HASCO,CF,yoy,2025Q1,comparison,600741_HASCO_2026_Q1_??????????.csv,????????????????????????????,????????????????????????????,Cash Paid to and for Employees,CF_OPA_OUT_CASH_PAID_EMPL,Cash Flow,Operating Activities - Cash Outflows,Cash Paid to and for Employees,,detail,N,-1,5802551046,2025??12??31??,CNY
HASCO,CF,yoy,2025Q1,comparison,600741_HASCO_2026_Q1_??????????.csv,??????????????,??????????????,Taxes Paid,CF_OPA_OUT_TAXE_PAID,Cash Flow,Operating Activities - Cash Outflows,Taxes Paid,,detail,N,-1,1259964595,2025??12??31??,CNY
HASCO,CF,yoy,2025Q1,comparison,600741_HASCO_2026_Q1_??????????.csv,????????????????????????????,????????????????????????????,Other Cash Paid for Operating Activities,CF_OPA_OUT_OTHE_CASH_PAID_OPER,Cash Flow,Operating Activities - Cash Outflows,Other Cash Paid for Operating Activities,,detail,N,-1,2033032152,2025??12??31??,CNY
HASCO,CF,yoy,2025Q1,comparison,600741_HASCO_2026_Q1_??????????.csv,????????????????????,????????????????????,Operating Cash Outflows Subtotal,CF_OPA_TOTAL_OPER_CASH_OUTF_SUBT,Cash Flow,Operating Activities,Cash Outflows Subtotal,,total,Y,1,31597626830,2025??12??31??,CNY
HASCO,CF,yoy,2025Q1,comparison,600741_HASCO_2026_Q1_??????????.csv,??????????????????????????,??????????????????????????,Net Cash from Operating Activities,CF_OP_NET,Cash Flow,Operating Activities,Net Cash from Operating Activities,,total,Y,1,2062465614,2025??12??31??,CNY
HASCO,CF,yoy,2025Q1,comparison,600741_HASCO_2026_Q1_??????????.csv,??????????????????,??????????????????,Cash Received from Investment Recovery,CF_INA_IN_CASH_RECE_INVE_RECO,Cash Flow,Investing Activities - Cash Inflows,Cash Received from Investment Recovery,,detail,N,1,127172750,2025??12??31??,CNY
HASCO,CF,yoy,2025Q1,comparison,600741_HASCO_2026_Q1_??????????.csv,??????????????????????,??????????????????????,Cash Received from Investment Income,CF_INA_IN_CASH_RECE_INVE_INCO,Cash Flow,Investing Activities - Cash Inflows,Cash Received from Investment Income,,detail,N,1,147853576.1,2025??12??31??,CNY
HASCO,CF,yoy,2025Q1,comparison,600741_HASCO_2026_Q1_??????????.csv,?????????????????????????????????????? ????????????,??????????????????????????????????????????????????,Net Cash Received from Disposal of Long-term Assets,CF_INA_IN_TOTAL_CASH_RECE_DISP_LONG,Cash Flow,Investing Activities - Cash Inflows,Net Cash Received from Disposal of Long-term Assets,,total,Y,1,848891.22,2025??12??31??,CNY
HASCO,CF,yoy,2025Q1,comparison,600741_HASCO_2026_Q1_??????????.csv,??????????????????????????????????????,??????????????????????????????????????,Net Cash Received from Disposal of Subsidiaries and Other Business Units,CF_INA_IN_TOTAL_CASH_RECE_DISP_SUBS,Cash Flow,Investing Activities - Cash Inflows,Net Cash Received from Disposal of Subsidiaries and Other Business Units,,total,Y,1,14000000,2025??12??31??,CNY
HASCO,CF,yoy,2025Q1,comparison,600741_HASCO_2026_Q1_??????????.csv,????????????????????,????????????????????,Investing Cash Inflows Subtotal,CF_INA_TOTAL_INVE_CASH_INFL_SUBT,Cash Flow,Investing Activities,Cash Inflows Subtotal,,total,Y,1,289875217.3,2025??12??31??,CNY
HASCO,CF,yoy,2025Q1,comparison,600741_HASCO_2026_Q1_??????????.csv,?????????????????????????????????????? ????????,??????????????????????????????????????????????,Cash Paid for Acquisition and Construction of Long-term Assets,CF_INA_OUT_CASH_PAID_ACQU_CONS,Cash Flow,Investing Activities - Cash Outflows,Cash Paid for Acquisition and Construction of Long-term Assets,,detail,N,-1,800795366.9,2025??12??31??,CNY
HASCO,CF,yoy,2025Q1,comparison,600741_HASCO_2026_Q1_??????????.csv,??????????????,??????????????,Cash Paid for Investments,CF_INA_OUT_CASH_PAID_INVE,Cash Flow,Investing Activities - Cash Outflows,Cash Paid for Investments,,detail,N,-1,20000000,2025??12??31??,CNY
HASCO,CF,yoy,2025Q1,comparison,600741_HASCO_2026_Q1_??????????.csv,????????????????????,????????????????????,Investing Cash Outflows Subtotal,CF_INA_TOTAL_INVE_CASH_OUTF_SUBT,Cash Flow,Investing Activities,Cash Outflows Subtotal,,total,Y,1,820795366.9,2025??12??31??,CNY
HASCO,CF,yoy,2025Q1,comparison,600741_HASCO_2026_Q1_??????????.csv,??????????????????????????,??????????????????????????,Net Cash from Investing Activities,CF_INV_NET,Cash Flow,Investing Activities,Net Cash from Investing Activities,,total,Y,1,-530920149.6,2025??12??31??,CNY
HASCO,CF,yoy,2025Q1,comparison,600741_HASCO_2026_Q1_??????????.csv,??????????????????,??????????????????,Cash Received from Borrowings,CF_FIA_IN_CASH_RECE_BORR,Cash Flow,Financing Activities - Cash Inflows,Cash Received from Borrowings,,detail,N,1,2106605007,2025??12??31??,CNY
HASCO,CF,yoy,2025Q1,comparison,600741_HASCO_2026_Q1_??????????.csv,????????????????????,????????????????????,Financing Cash Inflows Subtotal,CF_FIA_TOTAL_FINA_CASH_INFL_SUBT,Cash Flow,Financing Activities,Cash Inflows Subtotal,,total,Y,1,2106605007,2025??12??31??,CNY
HASCO,CF,yoy,2025Q1,comparison,600741_HASCO_2026_Q1_??????????.csv,??????????????????,??????????????????,Cash Paid for Debt Repayment,CF_FIA_OUT_CASH_PAID_DEBT_REPA,Cash Flow,Financing Activities - Cash Outflows,Cash Paid for Debt Repayment,,detail,N,-1,1919380278,2025??12??31??,CNY
HASCO,CF,yoy,2025Q1,comparison,600741_HASCO_2026_Q1_??????????.csv,??????????????????????????????????,??????????????????????????????????,"Cash Paid for Dividends, Profit Distribution or Interest",CF_FIA_OUT_CASH_PAID_DIVI_PROF,Cash Flow,Financing Activities - Cash Outflows,"Cash Paid for Dividends, Profit Distribution or Interest",,detail,N,-1,572548051.6,2025??12??31??,CNY
HASCO,CF,yoy,2025Q1,comparison,600741_HASCO_2026_Q1_??????????.csv,????:????????????????????????????????,????????????????????????????????,Dividends and Profits Paid by Subsidiaries to Non-controlling Shareholders,CF_FIA_OUT_CASH_PAID_DIVI_PROF_DIVI_PROF_PAID_SUBS,Cash Flow,Financing Activities - Cash Outflows,Dividends and Profits Paid by Subsidiaries to Non-controlling Shareholders,,detail,N,-1,414516262.1,2025??12??31??,CNY
HASCO,CF,yoy,2025Q1,comparison,600741_HASCO_2026_Q1_??????????.csv,????????????????????????????,????????????????????????????,Other Cash Paid for Financing Activities,CF_FIA_OUT_OTHE_CASH_PAID_FINA,Cash Flow,Financing Activities - Cash Outflows,Other Cash Paid for Financing Activities,,detail,N,-1,278617945.3,2025??12??31??,CNY
HASCO,CF,yoy,2025Q1,comparison,600741_HASCO_2026_Q1_??????????.csv,????????????????????,????????????????????,Financing Cash Outflows Subtotal,CF_FIA_TOTAL_FINA_CASH_OUTF_SUBT,Cash Flow,Financing Activities,Cash Outflows Subtotal,,total,Y,1,2770546275,2025??12??31??,CNY
HASCO,CF,yoy,2025Q1,comparison,600741_HASCO_2026_Q1_??????????.csv,??????????????????????????,??????????????????????????,Net Cash from Financing Activities,CF_FIN_NET,Cash Flow,Financing Activities,Net Cash from Financing Activities,,total,Y,1,-663941267.9,2025??12??31??,CNY
HASCO,CF,yoy,2025Q1,comparison,600741_HASCO_2026_Q1_??????????.csv,????????????????????????????????????,????????????????????????????????,FX Impact on Cash and Cash Equivalents,CF_FX_HDR,Cash Flow,FX,Section Header,,header,N,0,15801015.11,2025??12??31??,CNY
HASCO,CF,yoy,2025Q1,comparison,600741_HASCO_2026_Q1_??????????.csv,????????????????????????????,????????????????????????,Net Increase in Cash and Cash Equivalents,CF_NET_CASH_CHANGE,Cash Flow,Net Cash Change,Section Header,,header,N,0,883405211.4,2025??12??31??,CNY
HASCO,CF,yoy,2025Q1,comparison,600741_HASCO_2026_Q1_??????????.csv,??:????????????????????????,????????????????????????,Opening Cash and Cash Equivalents,CF_OPENING_CASH_BAL,Cash Flow,Cash Balance,Opening Cash and Cash Equivalents,,detail,N,1,34485958519,2025??12??31??,CNY
HASCO,CF,yoy,2025Q1,comparison,600741_HASCO_2026_Q1_??????????.csv,????????????????????????????,????????????????????????,Ending Cash and Cash Equivalents,CF_ENDING_CASH_BAL,Cash Flow,Cash Balance,Section Header,,header,N,0,35369363731,2025??12??31??,CNY
Tuopu,CF,yoy,2026Q1,current,601689_Tuopu_2026_Q1_??????????.csv,????????????????????????????,????????????????????????????,Cash Received from Sale of Goods and Services,CF_OPA_IN_CASH_RECE_SALE_GOOD,Cash Flow,Operating Activities - Cash Inflows,Cash Received from Sale of Goods and Services,,detail,N,1,6638498414,2026??????????,CNY
Tuopu,CF,yoy,2026Q1,current,601689_Tuopu_2026_Q1_??????????.csv,??????????????,??????????????,Tax Refunds Received,CF_OPA_IN_TAX_REFU_RECE,Cash Flow,Operating Activities - Cash Inflows,Tax Refunds Received,,detail,N,1,150416115.5,2026??????????,CNY
Tuopu,CF,yoy,2026Q1,current,601689_Tuopu_2026_Q1_??????????.csv,????????????????????????????,????????????????????????????,Other Cash Received from Operating Activities,CF_OPA_IN_OTHE_CASH_RECE_OPER,Cash Flow,Operating Activities - Cash Inflows,Other Cash Received from Operating Activities,,detail,N,1,128729201.7,2026??????????,CNY
Tuopu,CF,yoy,2026Q1,current,601689_Tuopu_2026_Q1_??????????.csv,????????????????????,????????????????????,Operating Cash Inflows Subtotal,CF_OPA_TOTAL_OPER_CASH_INFL_SUBT,Cash Flow,Operating Activities,Cash Inflows Subtotal,,total,Y,1,6917643731,2026??????????,CNY
Tuopu,CF,yoy,2026Q1,current,601689_Tuopu_2026_Q1_??????????.csv,????????????????????????????,????????????????????????????,Cash Paid for Purchase of Goods and Services,CF_OPA_OUT_CASH_PAID_PURC_GOOD,Cash Flow,Operating Activities - Cash Outflows,Cash Paid for Purchase of Goods and Services,,detail,N,-1,4728895188,2026??????????,CNY
Tuopu,CF,yoy,2026Q1,current,601689_Tuopu_2026_Q1_??????????.csv,????????????????????????????,????????????????????????????,Cash Paid to and for Employees,CF_OPA_OUT_CASH_PAID_EMPL,Cash Flow,Operating Activities - Cash Outflows,Cash Paid to and for Employees,,detail,N,-1,967745193.3,2026??????????,CNY
Tuopu,CF,yoy,2026Q1,current,601689_Tuopu_2026_Q1_??????????.csv,??????????????,??????????????,Taxes Paid,CF_OPA_OUT_TAXE_PAID,Cash Flow,Operating Activities - Cash Outflows,Taxes Paid,,detail,N,-1,459379661.6,2026??????????,CNY
Tuopu,CF,yoy,2026Q1,current,601689_Tuopu_2026_Q1_??????????.csv,????????????????????????????,????????????????????????????,Other Cash Paid for Operating Activities,CF_OPA_OUT_OTHE_CASH_PAID_OPER,Cash Flow,Operating Activities - Cash Outflows,Other Cash Paid for Operating Activities,,detail,N,-1,214408858.8,2026??????????,CNY
Tuopu,CF,yoy,2026Q1,current,601689_Tuopu_2026_Q1_??????????.csv,????????????????????,????????????????????,Operating Cash Outflows Subtotal,CF_OPA_TOTAL_OPER_CASH_OUTF_SUBT,Cash Flow,Operating Activities,Cash Outflows Subtotal,,total,Y,1,6370428902,2026??????????,CNY
Tuopu,CF,yoy,2026Q1,current,601689_Tuopu_2026_Q1_??????????.csv,??????????????????????????,??????????????????????????,Net Cash from Operating Activities,CF_OP_NET,Cash Flow,Operating Activities,Net Cash from Operating Activities,,total,Y,1,547214829.7,2026??????????,CNY
Tuopu,CF,yoy,2026Q1,current,601689_Tuopu_2026_Q1_??????????.csv,?????????????????????????????? ????????????????????,??????????????????????????????????????????????????,Net Cash Received from Disposal of Long-term Assets,CF_INA_IN_TOTAL_CASH_RECE_DISP_LONG,Cash Flow,Investing Activities - Cash Inflows,Net Cash Received from Disposal of Long-term Assets,,total,Y,1,890134.32,2026??????????,CNY
Tuopu,CF,yoy,2026Q1,current,601689_Tuopu_2026_Q1_??????????.csv,????????????????????,????????????????????,Investing Cash Inflows Subtotal,CF_INA_TOTAL_INVE_CASH_INFL_SUBT,Cash Flow,Investing Activities,Cash Inflows Subtotal,,total,Y,1,890134.32,2026??????????,CNY
Tuopu,CF,yoy,2026Q1,current,601689_Tuopu_2026_Q1_??????????.csv,?????????????????????????????? ????????????????,??????????????????????????????????????????????,Cash Paid for Acquisition and Construction of Long-term Assets,CF_INA_OUT_CASH_PAID_ACQU_CONS,Cash Flow,Investing Activities - Cash Outflows,Cash Paid for Acquisition and Construction of Long-term Assets,,detail,N,-1,517028141.3,2026??????????,CNY
Tuopu,CF,yoy,2026Q1,current,601689_Tuopu_2026_Q1_??????????.csv,??????????????,??????????????,Cash Paid for Investments,CF_INA_OUT_CASH_PAID_INVE,Cash Flow,Investing Activities - Cash Outflows,Cash Paid for Investments,,detail,N,-1,351000000,2026??????????,CNY
Tuopu,CF,yoy,2026Q1,current,601689_Tuopu_2026_Q1_??????????.csv,????????????????????,????????????????????,Investing Cash Outflows Subtotal,CF_INA_TOTAL_INVE_CASH_OUTF_SUBT,Cash Flow,Investing Activities,Cash Outflows Subtotal,,total,Y,1,868028141.3,2026??????????,CNY
Tuopu,CF,yoy,2026Q1,current,601689_Tuopu_2026_Q1_??????????.csv,??????????????????????????,??????????????????????????,Net Cash from Investing Activities,CF_INV_NET,Cash Flow,Investing Activities,Net Cash from Investing Activities,,total,Y,1,-867138006.9,2026??????????,CNY
Tuopu,CF,yoy,2026Q1,current,601689_Tuopu_2026_Q1_??????????.csv,??????????????????,??????????????????,Cash Received from Borrowings,CF_FIA_IN_CASH_RECE_BORR,Cash Flow,Financing Activities - Cash Inflows,Cash Received from Borrowings,,detail,N,1,400000000,2026??????????,CNY
Tuopu,CF,yoy,2026Q1,current,601689_Tuopu_2026_Q1_??????????.csv,????????????????????,????????????????????,Financing Cash Inflows Subtotal,CF_FIA_TOTAL_FINA_CASH_INFL_SUBT,Cash Flow,Financing Activities,Cash Inflows Subtotal,,total,Y,1,400000000,2026??????????,CNY
Tuopu,CF,yoy,2026Q1,current,601689_Tuopu_2026_Q1_??????????.csv,??????????????????,??????????????????,Cash Paid for Debt Repayment,CF_FIA_OUT_CASH_PAID_DEBT_REPA,Cash Flow,Financing Activities - Cash Outflows,Cash Paid for Debt Repayment,,detail,N,-1,883600874.1,2026??????????,CNY
Tuopu,CF,yoy,2026Q1,current,601689_Tuopu_2026_Q1_??????????.csv,?????????????????????????????? ????,??????????????????????????????????,"Cash Paid for Dividends, Profit Distribution or Interest",CF_FIA_OUT_CASH_PAID_DIVI_PROF,Cash Flow,Financing Activities - Cash Outflows,"Cash Paid for Dividends, Profit Distribution or Interest",,detail,N,-1,21764142.2,2026??????????,CNY
Tuopu,CF,yoy,2026Q1,current,601689_Tuopu_2026_Q1_??????????.csv,????????????????????,????????????????????,Financing Cash Outflows Subtotal,CF_FIA_TOTAL_FINA_CASH_OUTF_SUBT,Cash Flow,Financing Activities,Cash Outflows Subtotal,,total,Y,1,905365016.3,2026??????????,CNY
Tuopu,CF,yoy,2026Q1,current,601689_Tuopu_2026_Q1_??????????.csv,??????????????????????????,??????????????????????????,Net Cash from Financing Activities,CF_FIN_NET,Cash Flow,Financing Activities,Net Cash from Financing Activities,,total,Y,1,-505365016.3,2026??????????,CNY
Tuopu,CF,yoy,2026Q1,current,601689_Tuopu_2026_Q1_??????????.csv,???????????????????????????????? ????,????????????????????????????????,FX Impact on Cash and Cash Equivalents,CF_FX_HDR,Cash Flow,FX,Section Header,,header,N,0,-32182881.47,2026??????????,CNY
Tuopu,CF,yoy,2026Q1,current,601689_Tuopu_2026_Q1_??????????.csv,????????????????????????????,????????????????????????,Net Increase in Cash and Cash Equivalents,CF_NET_CASH_CHANGE,Cash Flow,Net Cash Change,Section Header,,header,N,0,-857471074.9,2026??????????,CNY
Tuopu,CF,yoy,2026Q1,current,601689_Tuopu_2026_Q1_??????????.csv,??:????????????????????????,????????????????????????,Opening Cash and Cash Equivalents,CF_OPENING_CASH_BAL,Cash Flow,Cash Balance,Opening Cash and Cash Equivalents,,detail,N,1,4701248084,2026??????????,CNY
Tuopu,CF,yoy,2026Q1,current,601689_Tuopu_2026_Q1_??????????.csv,????????????????????????????,????????????????????????,Ending Cash and Cash Equivalents,CF_ENDING_CASH_BAL,Cash Flow,Cash Balance,Section Header,,header,N,0,3843777009,2026??????????,CNY
Tuopu,CF,yoy,2025Q1,comparison,601689_Tuopu_2026_Q1_??????????.csv,????????????????????????????,????????????????????????????,Cash Received from Sale of Goods and Services,CF_OPA_IN_CASH_RECE_SALE_GOOD,Cash Flow,Operating Activities - Cash Inflows,Cash Received from Sale of Goods and Services,,detail,N,1,5775940624,2025??????????,CNY
Tuopu,CF,yoy,2025Q1,comparison,601689_Tuopu_2026_Q1_??????????.csv,??????????????,??????????????,Tax Refunds Received,CF_OPA_IN_TAX_REFU_RECE,Cash Flow,Operating Activities - Cash Inflows,Tax Refunds Received,,detail,N,1,138990557.5,2025??????????,CNY
Tuopu,CF,yoy,2025Q1,comparison,601689_Tuopu_2026_Q1_??????????.csv,????????????????????????????,????????????????????????????,Other Cash Received from Operating Activities,CF_OPA_IN_OTHE_CASH_RECE_OPER,Cash Flow,Operating Activities - Cash Inflows,Other Cash Received from Operating Activities,,detail,N,1,149626926.5,2025??????????,CNY
Tuopu,CF,yoy,2025Q1,comparison,601689_Tuopu_2026_Q1_??????????.csv,????????????????????,????????????????????,Operating Cash Inflows Subtotal,CF_OPA_TOTAL_OPER_CASH_INFL_SUBT,Cash Flow,Operating Activities,Cash Inflows Subtotal,,total,Y,1,6064558108,2025??????????,CNY
Tuopu,CF,yoy,2025Q1,comparison,601689_Tuopu_2026_Q1_??????????.csv,????????????????????????????,????????????????????????????,Cash Paid for Purchase of Goods and Services,CF_OPA_OUT_CASH_PAID_PURC_GOOD,Cash Flow,Operating Activities - Cash Outflows,Cash Paid for Purchase of Goods and Services,,detail,N,-1,3732187566,2025??????????,CNY
Tuopu,CF,yoy,2025Q1,comparison,601689_Tuopu_2026_Q1_??????????.csv,????????????????????????????,????????????????????????????,Cash Paid to and for Employees,CF_OPA_OUT_CASH_PAID_EMPL,Cash Flow,Operating Activities - Cash Outflows,Cash Paid to and for Employees,,detail,N,-1,849067794.2,2025??????????,CNY
Tuopu,CF,yoy,2025Q1,comparison,601689_Tuopu_2026_Q1_??????????.csv,??????????????,??????????????,Taxes Paid,CF_OPA_OUT_TAXE_PAID,Cash Flow,Operating Activities - Cash Outflows,Taxes Paid,,detail,N,-1,410473625.4,2025??????????,CNY
Tuopu,CF,yoy,2025Q1,comparison,601689_Tuopu_2026_Q1_??????????.csv,????????????????????????????,????????????????????????????,Other Cash Paid for Operating Activities,CF_OPA_OUT_OTHE_CASH_PAID_OPER,Cash Flow,Operating Activities - Cash Outflows,Other Cash Paid for Operating Activities,,detail,N,-1,185074396.2,2025??????????,CNY
Tuopu,CF,yoy,2025Q1,comparison,601689_Tuopu_2026_Q1_??????????.csv,????????????????????,????????????????????,Operating Cash Outflows Subtotal,CF_OPA_TOTAL_OPER_CASH_OUTF_SUBT,Cash Flow,Operating Activities,Cash Outflows Subtotal,,total,Y,1,5176803382,2025??????????,CNY
Tuopu,CF,yoy,2025Q1,comparison,601689_Tuopu_2026_Q1_??????????.csv,??????????????????????????,??????????????????????????,Net Cash from Operating Activities,CF_OP_NET,Cash Flow,Operating Activities,Net Cash from Operating Activities,,total,Y,1,887754726.4,2025??????????,CNY
Tuopu,CF,yoy,2025Q1,comparison,601689_Tuopu_2026_Q1_??????????.csv,?????????????????????????????? ????????????????????,??????????????????????????????????????????????????,Net Cash Received from Disposal of Long-term Assets,CF_INA_IN_TOTAL_CASH_RECE_DISP_LONG,Cash Flow,Investing Activities - Cash Inflows,Net Cash Received from Disposal of Long-term Assets,,total,Y,1,161077,2025??????????,CNY
Tuopu,CF,yoy,2025Q1,comparison,601689_Tuopu_2026_Q1_??????????.csv,????????????????????,????????????????????,Investing Cash Inflows Subtotal,CF_INA_TOTAL_INVE_CASH_INFL_SUBT,Cash Flow,Investing Activities,Cash Inflows Subtotal,,total,Y,1,161077,2025??????????,CNY
Tuopu,CF,yoy,2025Q1,comparison,601689_Tuopu_2026_Q1_??????????.csv,?????????????????????????????? ????????????????,??????????????????????????????????????????????,Cash Paid for Acquisition and Construction of Long-term Assets,CF_INA_OUT_CASH_PAID_ACQU_CONS,Cash Flow,Investing Activities - Cash Outflows,Cash Paid for Acquisition and Construction of Long-term Assets,,detail,N,-1,650914812.1,2025??????????,CNY
Tuopu,CF,yoy,2025Q1,comparison,601689_Tuopu_2026_Q1_??????????.csv,??????????????,??????????????,Cash Paid for Investments,CF_INA_OUT_CASH_PAID_INVE,Cash Flow,Investing Activities - Cash Outflows,Cash Paid for Investments,,detail,N,-1,460000000,2025??????????,CNY
Tuopu,CF,yoy,2025Q1,comparison,601689_Tuopu_2026_Q1_??????????.csv,????????????????????,????????????????????,Investing Cash Outflows Subtotal,CF_INA_TOTAL_INVE_CASH_OUTF_SUBT,Cash Flow,Investing Activities,Cash Outflows Subtotal,,total,Y,1,1110914812,2025??????????,CNY
Tuopu,CF,yoy,2025Q1,comparison,601689_Tuopu_2026_Q1_??????????.csv,??????????????????????????,??????????????????????????,Net Cash from Investing Activities,CF_INV_NET,Cash Flow,Investing Activities,Net Cash from Investing Activities,,total,Y,1,-1110753735,2025??????????,CNY
Tuopu,CF,yoy,2025Q1,comparison,601689_Tuopu_2026_Q1_??????????.csv,??????????????????,??????????????????,Cash Received from Borrowings,CF_FIA_IN_CASH_RECE_BORR,Cash Flow,Financing Activities - Cash Inflows,Cash Received from Borrowings,,detail,N,1,670000000,2025??????????,CNY
Tuopu,CF,yoy,2025Q1,comparison,601689_Tuopu_2026_Q1_??????????.csv,????????????????????,????????????????????,Financing Cash Inflows Subtotal,CF_FIA_TOTAL_FINA_CASH_INFL_SUBT,Cash Flow,Financing Activities,Cash Inflows Subtotal,,total,Y,1,670000000,2025??????????,CNY
Tuopu,CF,yoy,2025Q1,comparison,601689_Tuopu_2026_Q1_??????????.csv,??????????????????,??????????????????,Cash Paid for Debt Repayment,CF_FIA_OUT_CASH_PAID_DEBT_REPA,Cash Flow,Financing Activities - Cash Outflows,Cash Paid for Debt Repayment,,detail,N,-1,688850000,2025??????????,CNY
Tuopu,CF,yoy,2025Q1,comparison,601689_Tuopu_2026_Q1_??????????.csv,?????????????????????????????? ????,??????????????????????????????????,"Cash Paid for Dividends, Profit Distribution or Interest",CF_FIA_OUT_CASH_PAID_DIVI_PROF,Cash Flow,Financing Activities - Cash Outflows,"Cash Paid for Dividends, Profit Distribution or Interest",,detail,N,-1,26943125.47,2025??????????,CNY
Tuopu,CF,yoy,2025Q1,comparison,601689_Tuopu_2026_Q1_??????????.csv,????????????????????,????????????????????,Financing Cash Outflows Subtotal,CF_FIA_TOTAL_FINA_CASH_OUTF_SUBT,Cash Flow,Financing Activities,Cash Outflows Subtotal,,total,Y,1,715793125.5,2025??????????,CNY
Tuopu,CF,yoy,2025Q1,comparison,601689_Tuopu_2026_Q1_??????????.csv,??????????????????????????,??????????????????????????,Net Cash from Financing Activities,CF_FIN_NET,Cash Flow,Financing Activities,Net Cash from Financing Activities,,total,Y,1,-45793125.47,2025??????????,CNY
Tuopu,CF,yoy,2025Q1,comparison,601689_Tuopu_2026_Q1_??????????.csv,???????????????????????????????? ????,????????????????????????????????,FX Impact on Cash and Cash Equivalents,CF_FX_HDR,Cash Flow,FX,Section Header,,header,N,0,13200512.28,2025??????????,CNY
Tuopu,CF,yoy,2025Q1,comparison,601689_Tuopu_2026_Q1_??????????.csv,????????????????????????????,????????????????????????,Net Increase in Cash and Cash Equivalents,CF_NET_CASH_CHANGE,Cash Flow,Net Cash Change,Section Header,,header,N,0,-255591622,2025??????????,CNY
Tuopu,CF,yoy,2025Q1,comparison,601689_Tuopu_2026_Q1_??????????.csv,??:????????????????????????,????????????????????????,Opening Cash and Cash Equivalents,CF_OPENING_CASH_BAL,Cash Flow,Cash Balance,Opening Cash and Cash Equivalents,,detail,N,1,3942266589,2025??????????,CNY
Tuopu,CF,yoy,2025Q1,comparison,601689_Tuopu_2026_Q1_??????????.csv,????????????????????????????,????????????????????????,Ending Cash and Cash Equivalents,CF_ENDING_CASH_BAL,Cash Flow,Cash Balance,Section Header,,header,N,0,3686674967,2025??????????,CNY
Baolong,CF,yoy,2026Q1,current,603197_Baolong_2026_Q1_??????????.csv,(??)?????????????????????????? ??????,????????????????????????????????,Total Comprehensive Income Attributable to Owners of the Parent,IS_CI_COMP_INCO_ATTR_OWNE,Income Statement,Comprehensive Income,Total Comprehensive Income Attributable to Owners of the Parent,,detail,N,1,12039458.37,2026??3??31??,CNY
Baolong,CF,yoy,2026Q1,current,603197_Baolong_2026_Q1_??????????.csv,(??)?????????????????????????? ??,????????????????????????????,Total Comprehensive Income Attributable to Non-controlling Interests,IS_CI_COMP_INCO_ATTR_NON,Income Statement,Comprehensive Income,Total Comprehensive Income Attributable to Non-controlling Interests,,detail,N,1,4939856.01,2026??3??31??,CNY
Baolong,CF,yoy,2026Q1,current,603197_Baolong_2026_Q1_??????????.csv,(??)????????????(??/??),????????????(??/??),Basic EPS ,IS_EPS_BASIC,Income Statement,EPS,Basic EPS (RMB/share),,detail,N,1,0.33,2026??3??31??,CNY
Baolong,CF,yoy,2026Q1,current,603197_Baolong_2026_Q1_??????????.csv,(??)????????????(??/??),????????????(??/??),Diluted EPS,IS_EPS_DILUTED,Income Statement,EPS,Diluted EPS (RMB/share),,detail,N,1,0.33,2026??3??31??,CNY
Baolong,CF,yoy,2026Q1,current,603197_Baolong_2026_Q1_??????????.csv,????????????????????????????,????????????????????????????,Cash Received from Sale of Goods and Services,CF_OPA_IN_CASH_RECE_SALE_GOOD,Cash Flow,Operating Activities - Cash Inflows,Cash Received from Sale of Goods and Services,,detail,N,1,2382283321,2026??3??31??,CNY
Baolong,CF,yoy,2026Q1,current,603197_Baolong_2026_Q1_??????????.csv,??????????????,??????????????,Tax Refunds Received,CF_OPA_IN_TAX_REFU_RECE,Cash Flow,Operating Activities - Cash Inflows,Tax Refunds Received,,detail,N,1,99731829.32,2026??3??31??,CNY
Baolong,CF,yoy,2026Q1,current,603197_Baolong_2026_Q1_??????????.csv,????????????????????????????,????????????????????????????,Other Cash Received from Operating Activities,CF_OPA_IN_OTHE_CASH_RECE_OPER,Cash Flow,Operating Activities - Cash Inflows,Other Cash Received from Operating Activities,,detail,N,1,23923244.64,2026??3??31??,CNY
Baolong,CF,yoy,2026Q1,current,603197_Baolong_2026_Q1_??????????.csv,????????????????????,????????????????????,Operating Cash Inflows Subtotal,CF_OPA_TOTAL_OPER_CASH_INFL_SUBT,Cash Flow,Operating Activities,Cash Inflows Subtotal,,total,Y,1,2505938395,2026??3??31??,CNY
Baolong,CF,yoy,2026Q1,current,603197_Baolong_2026_Q1_??????????.csv,????????????????????????????,????????????????????????????,Cash Paid for Purchase of Goods and Services,CF_OPA_OUT_CASH_PAID_PURC_GOOD,Cash Flow,Operating Activities - Cash Outflows,Cash Paid for Purchase of Goods and Services,,detail,N,-1,1688321203,2026??3??31??,CNY
Baolong,CF,yoy,2026Q1,current,603197_Baolong_2026_Q1_??????????.csv,????????????????????????????,????????????????????????????,Cash Paid to and for Employees,CF_OPA_OUT_CASH_PAID_EMPL,Cash Flow,Operating Activities - Cash Outflows,Cash Paid to and for Employees,,detail,N,-1,457441352.1,2026??3??31??,CNY
Baolong,CF,yoy,2026Q1,current,603197_Baolong_2026_Q1_??????????.csv,??????????????,??????????????,Taxes Paid,CF_OPA_OUT_TAXE_PAID,Cash Flow,Operating Activities - Cash Outflows,Taxes Paid,,detail,N,-1,52776522.5,2026??3??31??,CNY
Baolong,CF,yoy,2026Q1,current,603197_Baolong_2026_Q1_??????????.csv,????????????????????????????,????????????????????????????,Other Cash Paid for Operating Activities,CF_OPA_OUT_OTHE_CASH_PAID_OPER,Cash Flow,Operating Activities - Cash Outflows,Other Cash Paid for Operating Activities,,detail,N,-1,150084336.7,2026??3??31??,CNY
Baolong,CF,yoy,2026Q1,current,603197_Baolong_2026_Q1_??????????.csv,????????????????????,????????????????????,Operating Cash Outflows Subtotal,CF_OPA_TOTAL_OPER_CASH_OUTF_SUBT,Cash Flow,Operating Activities,Cash Outflows Subtotal,,total,Y,1,2348623415,2026??3??31??,CNY
Baolong,CF,yoy,2026Q1,current,603197_Baolong_2026_Q1_??????????.csv,??????????????????????????,??????????????????????????,Net Cash from Operating Activities,CF_OP_NET,Cash Flow,Operating Activities,Net Cash from Operating Activities,,total,Y,1,157314980.3,2026??3??31??,CNY
Baolong,CF,yoy,2026Q1,current,603197_Baolong_2026_Q1_??????????.csv,??????????????????,??????????????????,Cash Received from Investment Recovery,CF_INA_IN_CASH_RECE_INVE_RECO,Cash Flow,Investing Activities - Cash Inflows,Cash Received from Investment Recovery,,detail,N,1,493619.88,2026??3??31??,CNY
Baolong,CF,yoy,2026Q1,current,603197_Baolong_2026_Q1_??????????.csv,?????????????????????????????? ????????????????????,??????????????????????????????????????????????????,Net Cash Received from Disposal of Long-term Assets,CF_INA_IN_TOTAL_CASH_RECE_DISP_LONG,Cash Flow,Investing Activities - Cash Inflows,Net Cash Received from Disposal of Long-term Assets,,total,Y,1,30651,2026??3??31??,CNY
Baolong,CF,yoy,2026Q1,current,603197_Baolong_2026_Q1_??????????.csv,????????????????????,????????????????????,Investing Cash Inflows Subtotal,CF_INA_TOTAL_INVE_CASH_INFL_SUBT,Cash Flow,Investing Activities,Cash Inflows Subtotal,,total,Y,1,524270.88,2026??3??31??,CNY
Baolong,CF,yoy,2026Q1,current,603197_Baolong_2026_Q1_??????????.csv,?????????????????????????????? ????????????????,??????????????????????????????????????????????,Cash Paid for Acquisition and Construction of Long-term Assets,CF_INA_OUT_CASH_PAID_ACQU_CONS,Cash Flow,Investing Activities - Cash Outflows,Cash Paid for Acquisition and Construction of Long-term Assets,,detail,N,-1,135751114,2026??3??31??,CNY
Baolong,CF,yoy,2026Q1,current,603197_Baolong_2026_Q1_??????????.csv,??????????????,??????????????,Cash Paid for Investments,CF_INA_OUT_CASH_PAID_INVE,Cash Flow,Investing Activities - Cash Outflows,Cash Paid for Investments,,detail,N,-1,109983410,2026??3??31??,CNY
Baolong,CF,yoy,2026Q1,current,603197_Baolong_2026_Q1_??????????.csv,????????????????????,????????????????????,Investing Cash Outflows Subtotal,CF_INA_TOTAL_INVE_CASH_OUTF_SUBT,Cash Flow,Investing Activities,Cash Outflows Subtotal,,total,Y,1,245734524,2026??3??31??,CNY
Baolong,CF,yoy,2026Q1,current,603197_Baolong_2026_Q1_??????????.csv,??????????????????????????,??????????????????????????,Net Cash from Investing Activities,CF_INV_NET,Cash Flow,Investing Activities,Net Cash from Investing Activities,,total,Y,1,-245210253.2,2026??3??31??,CNY
Baolong,CF,yoy,2026Q1,current,603197_Baolong_2026_Q1_??????????.csv,??????????????????,??????????????????,Cash Received from Capital Contributions,CF_FIA_IN_CASH_RECE_CAPI_CONT,Cash Flow,Financing Activities - Cash Inflows,Cash Received from Capital Contributions,,detail,N,1,51435297.46,2026??3??31??,CNY
Baolong,CF,yoy,2026Q1,current,603197_Baolong_2026_Q1_??????????.csv,??????????????????,??????????????????,Cash Received from Borrowings,CF_FIA_IN_CASH_RECE_BORR,Cash Flow,Financing Activities - Cash Inflows,Cash Received from Borrowings,,detail,N,1,577181964.7,2026??3??31??,CNY
Baolong,CF,yoy,2026Q1,current,603197_Baolong_2026_Q1_??????????.csv,????????????????????,????????????????????,Financing Cash Inflows Subtotal,CF_FIA_TOTAL_FINA_CASH_INFL_SUBT,Cash Flow,Financing Activities,Cash Inflows Subtotal,,total,Y,1,628617262.2,2026??3??31??,CNY
Baolong,CF,yoy,2026Q1,current,603197_Baolong_2026_Q1_??????????.csv,??????????????????,??????????????????,Cash Paid for Debt Repayment,CF_FIA_OUT_CASH_PAID_DEBT_REPA,Cash Flow,Financing Activities - Cash Outflows,Cash Paid for Debt Repayment,,detail,N,-1,335675888,2026??3??31??,CNY
Baolong,CF,yoy,2026Q1,current,603197_Baolong_2026_Q1_??????????.csv,?????????????????????????????? ????,??????????????????????????????????,"Cash Paid for Dividends, Profit Distribution or Interest",CF_FIA_OUT_CASH_PAID_DIVI_PROF,Cash Flow,Financing Activities - Cash Outflows,"Cash Paid for Dividends, Profit Distribution or Interest",,detail,N,-1,12339462.13,2026??3??31??,CNY
Baolong,CF,yoy,2026Q1,current,603197_Baolong_2026_Q1_??????????.csv,????????????????????????????,????????????????????????????,Other Cash Paid for Financing Activities,CF_FIA_OUT_OTHE_CASH_PAID_FINA,Cash Flow,Financing Activities - Cash Outflows,Other Cash Paid for Financing Activities,,detail,N,-1,13633363.72,2026??3??31??,CNY
Baolong,CF,yoy,2026Q1,current,603197_Baolong_2026_Q1_??????????.csv,????????????????????,????????????????????,Financing Cash Outflows Subtotal,CF_FIA_TOTAL_FINA_CASH_OUTF_SUBT,Cash Flow,Financing Activities,Cash Outflows Subtotal,,total,Y,1,361648713.9,2026??3??31??,CNY
Baolong,CF,yoy,2026Q1,current,603197_Baolong_2026_Q1_??????????.csv,??????????????????????????,??????????????????????????,Net Cash from Financing Activities,CF_FIN_NET,Cash Flow,Financing Activities,Net Cash from Financing Activities,,total,Y,1,266968548.3,2026??3??31??,CNY
Baolong,CF,yoy,2026Q1,current,603197_Baolong_2026_Q1_??????????.csv,???????????????????????????????? ????,????????????????????????????????,FX Impact on Cash and Cash Equivalents,CF_FX_HDR,Cash Flow,FX,Section Header,,header,N,0,-8033611.23,2026??3??31??,CNY
Baolong,CF,yoy,2026Q1,current,603197_Baolong_2026_Q1_??????????.csv,????????????????????????????,????????????????????????,Net Increase in Cash and Cash Equivalents,CF_NET_CASH_CHANGE,Cash Flow,Net Cash Change,Section Header,,header,N,0,171039664.2,2026??3??31??,CNY
Baolong,CF,yoy,2026Q1,current,603197_Baolong_2026_Q1_??????????.csv,??:????????????????????????,????????????????????????,Opening Cash and Cash Equivalents,CF_OPENING_CASH_BAL,Cash Flow,Cash Balance,Opening Cash and Cash Equivalents,,detail,N,1,417521627.2,2026??3??31??,CNY
Baolong,CF,yoy,2026Q1,current,603197_Baolong_2026_Q1_??????????.csv,????????????????????????????,????????????????????????,Ending Cash and Cash Equivalents,CF_ENDING_CASH_BAL,Cash Flow,Cash Balance,Section Header,,header,N,0,588561291.4,2026??3??31??,CNY
Baolong,CF,yoy,2025Q1,comparison,603197_Baolong_2026_Q1_??????????.csv,(??)?????????????????????????? ??????,????????????????????????????????,Total Comprehensive Income Attributable to Owners of the Parent,IS_CI_COMP_INCO_ATTR_OWNE,Income Statement,Comprehensive Income,Total Comprehensive Income Attributable to Owners of the Parent,,detail,N,1,110992520.4,2025??12??31??,CNY
Baolong,CF,yoy,2025Q1,comparison,603197_Baolong_2026_Q1_??????????.csv,(??)?????????????????????????? ??,????????????????????????????,Total Comprehensive Income Attributable to Non-controlling Interests,IS_CI_COMP_INCO_ATTR_NON,Income Statement,Comprehensive Income,Total Comprehensive Income Attributable to Non-controlling Interests,,detail,N,1,12899915.38,2025??12??31??,CNY
Baolong,CF,yoy,2025Q1,comparison,603197_Baolong_2026_Q1_??????????.csv,(??)????????????(??/??),????????????(??/??),Basic EPS ,IS_EPS_BASIC,Income Statement,EPS,Basic EPS (RMB/share),,detail,N,1,0.45,2025??12??31??,CNY
Baolong,CF,yoy,2025Q1,comparison,603197_Baolong_2026_Q1_??????????.csv,(??)????????????(??/??),????????????(??/??),Diluted EPS,IS_EPS_DILUTED,Income Statement,EPS,Diluted EPS (RMB/share),,detail,N,1,0.45,2025??12??31??,CNY
Baolong,CF,yoy,2025Q1,comparison,603197_Baolong_2026_Q1_??????????.csv,????????????????????????????,????????????????????????????,Cash Received from Sale of Goods and Services,CF_OPA_IN_CASH_RECE_SALE_GOOD,Cash Flow,Operating Activities - Cash Inflows,Cash Received from Sale of Goods and Services,,detail,N,1,1819268297,2025??12??31??,CNY
Baolong,CF,yoy,2025Q1,comparison,603197_Baolong_2026_Q1_??????????.csv,??????????????,??????????????,Tax Refunds Received,CF_OPA_IN_TAX_REFU_RECE,Cash Flow,Operating Activities - Cash Inflows,Tax Refunds Received,,detail,N,1,79574980.73,2025??12??31??,CNY
Baolong,CF,yoy,2025Q1,comparison,603197_Baolong_2026_Q1_??????????.csv,????????????????????????????,????????????????????????????,Other Cash Received from Operating Activities,CF_OPA_IN_OTHE_CASH_RECE_OPER,Cash Flow,Operating Activities - Cash Inflows,Other Cash Received from Operating Activities,,detail,N,1,19816711.84,2025??12??31??,CNY
Baolong,CF,yoy,2025Q1,comparison,603197_Baolong_2026_Q1_??????????.csv,????????????????????,????????????????????,Operating Cash Inflows Subtotal,CF_OPA_TOTAL_OPER_CASH_INFL_SUBT,Cash Flow,Operating Activities,Cash Inflows Subtotal,,total,Y,1,1918659989,2025??12??31??,CNY
Baolong,CF,yoy,2025Q1,comparison,603197_Baolong_2026_Q1_??????????.csv,????????????????????????????,????????????????????????????,Cash Paid for Purchase of Goods and Services,CF_OPA_OUT_CASH_PAID_PURC_GOOD,Cash Flow,Operating Activities - Cash Outflows,Cash Paid for Purchase of Goods and Services,,detail,N,-1,1203330306,2025??12??31??,CNY
Baolong,CF,yoy,2025Q1,comparison,603197_Baolong_2026_Q1_??????????.csv,????????????????????????????,????????????????????????????,Cash Paid to and for Employees,CF_OPA_OUT_CASH_PAID_EMPL,Cash Flow,Operating Activities - Cash Outflows,Cash Paid to and for Employees,,detail,N,-1,397434368.1,2025??12??31??,CNY
Baolong,CF,yoy,2025Q1,comparison,603197_Baolong_2026_Q1_??????????.csv,??????????????,??????????????,Taxes Paid,CF_OPA_OUT_TAXE_PAID,Cash Flow,Operating Activities - Cash Outflows,Taxes Paid,,detail,N,-1,56260607.78,2025??12??31??,CNY
Baolong,CF,yoy,2025Q1,comparison,603197_Baolong_2026_Q1_??????????.csv,????????????????????????????,????????????????????????????,Other Cash Paid for Operating Activities,CF_OPA_OUT_OTHE_CASH_PAID_OPER,Cash Flow,Operating Activities - Cash Outflows,Other Cash Paid for Operating Activities,,detail,N,-1,215531203,2025??12??31??,CNY
Baolong,CF,yoy,2025Q1,comparison,603197_Baolong_2026_Q1_??????????.csv,????????????????????,????????????????????,Operating Cash Outflows Subtotal,CF_OPA_TOTAL_OPER_CASH_OUTF_SUBT,Cash Flow,Operating Activities,Cash Outflows Subtotal,,total,Y,1,1872556485,2025??12??31??,CNY
Baolong,CF,yoy,2025Q1,comparison,603197_Baolong_2026_Q1_??????????.csv,??????????????????????????,??????????????????????????,Net Cash from Operating Activities,CF_OP_NET,Cash Flow,Operating Activities,Net Cash from Operating Activities,,total,Y,1,46103503.97,2025??12??31??,CNY
Baolong,CF,yoy,2025Q1,comparison,603197_Baolong_2026_Q1_??????????.csv,??????????????????,??????????????????,Cash Received from Investment Recovery,CF_INA_IN_CASH_RECE_INVE_RECO,Cash Flow,Investing Activities - Cash Inflows,Cash Received from Investment Recovery,,detail,N,1,9420000,2025??12??31??,CNY
Baolong,CF,yoy,2025Q1,comparison,603197_Baolong_2026_Q1_??????????.csv,??????????????????????,??????????????????????,Cash Received from Investment Income,CF_INA_IN_CASH_RECE_INVE_INCO,Cash Flow,Investing Activities - Cash Inflows,Cash Received from Investment Income,,detail,N,1,1600000,2025??12??31??,CNY
Baolong,CF,yoy,2025Q1,comparison,603197_Baolong_2026_Q1_??????????.csv,?????????????????????????????? ????????????????????,??????????????????????????????????????????????????,Net Cash Received from Disposal of Long-term Assets,CF_INA_IN_TOTAL_CASH_RECE_DISP_LONG,Cash Flow,Investing Activities - Cash Inflows,Net Cash Received from Disposal of Long-term Assets,,total,Y,1,10014.56,2025??12??31??,CNY
Baolong,CF,yoy,2025Q1,comparison,603197_Baolong_2026_Q1_??????????.csv,????????????????????,????????????????????,Investing Cash Inflows Subtotal,CF_INA_TOTAL_INVE_CASH_INFL_SUBT,Cash Flow,Investing Activities,Cash Inflows Subtotal,,total,Y,1,11030014.56,2025??12??31??,CNY
Baolong,CF,yoy,2025Q1,comparison,603197_Baolong_2026_Q1_??????????.csv,?????????????????????????????? ????????????????,??????????????????????????????????????????????,Cash Paid for Acquisition and Construction of Long-term Assets,CF_INA_OUT_CASH_PAID_ACQU_CONS,Cash Flow,Investing Activities - Cash Outflows,Cash Paid for Acquisition and Construction of Long-term Assets,,detail,N,-1,190300889.7,2025??12??31??,CNY
Baolong,CF,yoy,2025Q1,comparison,603197_Baolong_2026_Q1_??????????.csv,??????????????,??????????????,Cash Paid for Investments,CF_INA_OUT_CASH_PAID_INVE,Cash Flow,Investing Activities - Cash Outflows,Cash Paid for Investments,,detail,N,-1,35000000,2025??12??31??,CNY
Baolong,CF,yoy,2025Q1,comparison,603197_Baolong_2026_Q1_??????????.csv,????????????????????????????,????????????????????????????,Other Cash Paid for Investing Activities,CF_INA_OUT_OTHE_CASH_PAID_INVE,Cash Flow,Investing Activities - Cash Outflows,Other Cash Paid for Investing Activities,,detail,N,-1,364950721.6,2025??12??31??,CNY
Baolong,CF,yoy,2025Q1,comparison,603197_Baolong_2026_Q1_??????????.csv,????????????????????,????????????????????,Investing Cash Outflows Subtotal,CF_INA_TOTAL_INVE_CASH_OUTF_SUBT,Cash Flow,Investing Activities,Cash Outflows Subtotal,,total,Y,1,590251611.3,2025??12??31??,CNY
Baolong,CF,yoy,2025Q1,comparison,603197_Baolong_2026_Q1_??????????.csv,??????????????????????????,??????????????????????????,Net Cash from Investing Activities,CF_INV_NET,Cash Flow,Investing Activities,Net Cash from Investing Activities,,total,Y,1,-579221596.7,2025??12??31??,CNY
Baolong,CF,yoy,2025Q1,comparison,603197_Baolong_2026_Q1_??????????.csv,??????????????????,??????????????????,Cash Received from Capital Contributions,CF_FIA_IN_CASH_RECE_CAPI_CONT,Cash Flow,Financing Activities - Cash Inflows,Cash Received from Capital Contributions,,detail,N,1,105707751.4,2025??12??31??,CNY
Baolong,CF,yoy,2025Q1,comparison,603197_Baolong_2026_Q1_??????????.csv,??????????????????,??????????????????,Cash Received from Borrowings,CF_FIA_IN_CASH_RECE_BORR,Cash Flow,Financing Activities - Cash Inflows,Cash Received from Borrowings,,detail,N,1,211741132.6,2025??12??31??,CNY
Baolong,CF,yoy,2025Q1,comparison,603197_Baolong_2026_Q1_??????????.csv,????????????????????,????????????????????,Financing Cash Inflows Subtotal,CF_FIA_TOTAL_FINA_CASH_INFL_SUBT,Cash Flow,Financing Activities,Cash Inflows Subtotal,,total,Y,1,317448884,2025??12??31??,CNY
Baolong,CF,yoy,2025Q1,comparison,603197_Baolong_2026_Q1_??????????.csv,??????????????????,??????????????????,Cash Paid for Debt Repayment,CF_FIA_OUT_CASH_PAID_DEBT_REPA,Cash Flow,Financing Activities - Cash Outflows,Cash Paid for Debt Repayment,,detail,N,-1,258625836.5,2025??12??31??,CNY
Baolong,CF,yoy,2025Q1,comparison,603197_Baolong_2026_Q1_??????????.csv,?????????????????????????????? ????,??????????????????????????????????,"Cash Paid for Dividends, Profit Distribution or Interest",CF_FIA_OUT_CASH_PAID_DIVI_PROF,Cash Flow,Financing Activities - Cash Outflows,"Cash Paid for Dividends, Profit Distribution or Interest",,detail,N,-1,12769567.29,2025??12??31??,CNY
Baolong,CF,yoy,2025Q1,comparison,603197_Baolong_2026_Q1_??????????.csv,????????????????????????????,????????????????????????????,Other Cash Paid for Financing Activities,CF_FIA_OUT_OTHE_CASH_PAID_FINA,Cash Flow,Financing Activities - Cash Outflows,Other Cash Paid for Financing Activities,,detail,N,-1,2979497.34,2025??12??31??,CNY
Baolong,CF,yoy,2025Q1,comparison,603197_Baolong_2026_Q1_??????????.csv,????????????????????,????????????????????,Financing Cash Outflows Subtotal,CF_FIA_TOTAL_FINA_CASH_OUTF_SUBT,Cash Flow,Financing Activities,Cash Outflows Subtotal,,total,Y,1,274374901.1,2025??12??31??,CNY
Baolong,CF,yoy,2025Q1,comparison,603197_Baolong_2026_Q1_??????????.csv,??????????????????????????,??????????????????????????,Net Cash from Financing Activities,CF_FIN_NET,Cash Flow,Financing Activities,Net Cash from Financing Activities,,total,Y,1,43073982.91,2025??12??31??,CNY
Baolong,CF,yoy,2025Q1,comparison,603197_Baolong_2026_Q1_??????????.csv,???????????????????????????????? ????,????????????????????????????????,FX Impact on Cash and Cash Equivalents,CF_FX_HDR,Cash Flow,FX,Section Header,,header,N,0,4360520.31,2025??12??31??,CNY
Baolong,CF,yoy,2025Q1,comparison,603197_Baolong_2026_Q1_??????????.csv,????????????????????????????,????????????????????????,Net Increase in Cash and Cash Equivalents,CF_NET_CASH_CHANGE,Cash Flow,Net Cash Change,Section Header,,header,N,0,-485683589.5,2025??12??31??,CNY
Baolong,CF,yoy,2025Q1,comparison,603197_Baolong_2026_Q1_??????????.csv,??:????????????????????????,????????????????????????,Opening Cash and Cash Equivalents,CF_OPENING_CASH_BAL,Cash Flow,Cash Balance,Opening Cash and Cash Equivalents,,detail,N,1,1223942869,2025??12??31??,CNY
Baolong,CF,yoy,2025Q1,comparison,603197_Baolong_2026_Q1_??????????.csv,????????????????????????????,????????????????????????,Ending Cash and Cash Equivalents,CF_ENDING_CASH_BAL,Cash Flow,Cash Balance,Section Header,,header,N,0,738259279.1,2025??12??31??,CNY
BTL,CF,yoy,2026Q1,current,603596_BTL_2026_Q1_??????????.csv,????????????????????????????,????????????????????????????,Cash Received from Sale of Goods and Services,CF_OPA_IN_CASH_RECE_SALE_GOOD,Cash Flow,Operating Activities - Cash Inflows,Cash Received from Sale of Goods and Services,,detail,N,1,3085755299,2026??3??31??,CNY
BTL,CF,yoy,2026Q1,current,603596_BTL_2026_Q1_??????????.csv,??????????????,??????????????,Tax Refunds Received,CF_OPA_IN_TAX_REFU_RECE,Cash Flow,Operating Activities - Cash Inflows,Tax Refunds Received,,detail,N,1,27601755.86,2026??3??31??,CNY
BTL,CF,yoy,2026Q1,current,603596_BTL_2026_Q1_??????????.csv,????????????????????????????,????????????????????????????,Other Cash Received from Operating Activities,CF_OPA_IN_OTHE_CASH_RECE_OPER,Cash Flow,Operating Activities - Cash Inflows,Other Cash Received from Operating Activities,,detail,N,1,54904258.19,2026??3??31??,CNY
BTL,CF,yoy,2026Q1,current,603596_BTL_2026_Q1_??????????.csv,????????????????????,????????????????????,Operating Cash Inflows Subtotal,CF_OPA_TOTAL_OPER_CASH_INFL_SUBT,Cash Flow,Operating Activities,Cash Inflows Subtotal,,total,Y,1,3168261313,2026??3??31??,CNY
BTL,CF,yoy,2026Q1,current,603596_BTL_2026_Q1_??????????.csv,????????????????????????????,????????????????????????????,Cash Paid for Purchase of Goods and Services,CF_OPA_OUT_CASH_PAID_PURC_GOOD,Cash Flow,Operating Activities - Cash Outflows,Cash Paid for Purchase of Goods and Services,,detail,N,-1,2551378579,2026??3??31??,CNY
BTL,CF,yoy,2026Q1,current,603596_BTL_2026_Q1_??????????.csv,????????????????????????????,????????????????????????????,Cash Paid to and for Employees,CF_OPA_OUT_CASH_PAID_EMPL,Cash Flow,Operating Activities - Cash Outflows,Cash Paid to and for Employees,,detail,N,-1,342376311.9,2026??3??31??,CNY
BTL,CF,yoy,2026Q1,current,603596_BTL_2026_Q1_??????????.csv,??????????????,??????????????,Taxes Paid,CF_OPA_OUT_TAXE_PAID,Cash Flow,Operating Activities - Cash Outflows,Taxes Paid,,detail,N,-1,86477088.97,2026??3??31??,CNY
BTL,CF,yoy,2026Q1,current,603596_BTL_2026_Q1_??????????.csv,????????????????????????????,????????????????????????????,Other Cash Paid for Operating Activities,CF_OPA_OUT_OTHE_CASH_PAID_OPER,Cash Flow,Operating Activities - Cash Outflows,Other Cash Paid for Operating Activities,,detail,N,-1,69881713.27,2026??3??31??,CNY
BTL,CF,yoy,2026Q1,current,603596_BTL_2026_Q1_??????????.csv,????????????????????,????????????????????,Operating Cash Outflows Subtotal,CF_OPA_TOTAL_OPER_CASH_OUTF_SUBT,Cash Flow,Operating Activities,Cash Outflows Subtotal,,total,Y,1,3050113693,2026??3??31??,CNY
BTL,CF,yoy,2026Q1,current,603596_BTL_2026_Q1_??????????.csv,???????????????????????? ??,??????????????????????????,Net Cash from Operating Activities,CF_OP_NET,Cash Flow,Operating Activities,Net Cash from Operating Activities,,total,Y,1,118147620.1,2026??3??31??,CNY
BTL,CF,yoy,2026Q1,current,603596_BTL_2026_Q1_??????????.csv,??????????????????,??????????????????,Cash Received from Investment Recovery,CF_INA_IN_CASH_RECE_INVE_RECO,Cash Flow,Investing Activities - Cash Inflows,Cash Received from Investment Recovery,,detail,N,1,571878329.1,2026??3??31??,CNY
BTL,CF,yoy,2026Q1,current,603596_BTL_2026_Q1_??????????.csv,??????????????????????,??????????????????????,Cash Received from Investment Income,CF_INA_IN_CASH_RECE_INVE_INCO,Cash Flow,Investing Activities - Cash Inflows,Cash Received from Investment Income,,detail,N,1,45852153.93,2026??3??31??,CNY
BTL,CF,yoy,2026Q1,current,603596_BTL_2026_Q1_??????????.csv,???????????????????????????? ??????????????????????,??????????????????????????????????????????????????,Net Cash Received from Disposal of Long-term Assets,CF_INA_IN_TOTAL_CASH_RECE_DISP_LONG,Cash Flow,Investing Activities - Cash Inflows,Net Cash Received from Disposal of Long-term Assets,,total,Y,1,90577.94,2026??3??31??,CNY
BTL,CF,yoy,2026Q1,current,603596_BTL_2026_Q1_??????????.csv,????????????????????????????,????????????????????????????,Other Cash Received from Investing Activities,CF_INA_IN_OTHE_CASH_RECE_INVE,Cash Flow,Investing Activities - Cash Inflows,Other Cash Received from Investing Activities,,detail,N,1,10021925.88,2026??3??31??,CNY
BTL,CF,yoy,2026Q1,current,603596_BTL_2026_Q1_??????????.csv,????????????????????,????????????????????,Investing Cash Inflows Subtotal,CF_INA_TOTAL_INVE_CASH_INFL_SUBT,Cash Flow,Investing Activities,Cash Inflows Subtotal,,total,Y,1,627842986.9,2026??3??31??,CNY
BTL,CF,yoy,2026Q1,current,603596_BTL_2026_Q1_??????????.csv,???????????????????????????? ??????????????????,??????????????????????????????????????????????,Cash Paid for Acquisition and Construction of Long-term Assets,CF_INA_OUT_CASH_PAID_ACQU_CONS,Cash Flow,Investing Activities - Cash Outflows,Cash Paid for Acquisition and Construction of Long-term Assets,,detail,N,-1,106435018.1,2026??3??31??,CNY
BTL,CF,yoy,2026Q1,current,603596_BTL_2026_Q1_??????????.csv,??????????????,??????????????,Cash Paid for Investments,CF_INA_OUT_CASH_PAID_INVE,Cash Flow,Investing Activities - Cash Outflows,Cash Paid for Investments,,detail,N,-1,645000000,2026??3??31??,CNY
BTL,CF,yoy,2026Q1,current,603596_BTL_2026_Q1_??????????.csv,????????????????????,????????????????????,Investing Cash Outflows Subtotal,CF_INA_TOTAL_INVE_CASH_OUTF_SUBT,Cash Flow,Investing Activities,Cash Outflows Subtotal,,total,Y,1,751435018.1,2026??3??31??,CNY
BTL,CF,yoy,2026Q1,current,603596_BTL_2026_Q1_??????????.csv,???????????????????????? ??,??????????????????????????,Net Cash from Investing Activities,CF_INV_NET,Cash Flow,Investing Activities,Net Cash from Investing Activities,,total,Y,1,-123592031.3,2026??3??31??,CNY
BTL,CF,yoy,2026Q1,current,603596_BTL_2026_Q1_??????????.csv,???????????????????????????? ??????,??????????????????????????????????,"Cash Paid for Dividends, Profit Distribution or Interest",CF_FIA_OUT_CASH_PAID_DIVI_PROF,Cash Flow,Financing Activities - Cash Outflows,"Cash Paid for Dividends, Profit Distribution or Interest",,detail,N,-1,423235.63,2026??3??31??,CNY
BTL,CF,yoy,2026Q1,current,603596_BTL_2026_Q1_??????????.csv,????????????????????????????,????????????????????????????,Other Cash Paid for Financing Activities,CF_FIA_OUT_OTHE_CASH_PAID_FINA,Cash Flow,Financing Activities - Cash Outflows,Other Cash Paid for Financing Activities,,detail,N,-1,3155642.03,2026??3??31??,CNY
BTL,CF,yoy,2026Q1,current,603596_BTL_2026_Q1_??????????.csv,????????????????????,????????????????????,Financing Cash Outflows Subtotal,CF_FIA_TOTAL_FINA_CASH_OUTF_SUBT,Cash Flow,Financing Activities,Cash Outflows Subtotal,,total,Y,1,3578877.66,2026??3??31??,CNY
BTL,CF,yoy,2026Q1,current,603596_BTL_2026_Q1_??????????.csv,???????????????????????? ??,??????????????????????????,Net Cash from Financing Activities,CF_FIN_NET,Cash Flow,Financing Activities,Net Cash from Financing Activities,,total,Y,1,-3578877.66,2026??3??31??,CNY
BTL,CF,yoy,2026Q1,current,603596_BTL_2026_Q1_??????????.csv,?????????????????????????????? ??????,????????????????????????????????,FX Impact on Cash and Cash Equivalents,CF_FX_HDR,Cash Flow,FX,Section Header,,header,N,0,-9116655.64,2026??3??31??,CNY
BTL,CF,yoy,2026Q1,current,603596_BTL_2026_Q1_??????????.csv,????????????????????????????,????????????????????????,Net Increase in Cash and Cash Equivalents,CF_NET_CASH_CHANGE,Cash Flow,Net Cash Change,Section Header,,header,N,0,-18139944.49,2026??3??31??,CNY
BTL,CF,yoy,2026Q1,current,603596_BTL_2026_Q1_??????????.csv,??:????????????????????????,????????????????????????,Opening Cash and Cash Equivalents,CF_OPENING_CASH_BAL,Cash Flow,Cash Balance,Opening Cash and Cash Equivalents,,detail,N,1,1706647803,2026??3??31??,CNY
BTL,CF,yoy,2026Q1,current,603596_BTL_2026_Q1_??????????.csv,????????????????????????????,????????????????????????,Ending Cash and Cash Equivalents,CF_ENDING_CASH_BAL,Cash Flow,Cash Balance,Section Header,,header,N,0,1688507859,2026??3??31??,CNY
BTL,CF,yoy,2025Q1,comparison,603596_BTL_2026_Q1_??????????.csv,????????????????????????????,????????????????????????????,Cash Received from Sale of Goods and Services,CF_OPA_IN_CASH_RECE_SALE_GOOD,Cash Flow,Operating Activities - Cash Inflows,Cash Received from Sale of Goods and Services,,detail,N,1,2932171102,2025??12??31??,CNY
BTL,CF,yoy,2025Q1,comparison,603596_BTL_2026_Q1_??????????.csv,??????????????,??????????????,Tax Refunds Received,CF_OPA_IN_TAX_REFU_RECE,Cash Flow,Operating Activities - Cash Inflows,Tax Refunds Received,,detail,N,1,31052641.55,2025??12??31??,CNY
BTL,CF,yoy,2025Q1,comparison,603596_BTL_2026_Q1_??????????.csv,????????????????????????????,????????????????????????????,Other Cash Received from Operating Activities,CF_OPA_IN_OTHE_CASH_RECE_OPER,Cash Flow,Operating Activities - Cash Inflows,Other Cash Received from Operating Activities,,detail,N,1,52333971.84,2025??12??31??,CNY
BTL,CF,yoy,2025Q1,comparison,603596_BTL_2026_Q1_??????????.csv,????????????????????,????????????????????,Operating Cash Inflows Subtotal,CF_OPA_TOTAL_OPER_CASH_INFL_SUBT,Cash Flow,Operating Activities,Cash Inflows Subtotal,,total,Y,1,3015557716,2025??12??31??,CNY
BTL,CF,yoy,2025Q1,comparison,603596_BTL_2026_Q1_??????????.csv,????????????????????????????,????????????????????????????,Cash Paid for Purchase of Goods and Services,CF_OPA_OUT_CASH_PAID_PURC_GOOD,Cash Flow,Operating Activities - Cash Outflows,Cash Paid for Purchase of Goods and Services,,detail,N,-1,2493480186,2025??12??31??,CNY
BTL,CF,yoy,2025Q1,comparison,603596_BTL_2026_Q1_??????????.csv,????????????????????????????,????????????????????????????,Cash Paid to and for Employees,CF_OPA_OUT_CASH_PAID_EMPL,Cash Flow,Operating Activities - Cash Outflows,Cash Paid to and for Employees,,detail,N,-1,339268873.4,2025??12??31??,CNY
BTL,CF,yoy,2025Q1,comparison,603596_BTL_2026_Q1_??????????.csv,??????????????,??????????????,Taxes Paid,CF_OPA_OUT_TAXE_PAID,Cash Flow,Operating Activities - Cash Outflows,Taxes Paid,,detail,N,-1,81352372.34,2025??12??31??,CNY
BTL,CF,yoy,2025Q1,comparison,603596_BTL_2026_Q1_??????????.csv,????????????????????????????,????????????????????????????,Other Cash Paid for Operating Activities,CF_OPA_OUT_OTHE_CASH_PAID_OPER,Cash Flow,Operating Activities - Cash Outflows,Other Cash Paid for Operating Activities,,detail,N,-1,59161188.12,2025??12??31??,CNY
BTL,CF,yoy,2025Q1,comparison,603596_BTL_2026_Q1_??????????.csv,????????????????????,????????????????????,Operating Cash Outflows Subtotal,CF_OPA_TOTAL_OPER_CASH_OUTF_SUBT,Cash Flow,Operating Activities,Cash Outflows Subtotal,,total,Y,1,2973262620,2025??12??31??,CNY
BTL,CF,yoy,2025Q1,comparison,603596_BTL_2026_Q1_??????????.csv,???????????????????????? ??,??????????????????????????,Net Cash from Operating Activities,CF_OP_NET,Cash Flow,Operating Activities,Net Cash from Operating Activities,,total,Y,1,42295096.2,2025??12??31??,CNY
BTL,CF,yoy,2025Q1,comparison,603596_BTL_2026_Q1_??????????.csv,??????????????????,??????????????????,Cash Received from Investment Recovery,CF_INA_IN_CASH_RECE_INVE_RECO,Cash Flow,Investing Activities - Cash Inflows,Cash Received from Investment Recovery,,detail,N,1,94834777.94,2025??12??31??,CNY
BTL,CF,yoy,2025Q1,comparison,603596_BTL_2026_Q1_??????????.csv,??????????????????????,??????????????????????,Cash Received from Investment Income,CF_INA_IN_CASH_RECE_INVE_INCO,Cash Flow,Investing Activities - Cash Inflows,Cash Received from Investment Income,,detail,N,1,653242.15,2025??12??31??,CNY
BTL,CF,yoy,2025Q1,comparison,603596_BTL_2026_Q1_??????????.csv,????????????????????????????,????????????????????????????,Other Cash Received from Investing Activities,CF_INA_IN_OTHE_CASH_RECE_INVE,Cash Flow,Investing Activities - Cash Inflows,Other Cash Received from Investing Activities,,detail,N,1,16013084.7,2025??12??31??,CNY
BTL,CF,yoy,2025Q1,comparison,603596_BTL_2026_Q1_??????????.csv,????????????????????,????????????????????,Investing Cash Inflows Subtotal,CF_INA_TOTAL_INVE_CASH_INFL_SUBT,Cash Flow,Investing Activities,Cash Inflows Subtotal,,total,Y,1,111501104.8,2025??12??31??,CNY
BTL,CF,yoy,2025Q1,comparison,603596_BTL_2026_Q1_??????????.csv,???????????????????????????? ??????????????????,??????????????????????????????????????????????,Cash Paid for Acquisition and Construction of Long-term Assets,CF_INA_OUT_CASH_PAID_ACQU_CONS,Cash Flow,Investing Activities - Cash Outflows,Cash Paid for Acquisition and Construction of Long-term Assets,,detail,N,-1,117406054.2,2025??12??31??,CNY
BTL,CF,yoy,2025Q1,comparison,603596_BTL_2026_Q1_??????????.csv,??????????????,??????????????,Cash Paid for Investments,CF_INA_OUT_CASH_PAID_INVE,Cash Flow,Investing Activities - Cash Outflows,Cash Paid for Investments,,detail,N,-1,157500000,2025??12??31??,CNY
BTL,CF,yoy,2025Q1,comparison,603596_BTL_2026_Q1_??????????.csv,????????????????????,????????????????????,Investing Cash Outflows Subtotal,CF_INA_TOTAL_INVE_CASH_OUTF_SUBT,Cash Flow,Investing Activities,Cash Outflows Subtotal,,total,Y,1,274906054.2,2025??12??31??,CNY
BTL,CF,yoy,2025Q1,comparison,603596_BTL_2026_Q1_??????????.csv,???????????????????????? ??,??????????????????????????,Net Cash from Investing Activities,CF_INV_NET,Cash Flow,Investing Activities,Net Cash from Investing Activities,,total,Y,1,-163404949.4,2025??12??31??,CNY
BTL,CF,yoy,2025Q1,comparison,603596_BTL_2026_Q1_??????????.csv,??????????????????,??????????????????,Cash Received from Borrowings,CF_FIA_IN_CASH_RECE_BORR,Cash Flow,Financing Activities - Cash Inflows,Cash Received from Borrowings,,detail,N,1,69000000,2025??12??31??,CNY
BTL,CF,yoy,2025Q1,comparison,603596_BTL_2026_Q1_??????????.csv,????????????????????,????????????????????,Financing Cash Inflows Subtotal,CF_FIA_TOTAL_FINA_CASH_INFL_SUBT,Cash Flow,Financing Activities,Cash Inflows Subtotal,,total,Y,1,69000000,2025??12??31??,CNY
BTL,CF,yoy,2025Q1,comparison,603596_BTL_2026_Q1_??????????.csv,???????????????????????????? ??????,??????????????????????????????????,"Cash Paid for Dividends, Profit Distribution or Interest",CF_FIA_OUT_CASH_PAID_DIVI_PROF,Cash Flow,Financing Activities - Cash Outflows,"Cash Paid for Dividends, Profit Distribution or Interest",,detail,N,-1,1224684.11,2025??12??31??,CNY
BTL,CF,yoy,2025Q1,comparison,603596_BTL_2026_Q1_??????????.csv,????????????????????????????,????????????????????????????,Other Cash Paid for Financing Activities,CF_FIA_OUT_OTHE_CASH_PAID_FINA,Cash Flow,Financing Activities - Cash Outflows,Other Cash Paid for Financing Activities,,detail,N,-1,15273353.98,2025??12??31??,CNY
BTL,CF,yoy,2025Q1,comparison,603596_BTL_2026_Q1_??????????.csv,????????????????????,????????????????????,Financing Cash Outflows Subtotal,CF_FIA_TOTAL_FINA_CASH_OUTF_SUBT,Cash Flow,Financing Activities,Cash Outflows Subtotal,,total,Y,1,16498038.09,2025??12??31??,CNY
BTL,CF,yoy,2025Q1,comparison,603596_BTL_2026_Q1_??????????.csv,???????????????????????? ??,??????????????????????????,Net Cash from Financing Activities,CF_FIN_NET,Cash Flow,Financing Activities,Net Cash from Financing Activities,,total,Y,1,52501961.91,2025??12??31??,CNY
BTL,CF,yoy,2025Q1,comparison,603596_BTL_2026_Q1_??????????.csv,?????????????????????????????? ??????,????????????????????????????????,FX Impact on Cash and Cash Equivalents,CF_FX_HDR,Cash Flow,FX,Section Header,,header,N,0,-1221065.13,2025??12??31??,CNY
BTL,CF,yoy,2025Q1,comparison,603596_BTL_2026_Q1_??????????.csv,????????????????????????????,????????????????????????,Net Increase in Cash and Cash Equivalents,CF_NET_CASH_CHANGE,Cash Flow,Net Cash Change,Section Header,,header,N,0,-69828956.44,2025??12??31??,CNY
BTL,CF,yoy,2025Q1,comparison,603596_BTL_2026_Q1_??????????.csv,??:????????????????????????,????????????????????????,Opening Cash and Cash Equivalents,CF_OPENING_CASH_BAL,Cash Flow,Cash Balance,Opening Cash and Cash Equivalents,,detail,N,1,2005419904,2025??12??31??,CNY
BTL,CF,yoy,2025Q1,comparison,603596_BTL_2026_Q1_??????????.csv,????????????????????????????,????????????????????????,Ending Cash and Cash Equivalents,CF_ENDING_CASH_BAL,Cash Flow,Cash Balance,Section Header,,header,N,0,1935590947,2025??12??31??,CNY
